Year,Time series,Sex,Age group,Value
2010,At-risk-of-poverty or social exclusion,,,19.7
2011,At-risk-of-poverty or social exclusion,,,19.9
2012,At-risk-of-poverty or social exclusion,,,19.6
2013,At-risk-of-poverty or social exclusion,,,20.3
2014,At-risk-of-poverty or social exclusion,,,20.6
2015,At-risk-of-poverty or social exclusion,,,20.0
2016,At-risk-of-poverty or social exclusion,,,19.7
2017,At-risk-of-poverty or social exclusion,,,19.0
2018,At-risk-of-poverty or social exclusion,,,18.7
2010,At-risk-of-poverty or social exclusion,Female,,20.9
2011,At-risk-of-poverty or social exclusion,Female,,21.3
2012,At-risk-of-poverty or social exclusion,Female,,21.1
2013,At-risk-of-poverty or social exclusion,Female,,21.9
2014,At-risk-of-poverty or social exclusion,Female,,21.8
2015,At-risk-of-poverty or social exclusion,Female,,21.1
2016,At-risk-of-poverty or social exclusion,Female,,21.2
2017,At-risk-of-poverty or social exclusion,Female,,20.3
2018,At-risk-of-poverty or social exclusion,Female,,19.8
2010,At-risk-of-poverty or social exclusion,Male,,18.6
2011,At-risk-of-poverty or social exclusion,Male,,18.5
2012,At-risk-of-poverty or social exclusion,Male,,18.1
2013,At-risk-of-poverty or social exclusion,Male,,18.8
2014,At-risk-of-poverty or social exclusion,Male,,19.5
2015,At-risk-of-poverty or social exclusion,Male,,18.8
2016,At-risk-of-poverty or social exclusion,Male,,18.1
2017,At-risk-of-poverty or social exclusion,Male,,17.6
2018,At-risk-of-poverty or social exclusion,Male,,17.6
2010,At-risk-of-poverty or social exclusion,,17 years and under,21.7
2011,At-risk-of-poverty or social exclusion,,17 years and under,19.9
2012,At-risk-of-poverty or social exclusion,,17 years and under,18.4
2013,At-risk-of-poverty or social exclusion,,17 years and under,19.4
2014,At-risk-of-poverty or social exclusion,,17 years and under,19.6
2015,At-risk-of-poverty or social exclusion,,17 years and under,18.5
2016,At-risk-of-poverty or social exclusion,,17 years and under,19.3
2017,At-risk-of-poverty or social exclusion,,17 years and under,18.0
2018,At-risk-of-poverty or social exclusion,,17 years and under,17.3
2010,At-risk-of-poverty or social exclusion,,18 to under 65 years old,20.8
2011,At-risk-of-poverty or social exclusion,,18 to under 65 years old,21.3
2012,At-risk-of-poverty or social exclusion,,18 to under 65 years old,21.2
2013,At-risk-of-poverty or social exclusion,,18 to under 65 years old,22.0
2014,At-risk-of-poverty or social exclusion,,18 to under 65 years old,22.0
2015,At-risk-of-poverty or social exclusion,,18 to under 65 years old,21.3
2016,At-risk-of-poverty or social exclusion,,18 to under 65 years old,20.2
2017,At-risk-of-poverty or social exclusion,,18 to under 65 years old,19.6
2018,At-risk-of-poverty or social exclusion,,18 to under 65 years old,19.0
2010,At-risk-of-poverty or social exclusion,,65 years and over,14.8
2011,At-risk-of-poverty or social exclusion,,65 years and over,15.3
2012,At-risk-of-poverty or social exclusion,,65 years and over,15.8
2013,At-risk-of-poverty or social exclusion,,65 years and over,16.0
2014,At-risk-of-poverty or social exclusion,,65 years and over,17.4
2015,At-risk-of-poverty or social exclusion,,65 years and over,17.2
2016,At-risk-of-poverty or social exclusion,,65 years and over,18.3
2017,At-risk-of-poverty or social exclusion,,65 years and over,17.7
2018,At-risk-of-poverty or social exclusion,,65 years and over,19.0
2010,Extensive material deprivation,,,4.5
2011,Extensive material deprivation,,,5.3
2012,Extensive material deprivation,,,4.9
2013,Extensive material deprivation,,,5.4
2014,Extensive material deprivation,,,5.0
2015,Extensive material deprivation,,,4.4
2016,Extensive material deprivation,,,3.7
2017,Extensive material deprivation,,,3.4
2018,Extensive material deprivation,,,3.1
