Year,Time series,Value
2010,Cities with a legally required direct participation of civil society in urban planning and management,100
2011,Cities with a legally required direct participation of civil society in urban planning and management,100
2012,Cities with a legally required direct participation of civil society in urban planning and management,100
2013,Cities with a legally required direct participation of civil society in urban planning and management,100
2014,Cities with a legally required direct participation of civil society in urban planning and management,100
2015,Cities with a legally required direct participation of civil society in urban planning and management,100
2016,Cities with a legally required direct participation of civil society in urban planning and management,100
2017,Cities with a legally required direct participation of civil society in urban planning and management,100
2018,Cities with a legally required direct participation of civil society in urban planning and management,100
