Year,Units,Type of waste,Value
2010,Recycling rate (%),Municipal waste,62.5
2011,Recycling rate (%),Municipal waste,63.0
2012,Recycling rate (%),Municipal waste,65.2
2013,Recycling rate (%),Municipal waste,63.8
2014,Recycling rate (%),Municipal waste,65.6
2015,Recycling rate (%),Municipal waste,66.7
2016,Recycling rate (%),Municipal waste,67.1
2017,Recycling rate (%),Municipal waste,67.2
2010,Recycled waste (1 000 t),Municipal waste,30774.0
2011,Recycled waste (1 000 t),Municipal waste,31633.0
2012,Recycled waste (1 000 t),Municipal waste,32460.0
2013,Recycled waste (1 000 t),Municipal waste,31629.0
2014,Recycled waste (1 000 t),Municipal waste,33544.0
2015,Recycled waste (1 000 t),Municipal waste,34453.0
2016,Recycled waste (1 000 t),Municipal waste,34958.0
2017,Recycled waste (1 000 t),Municipal waste,34783.0
2010,Recycling rate (%),Total waste,69.0
2011,Recycling rate (%),Total waste,69.1
2012,Recycling rate (%),Total waste,69.7
2013,Recycling rate (%),Total waste,68.8
2014,Recycling rate (%),Total waste,68.9
2015,Recycling rate (%),Total waste,68.3
2016,Recycling rate (%),Total waste,69.9
2017,Recycling rate (%),Total waste,69.1
2010,Recycled waste (1 000 t),Total waste,257350.0
2011,Recycled waste (1 000 t),Total waste,267105.0
2012,Recycled waste (1 000 t),Total waste,265363.0
2013,Recycled waste (1 000 t),Total waste,265552.0
2014,Recycled waste (1 000 t),Total waste,276265.0
2015,Recycled waste (1 000 t),Total waste,274619.0
2016,Recycled waste (1 000 t),Total waste,287631.0
2017,Recycled waste (1 000 t),Total waste,284847.0
