Year,Time series,Value
2010,oda (commitments) for biodiversity,571.6
2011,oda (commitments) for biodiversity,1125.7
2012,oda (commitments) for biodiversity,954.5
2013,oda (commitments) for biodiversity,934.5
2014,oda (commitments) for biodiversity,1126.9
2015,oda (commitments) for biodiversity,1255.2
2016,oda (commitments) for biodiversity,1184.6
2017,oda (commitments) for biodiversity,1863.5
2018,oda (commitments) for biodiversity,1545.1
2019,oda (commitments) for biodiversity,2228.3
2010,oda (gross disbursements) for biodiversity,413.1
2011,oda (gross disbursements) for biodiversity,565.2
2012,oda (gross disbursements) for biodiversity,760.3
2013,oda (gross disbursements) for biodiversity,764.1
2014,oda (gross disbursements) for biodiversity,854.7
2015,oda (gross disbursements) for biodiversity,820.9
2016,oda (gross disbursements) for biodiversity,1102.3
2017,oda (gross disbursements) for biodiversity,1537.0
2018,oda (gross disbursements) for biodiversity,1391.7
2019,oda (gross disbursements) for biodiversity,1623.1
2010,oda (gross disbursements) to the forestry sector,63.0
2011,oda (gross disbursements) to the forestry sector,59.0
2012,oda (gross disbursements) to the forestry sector,97.3
2013,oda (gross disbursements) to the forestry sector,89.1
2014,oda (gross disbursements) to the forestry sector,74.6
2015,oda (gross disbursements) to the forestry sector,74.6
2016,oda (gross disbursements) to the forestry sector,70.8
2017,oda (gross disbursements) to the forestry sector,80.2
2018,oda (gross disbursements) to the forestry sector,120.0
2019,oda (gross disbursements) to the forestry sector,120.6
