Year,Units,Sex,Age group,Form of exploitation,Value
2010,Per 100 000 inhabitants,,,,0.81
2011,Per 100 000 inhabitants,,,,0.84
2012,Per 100 000 inhabitants,,,,0.78
2013,Per 100 000 inhabitants,,,,0.75
2014,Per 100 000 inhabitants,,,,0.72
2015,Per 100 000 inhabitants,,,,0.57
2016,Per 100 000 inhabitants,,,,0.65
2017,Per 100 000 inhabitants,,,,0.81
2010,Per 100 000 inhabitants,,,Labour exploitation,0.05
2011,Per 100 000 inhabitants,,,Labour exploitation,0.04
2012,Per 100 000 inhabitants,,,Labour exploitation,0.02
2013,Per 100 000 inhabitants,,,Labour exploitation,0.08
2014,Per 100 000 inhabitants,,,Labour exploitation,0.03
2015,Per 100 000 inhabitants,,,Labour exploitation,0.07
2016,Per 100 000 inhabitants,,,Labour exploitation,0.06
2017,Per 100 000 inhabitants,,,Labour exploitation,0.22
2010,Per 100 000 inhabitants,,,Sexual exploitation,0.76
2011,Per 100 000 inhabitants,,,Sexual exploitation,0.8
2012,Per 100 000 inhabitants,,,Sexual exploitation,0.76
2013,Per 100 000 inhabitants,,,Sexual exploitation,0.67
2014,Per 100 000 inhabitants,,,Sexual exploitation,0.69
2015,Per 100 000 inhabitants,,,Sexual exploitation,0.51
2016,Per 100 000 inhabitants,,,Sexual exploitation,0.59
2017,Per 100 000 inhabitants,,,Sexual exploitation,0.59
2010,Number,,,,651.0
2011,Number,,,,672.0
2012,Number,,,,626.0
2013,Number,,,,603.0
2014,Number,,,,583.0
2015,Number,,,,470.0
2016,Number,,,,536.0
2017,Number,,,,669.0
2010,Number,,,Labour exploitation,41.0
2011,Number,,,Labour exploitation,32.0
2012,Number,,,Labour exploitation,14.0
2013,Number,,,Labour exploitation,61.0
2014,Number,,,Labour exploitation,26.0
2015,Number,,,Labour exploitation,54.0
2016,Number,,,Labour exploitation,48.0
2017,Number,,,Labour exploitation,180.0
2010,Number,Female,,Labour exploitation,10.0
2011,Number,Female,,Labour exploitation,24.0
2015,Number,Female,,Labour exploitation,10.0
2016,Number,Female,,Labour exploitation,14.0
2017,Number,Female,,Labour exploitation,25.0
2010,Number,Male,,Labour exploitation,31.0
2011,Number,Male,,Labour exploitation,8.0
2015,Number,Male,,Labour exploitation,44.0
2016,Number,Male,,Labour exploitation,34.0
2017,Number,Male,,Labour exploitation,155.0
2010,Number,,,Sexual exploitation,610.0
2011,Number,,,Sexual exploitation,640.0
2012,Number,,,Sexual exploitation,612.0
2013,Number,,,Sexual exploitation,542.0
2014,Number,,,Sexual exploitation,557.0
2015,Number,,,Sexual exploitation,416.0
2016,Number,,,Sexual exploitation,488.0
2017,Number,,,Sexual exploitation,489.0
2010,Number,Female,,Sexual exploitation,586.0
2011,Number,Female,,Sexual exploitation,602.0
2012,Number,Female,,Sexual exploitation,588.0
2013,Number,Female,,Sexual exploitation,520.0
2014,Number,Female,,Sexual exploitation,529.0
2015,Number,Female,,Sexual exploitation,399.0
2016,Number,Female,,Sexual exploitation,464.0
2017,Number,Female,,Sexual exploitation,484.0
2010,Number,Male,,Sexual exploitation,24.0
2011,Number,Male,,Sexual exploitation,38.0
2012,Number,Male,,Sexual exploitation,24.0
2013,Number,Male,,Sexual exploitation,22.0
2014,Number,Male,,Sexual exploitation,28.0
2015,Number,Male,,Sexual exploitation,17.0
2016,Number,Male,,Sexual exploitation,24.0
2017,Number,Male,,Sexual exploitation,5.0
2010,Number,,13 years and younger,Sexual exploitation,8.0
2011,Number,,13 years and younger,Sexual exploitation,13.0
2012,Number,,13 years and younger,Sexual exploitation,12.0
2013,Number,,13 years and younger,Sexual exploitation,9.0
2014,Number,,13 years and younger,Sexual exploitation,5.0
2015,Number,,13 years and younger,Sexual exploitation,6.0
2016,Number,,13 years and younger,Sexual exploitation,12.0
2017,Number,,13 years and younger,Sexual exploitation,16.0
2010,Number,,14 to under 18 years old,Sexual exploitation,79.0
2011,Number,,14 to under 18 years old,Sexual exploitation,77.0
2012,Number,,14 to under 18 years old,Sexual exploitation,88.0
2013,Number,,14 to under 18 years old,Sexual exploitation,61.0
2014,Number,,14 to under 18 years old,Sexual exploitation,52.0
2015,Number,,14 to under 18 years old,Sexual exploitation,71.0
2016,Number,,14 to under 18 years old,Sexual exploitation,84.0
2017,Number,,14 to under 18 years old,Sexual exploitation,46.0
2010,Number,,18 to under 21 years old,Sexual exploitation,254.0
2011,Number,,18 to under 21 years old,Sexual exploitation,269.0
2012,Number,,18 to under 21 years old,Sexual exploitation,223.0
2013,Number,,18 to under 21 years old,Sexual exploitation,209.0
2014,Number,,18 to under 21 years old,Sexual exploitation,209.0
2015,Number,,18 to under 21 years old,Sexual exploitation,148.0
2016,Number,,18 to under 21 years old,Sexual exploitation,118.0
2017,Number,,18 to under 21 years old,Sexual exploitation,157.0
2010,Number,,21 to under 25 years old,Sexual exploitation,127.0
2011,Number,,21 to under 25 years old,Sexual exploitation,135.0
2012,Number,,21 to under 25 years old,Sexual exploitation,123.0
2013,Number,,21 to under 25 years old,Sexual exploitation,111.0
2014,Number,,21 to under 25 years old,Sexual exploitation,115.0
2015,Number,,21 to under 25 years old,Sexual exploitation,68.0
2016,Number,,21 to under 25 years old,Sexual exploitation,109.0
2017,Number,,21 to under 25 years old,Sexual exploitation,110.0
2010,Number,,25 years old and over,Sexual exploitation,134.0
2011,Number,,25 years old and over,Sexual exploitation,133.0
2012,Number,,25 years old and over,Sexual exploitation,156.0
2013,Number,,25 years old and over,Sexual exploitation,142.0
2014,Number,,25 years old and over,Sexual exploitation,164.0
2015,Number,,25 years old and over,Sexual exploitation,98.0
2016,Number,,25 years old and over,Sexual exploitation,142.0
2017,Number,,25 years old and over,Sexual exploitation,149.0
2010,Number,,Unknown age,Sexual exploitation,8.0
2011,Number,,Unknown age,Sexual exploitation,13.0
2012,Number,,Unknown age,Sexual exploitation,10.0
2013,Number,,Unknown age,Sexual exploitation,10.0
2014,Number,,Unknown age,Sexual exploitation,12.0
2015,Number,,Unknown age,Sexual exploitation,25.0
2016,Number,,Unknown age,Sexual exploitation,23.0
2017,Number,,Unknown age,Sexual exploitation,11.0
