Year,Time series,Value
2010,Children under 5 years of age whose births have been registered with a civil authority,100.0
2011,Children under 5 years of age whose births have been registered with a civil authority,100.0
2012,Children under 5 years of age whose births have been registered with a civil authority,100.0
2013,Children under 5 years of age whose births have been registered with a civil authority,100.0
2014,Children under 5 years of age whose births have been registered with a civil authority,100.0
2015,Children under 5 years of age whose births have been registered with a civil authority,100.0
2016,Children under 5 years of age whose births have been registered with a civil authority,100.0
2017,Children under 5 years of age whose births have been registered with a civil authority,100.0
2018,Children under 5 years of age whose births have been registered with a civil authority,100.0
