Year,Time series,Value
2010,Proportion of domestic expenditures funded by national taxes,45.3
2011,Proportion of domestic expenditures funded by national taxes,49.4
2012,Proportion of domestic expenditures funded by national taxes,50.9
2013,Proportion of domestic expenditures funded by national taxes,51.2
2014,Proportion of domestic expenditures funded by national taxes,51.5
2015,Proportion of domestic expenditures funded by national taxes,52.3
2016,Proportion of domestic expenditures funded by national taxes,52.7
2017,Proportion of domestic expenditures funded by national taxes,53.2
2018,Proportion of domestic expenditures funded by national taxes,53.7
2019,Proportion of domestic expenditures funded by national taxes,52.9
2020,Proportion of domestic expenditures funded by national taxes,45.2
2021,Proportion of domestic expenditures funded by national taxes,46.7
2010,Proportion of domestic expenditures funded by national taxes and insurance contributions,79.9
2011,Proportion of domestic expenditures funded by national taxes and insurance contributions,85.7
2012,Proportion of domestic expenditures funded by national taxes and insurance contributions,87.8
2013,Proportion of domestic expenditures funded by national taxes and insurance contributions,88.0
2014,Proportion of domestic expenditures funded by national taxes and insurance contributions,88.7
2015,Proportion of domestic expenditures funded by national taxes and insurance contributions,89.8
2016,Proportion of domestic expenditures funded by national taxes and insurance contributions,90.4
2017,Proportion of domestic expenditures funded by national taxes and insurance contributions,91.2
2018,Proportion of domestic expenditures funded by national taxes and insurance contributions,92.0
2019,Proportion of domestic expenditures funded by national taxes and insurance contributions,91.2
2020,Proportion of domestic expenditures funded by national taxes and insurance contributions,80.7
2021,Proportion of domestic expenditures funded by national taxes and insurance contributions,82.1
