Year,Units,Time series,Value
2011,Number,At least one population and housing census in the last 10 years conducted,1
2012,Number,At least one population and housing census in the last 10 years conducted,1
2013,Number,At least one population and housing census in the last 10 years conducted,1
2014,Number,At least one population and housing census in the last 10 years conducted,1
2015,Number,At least one population and housing census in the last 10 years conducted,1
2016,Number,At least one population and housing census in the last 10 years conducted,1
2017,Number,At least one population and housing census in the last 10 years conducted,1
2018,Number,At least one population and housing census in the last 10 years conducted,1
2010,Percentage (%),Birth registration,100
2011,Percentage (%),Birth registration,100
2012,Percentage (%),Birth registration,100
2013,Percentage (%),Birth registration,100
2014,Percentage (%),Birth registration,100
2015,Percentage (%),Birth registration,100
2016,Percentage (%),Birth registration,100
2017,Percentage (%),Birth registration,100
2018,Percentage (%),Birth registration,100
2010,Percentage (%),Death registration,100
2011,Percentage (%),Death registration,100
2012,Percentage (%),Death registration,100
2013,Percentage (%),Death registration,100
2014,Percentage (%),Death registration,100
2015,Percentage (%),Death registration,100
2016,Percentage (%),Death registration,100
2017,Percentage (%),Death registration,100
2018,Percentage (%),Death registration,100
