Year,Units,Time series,Value
2010,Percentage (%),Annual growth rate of real GDP,4.1
2011,Percentage (%),Annual growth rate of real GDP,3.7
2012,Percentage (%),Annual growth rate of real GDP,0.5
2013,Percentage (%),Annual growth rate of real GDP,0.5
2014,Percentage (%),Annual growth rate of real GDP,2.2
2015,Percentage (%),Annual growth rate of real GDP,1.7
2016,Percentage (%),Annual growth rate of real GDP,2.2
2017,Percentage (%),Annual growth rate of real GDP,2.2
2018,Percentage (%),Annual growth rate of real GDP,1.4
2010,Billions of euros (bn €),Available income of private households,1561.7
2011,Billions of euros (bn €),Available income of private households,1608.3
2012,Billions of euros (bn €),Available income of private households,1647.7
2013,Billions of euros (bn €),Available income of private households,1669.7
2014,Billions of euros (bn €),Available income of private households,1711.3
2015,Billions of euros (bn €),Available income of private households,1755.2
2016,Billions of euros (bn €),Available income of private households,1807.7
2017,Billions of euros (bn €),Available income of private households,1869.9
2018,Billions of euros (bn €),Available income of private households,1930.0
2010,Billions of euros (bn €),Consumption by private households,1407.0
2011,Billions of euros (bn €),Consumption by private households,1454.0
2012,Billions of euros (bn €),Consumption by private households,1494.7
2013,Billions of euros (bn €),Consumption by private households,1512.6
2014,Billions of euros (bn €),Consumption by private households,1541.3
2015,Billions of euros (bn €),Consumption by private households,1578.3
2016,Billions of euros (bn €),Consumption by private households,1622.1
2017,Billions of euros (bn €),Consumption by private households,1676.6
2018,Billions of euros (bn €),Consumption by private households,1717.3
2010,Billions of euros (bn €),Debt level of the total public budget,2011.7
2011,Billions of euros (bn €),Debt level of the total public budget,2025.4
2012,Billions of euros (bn €),Debt level of the total public budget,2068.3
2013,Billions of euros (bn €),Debt level of the total public budget,2043.3
2014,Billions of euros (bn €),Debt level of the total public budget,2043.9
2015,Billions of euros (bn €),Debt level of the total public budget,2020.7
2016,Billions of euros (bn €),Debt level of the total public budget,2009.3
2017,Billions of euros (bn €),Debt level of the total public budget,1967.4
2010,Billions of euros (bn €),Government fiscal balance,-108.9
2011,Billions of euros (bn €),Government fiscal balance,-25.9
2012,Billions of euros (bn €),Government fiscal balance,-0.9
2013,Billions of euros (bn €),Government fiscal balance,-4.0
2014,Billions of euros (bn €),Government fiscal balance,16.7
2015,Billions of euros (bn €),Government fiscal balance,23.9
2016,Billions of euros (bn €),Government fiscal balance,28.7
2017,Billions of euros (bn €),Government fiscal balance,34.0
2018,Billions of euros (bn €),Government fiscal balance,57.3
2010,Billions of euros (bn €),gross fixed capital formation,501.4
2011,Billions of euros (bn €),gross fixed capital formation,547.8
2012,Billions of euros (bn €),gross fixed capital formation,554.7
2013,Billions of euros (bn €),gross fixed capital formation,556.8
2014,Billions of euros (bn €),gross fixed capital formation,587.5
2015,Billions of euros (bn €),gross fixed capital formation,605.5
2016,Billions of euros (bn €),gross fixed capital formation,634.0
2017,Billions of euros (bn €),gross fixed capital formation,665.7
2018,Billions of euros (bn €),gross fixed capital formation,703.4
2010,Mn h,Hours worked by employees,47845.0
2011,Mn h,Hours worked by employees,48665.0
2012,Mn h,Hours worked by employees,48776.0
2013,Mn h,Hours worked by employees,48890.0
2014,Mn h,Hours worked by employees,49703.0
2015,Mn h,Hours worked by employees,50454.0
2016,Mn h,Hours worked by employees,51013.0
2017,Mn h,Hours worked by employees,51949.0
2018,Mn h,Hours worked by employees,53002.0
2010,Mn h,Hours worked by persons employed,57013.0
2011,Mn h,Hours worked by persons employed,57909.0
2012,Mn h,Hours worked by persons employed,57835.0
2013,Mn h,Hours worked by persons employed,57668.0
2014,Mn h,Hours worked by persons employed,58327.0
2015,Mn h,Hours worked by persons employed,58997.0
2016,Mn h,Hours worked by persons employed,59477.0
2017,Mn h,Hours worked by persons employed,60222.0
2018,Mn h,Hours worked by persons employed,61086.0
2010,2010 = 100,Labour productivity per hour worked by employee,100.0
2011,2010 = 100,Labour productivity per hour worked by employee,101.9
2012,2010 = 100,Labour productivity per hour worked by employee,102.2
2013,2010 = 100,Labour productivity per hour worked by employee,102.4
2014,2010 = 100,Labour productivity per hour worked by employee,103.0
2015,2010 = 100,Labour productivity per hour worked by employee,103.2
2016,2010 = 100,Labour productivity per hour worked by employee,104.4
2017,2010 = 100,Labour productivity per hour worked by employee,104.7
2018,2010 = 100,Labour productivity per hour worked by employee,104.1
2010,2010 = 100,Labour productivity per hour worked by persons employed,100.0
2011,2010 = 100,Labour productivity per hour worked by persons employed,102.1
2012,2010 = 100,Labour productivity per hour worked by persons employed,102.7
2013,2010 = 100,Labour productivity per hour worked by persons employed,103.5
2014,2010 = 100,Labour productivity per hour worked by persons employed,104.6
2015,2010 = 100,Labour productivity per hour worked by persons employed,105.2
2016,2010 = 100,Labour productivity per hour worked by persons employed,106.7
2017,2010 = 100,Labour productivity per hour worked by persons employed,107.6
2018,2010 = 100,Labour productivity per hour worked by persons employed,107.6
2010,1 000,Persons employed,41020.0
2011,1 000,Persons employed,41577.0
2012,1 000,Persons employed,42061.0
2013,1 000,Persons employed,42319.0
2014,1 000,Persons employed,42671.0
2015,1 000,Persons employed,43071.0
2016,1 000,Persons employed,43642.0
2017,1 000,Persons employed,44269.0
2018,1 000,Persons employed,44841.0
2010,2010 = 100,Real GDP per capita,100.0
2011,2010 = 100,Real GDP per capita,103.7
2012,2010 = 100,Real GDP per capita,104.0
2013,2010 = 100,Real GDP per capita,104.2
2014,2010 = 100,Real GDP per capita,106.0
2015,2010 = 100,Real GDP per capita,107.0
2016,2010 = 100,Real GDP per capita,108.5
2017,2010 = 100,Real GDP per capita,110.4
2018,2010 = 100,Real GDP per capita,111.6
2010,Billions of euros (bn €),Trade balance,134.1
2011,Billions of euros (bn €),Trade balance,132.1
2012,Billions of euros (bn €),Trade balance,168.0
2013,Billions of euros (bn €),Trade balance,168.4
2014,Billions of euros (bn €),Trade balance,203.5
2015,Billions of euros (bn €),Trade balance,244.1
2016,Billions of euros (bn €),Trade balance,247.5
2017,Billions of euros (bn €),Trade balance,247.8
2018,Billions of euros (bn €),Trade balance,229.2
