Year,Age group,Value
2010,11 month and under,3.4
2011,11 month and under,3.6
2012,11 month and under,3.3
2013,11 month and under,3.3
2014,11 month and under,3.2
2015,11 month and under,3.3
2016,11 month and under,3.4
2017,11 month and under,3.3
2018,11 month and under,3.2
2019,11 month and under,3.2
2010,4 years and under,4.1
2011,4 years and under,4.3
2012,4 years and under,3.9
2013,4 years and under,3.9
2014,4 years and under,3.8
2015,4 years and under,3.9
2016,4 years and under,4.0
2017,4 years and under,3.8
