Year,Substance,Bound,Sex,COMMENT_OBS_0,Series,Value
2010,Drugs,,,,Inpatient treatment of substance use disorders,37107
2011,Drugs,,,,Inpatient treatment of substance use disorders,36848
2012,Drugs,,,,Inpatient treatment of substance use disorders,36166
2013,Drugs,,,,Inpatient treatment of substance use disorders,40556
2014,Drugs,,,,Inpatient treatment of substance use disorders,49795
2015,Drugs,,,,Inpatient treatment of substance use disorders,51919
2016,Drugs,,,,Inpatient treatment of substance use disorders,52621
2017,Drugs,,,,Inpatient treatment of substance use disorders,51806
2018,Drugs,,,,Inpatient treatment of substance use disorders,52380
2019,Drugs,,,,Inpatient treatment of substance use disorders,53490
2020,Drugs,,,,Inpatient treatment of substance use disorders,47082
2021,Drugs,,,,Inpatient treatment of substance use disorders,46736
2022,Drugs,,,,Inpatient treatment of substance use disorders,45447
2010,Drugs,,Female,,Inpatient treatment of substance use disorders,10451
2011,Drugs,,Female,,Inpatient treatment of substance use disorders,10607
2012,Drugs,,Female,,Inpatient treatment of substance use disorders,10600
2013,Drugs,,Female,,Inpatient treatment of substance use disorders,11290
2014,Drugs,,Female,,Inpatient treatment of substance use disorders,13280
2015,Drugs,,Female,,Inpatient treatment of substance use disorders,13230
2016,Drugs,,Female,,Inpatient treatment of substance use disorders,13303
2017,Drugs,,Female,,Inpatient treatment of substance use disorders,12881
2018,Drugs,,Female,,Inpatient treatment of substance use disorders,12858
2019,Drugs,,Female,,Inpatient treatment of substance use disorders,12921
2020,Drugs,,Female,,Inpatient treatment of substance use disorders,11381
2021,Drugs,,Female,,Inpatient treatment of substance use disorders,11382
2022,Drugs,,Female,,Inpatient treatment of substance use disorders,10846
2010,Drugs,,Male,,Inpatient treatment of substance use disorders,26656
2011,Drugs,,Male,,Inpatient treatment of substance use disorders,26241
2012,Drugs,,Male,,Inpatient treatment of substance use disorders,25566
2013,Drugs,,Male,,Inpatient treatment of substance use disorders,29266
2014,Drugs,,Male,,Inpatient treatment of substance use disorders,36515
2015,Drugs,,Male,,Inpatient treatment of substance use disorders,38689
2016,Drugs,,Male,,Inpatient treatment of substance use disorders,39318
2017,Drugs,,Male,,Inpatient treatment of substance use disorders,38925
2018,Drugs,,Male,,Inpatient treatment of substance use disorders,39522
2019,Drugs,,Male,,Inpatient treatment of substance use disorders,40569
2020,Drugs,,Male,,Inpatient treatment of substance use disorders,35701
2021,Drugs,,Male,,Inpatient treatment of substance use disorders,35354
2022,Drugs,,Male,,Inpatient treatment of substance use disorders,34601
2010,Drugs,,Unknown,-,Inpatient treatment of substance use disorders,0
2011,Drugs,,Unknown,-,Inpatient treatment of substance use disorders,0
2012,Drugs,,Unknown,-,Inpatient treatment of substance use disorders,0
2013,Drugs,,Unknown,-,Inpatient treatment of substance use disorders,0
2014,Drugs,,Unknown,-,Inpatient treatment of substance use disorders,0
2015,Drugs,,Unknown,-,Inpatient treatment of substance use disorders,0
2016,Drugs,,Unknown,-,Inpatient treatment of substance use disorders,0
2017,Drugs,,Unknown,-,Inpatient treatment of substance use disorders,0
2018,Drugs,,Unknown,-,Inpatient treatment of substance use disorders,0
2019,Drugs,,Unknown,-,Inpatient treatment of substance use disorders,0
2020,Drugs,,Unknown,-,Inpatient treatment of substance use disorders,0
2021,Drugs,,Unknown,-,Inpatient treatment of substance use disorders,0
2022,Drugs,,Unknown,-,Inpatient treatment of substance use disorders,0
2010,Alcohol and other psychoactive substances,,,,Inpatient treatment of substance use disorders,191512
2011,Alcohol and other psychoactive substances,,,,Inpatient treatment of substance use disorders,192159
2012,Alcohol and other psychoactive substances,,,,Inpatient treatment of substance use disorders,195976
2013,Alcohol and other psychoactive substances,,,,Inpatient treatment of substance use disorders,194412
2014,Alcohol and other psychoactive substances,,,,Inpatient treatment of substance use disorders,185305
2015,Alcohol and other psychoactive substances,,,,Inpatient treatment of substance use disorders,176185
2016,Alcohol and other psychoactive substances,,,,Inpatient treatment of substance use disorders,170467
2017,Alcohol and other psychoactive substances,,,,Inpatient treatment of substance use disorders,165834
2018,Alcohol and other psychoactive substances,,,,Inpatient treatment of substance use disorders,161247
2019,Alcohol and other psychoactive substances,,,,Inpatient treatment of substance use disorders,159421
2020,Alcohol and other psychoactive substances,,,,Inpatient treatment of substance use disorders,139044
2021,Alcohol and other psychoactive substances,,,,Inpatient treatment of substance use disorders,138033
2022,Alcohol and other psychoactive substances,,,,Inpatient treatment of substance use disorders,139542
2010,Alcohol and other psychoactive substances,,Female,,Inpatient treatment of substance use disorders,49139
2011,Alcohol and other psychoactive substances,,Female,,Inpatient treatment of substance use disorders,50796
2012,Alcohol and other psychoactive substances,,Female,,Inpatient treatment of substance use disorders,52487
2013,Alcohol and other psychoactive substances,,Female,,Inpatient treatment of substance use disorders,51211
2014,Alcohol and other psychoactive substances,,Female,,Inpatient treatment of substance use disorders,49460
2015,Alcohol and other psychoactive substances,,Female,,Inpatient treatment of substance use disorders,46377
2016,Alcohol and other psychoactive substances,,Female,,Inpatient treatment of substance use disorders,44589
2017,Alcohol and other psychoactive substances,,Female,,Inpatient treatment of substance use disorders,43574
2018,Alcohol and other psychoactive substances,,Female,,Inpatient treatment of substance use disorders,42716
2019,Alcohol and other psychoactive substances,,Female,,Inpatient treatment of substance use disorders,42158
2020,Alcohol and other psychoactive substances,,Female,,Inpatient treatment of substance use disorders,36512
2021,Alcohol and other psychoactive substances,,Female,,Inpatient treatment of substance use disorders,37002
2022,Alcohol and other psychoactive substances,,Female,,Inpatient treatment of substance use disorders,37277
2010,Alcohol and other psychoactive substances,,Male,,Inpatient treatment of substance use disorders,142373
2011,Alcohol and other psychoactive substances,,Male,,Inpatient treatment of substance use disorders,141363
2012,Alcohol and other psychoactive substances,,Male,,Inpatient treatment of substance use disorders,143488
2013,Alcohol and other psychoactive substances,,Male,,Inpatient treatment of substance use disorders,143201
2014,Alcohol and other psychoactive substances,,Male,,Inpatient treatment of substance use disorders,135845
2015,Alcohol and other psychoactive substances,,Male,,Inpatient treatment of substance use disorders,129808
2016,Alcohol and other psychoactive substances,,Male,,Inpatient treatment of substance use disorders,125878
2017,Alcohol and other psychoactive substances,,Male,,Inpatient treatment of substance use disorders,122260
2018,Alcohol and other psychoactive substances,,Male,,Inpatient treatment of substance use disorders,118531
2019,Alcohol and other psychoactive substances,,Male,,Inpatient treatment of substance use disorders,117263
2020,Alcohol and other psychoactive substances,,Male,,Inpatient treatment of substance use disorders,102532
2021,Alcohol and other psychoactive substances,,Male,,Inpatient treatment of substance use disorders,101031
2022,Alcohol and other psychoactive substances,,Male,,Inpatient treatment of substance use disorders,102265
2010,Alcohol and other psychoactive substances,,Unknown,-,Inpatient treatment of substance use disorders,0
2011,Alcohol and other psychoactive substances,,Unknown,-,Inpatient treatment of substance use disorders,0
2012,Alcohol and other psychoactive substances,,Unknown,,Inpatient treatment of substance use disorders,1
2013,Alcohol and other psychoactive substances,,Unknown,-,Inpatient treatment of substance use disorders,0
2014,Alcohol and other psychoactive substances,,Unknown,-,Inpatient treatment of substance use disorders,0
2015,Alcohol and other psychoactive substances,,Unknown,-,Inpatient treatment of substance use disorders,0
2016,Alcohol and other psychoactive substances,,Unknown,-,Inpatient treatment of substance use disorders,0
2017,Alcohol and other psychoactive substances,,Unknown,-,Inpatient treatment of substance use disorders,0
2018,Alcohol and other psychoactive substances,,Unknown,-,Inpatient treatment of substance use disorders,0
2019,Alcohol and other psychoactive substances,,Unknown,-,Inpatient treatment of substance use disorders,0
2020,Alcohol and other psychoactive substances,,Unknown,-,Inpatient treatment of substance use disorders,0
2021,Alcohol and other psychoactive substances,,Unknown,-,Inpatient treatment of substance use disorders,0
2022,Alcohol and other psychoactive substances,,Unknown,-,Inpatient treatment of substance use disorders,0
2010,,Upper bound,,s,"Estimate of high risk use (based on treatment entrants) of the substances opioids, cocaine, and other stimulants in the age group 15 to under 65 years",255405
2011,,Upper bound,,s,"Estimate of high risk use (based on treatment entrants) of the substances opioids, cocaine, and other stimulants in the age group 15 to under 65 years",274374
2012,,Upper bound,,s,"Estimate of high risk use (based on treatment entrants) of the substances opioids, cocaine, and other stimulants in the age group 15 to under 65 years",259303
2013,,Upper bound,,s,"Estimate of high risk use (based on treatment entrants) of the substances opioids, cocaine, and other stimulants in the age group 15 to under 65 years",255830
2014,,Upper bound,,s,"Estimate of high risk use (based on treatment entrants) of the substances opioids, cocaine, and other stimulants in the age group 15 to under 65 years",273923
2015,,Upper bound,,s,"Estimate of high risk use (based on treatment entrants) of the substances opioids, cocaine, and other stimulants in the age group 15 to under 65 years",267747
2016,,Upper bound,,s,"Estimate of high risk use (based on treatment entrants) of the substances opioids, cocaine, and other stimulants in the age group 15 to under 65 years",267572
2017,,Upper bound,,s,"Estimate of high risk use (based on treatment entrants) of the substances opioids, cocaine, and other stimulants in the age group 15 to under 65 years",257949
2018,,Upper bound,,s,"Estimate of high risk use (based on treatment entrants) of the substances opioids, cocaine, and other stimulants in the age group 15 to under 65 years",243326
2019,,Upper bound,,s,"Estimate of high risk use (based on treatment entrants) of the substances opioids, cocaine, and other stimulants in the age group 15 to under 65 years",216660
2020,,Upper bound,,s,"Estimate of high risk use (based on treatment entrants) of the substances opioids, cocaine, and other stimulants in the age group 15 to under 65 years",215731
2021,,Upper bound,,s,"Estimate of high risk use (based on treatment entrants) of the substances opioids, cocaine, and other stimulants in the age group 15 to under 65 years",209453
2022,,Upper bound,,s,"Estimate of high risk use (based on treatment entrants) of the substances opioids, cocaine, and other stimulants in the age group 15 to under 65 years",197874
2010,,Lower bound,,s,"Estimate of high risk use (based on treatment entrants) of the substances opioids, cocaine, and other stimulants in the age group 15 to under 65 years",215078
2011,,Lower bound,,s,"Estimate of high risk use (based on treatment entrants) of the substances opioids, cocaine, and other stimulants in the age group 15 to under 65 years",231052
2012,,Lower bound,,s,"Estimate of high risk use (based on treatment entrants) of the substances opioids, cocaine, and other stimulants in the age group 15 to under 65 years",218360
2013,,Lower bound,,s,"Estimate of high risk use (based on treatment entrants) of the substances opioids, cocaine, and other stimulants in the age group 15 to under 65 years",215436
2014,,Lower bound,,s,"Estimate of high risk use (based on treatment entrants) of the substances opioids, cocaine, and other stimulants in the age group 15 to under 65 years",230672
2015,,Lower bound,,s,"Estimate of high risk use (based on treatment entrants) of the substances opioids, cocaine, and other stimulants in the age group 15 to under 65 years",225471
2016,,Lower bound,,s,"Estimate of high risk use (based on treatment entrants) of the substances opioids, cocaine, and other stimulants in the age group 15 to under 65 years",225324
2017,,Lower bound,,s,"Estimate of high risk use (based on treatment entrants) of the substances opioids, cocaine, and other stimulants in the age group 15 to under 65 years",217220
2018,,Lower bound,,s,"Estimate of high risk use (based on treatment entrants) of the substances opioids, cocaine, and other stimulants in the age group 15 to under 65 years",204906
2019,,Lower bound,,s,"Estimate of high risk use (based on treatment entrants) of the substances opioids, cocaine, and other stimulants in the age group 15 to under 65 years",182451
2020,,Lower bound,,s,"Estimate of high risk use (based on treatment entrants) of the substances opioids, cocaine, and other stimulants in the age group 15 to under 65 years",181668
2021,,Lower bound,,s,"Estimate of high risk use (based on treatment entrants) of the substances opioids, cocaine, and other stimulants in the age group 15 to under 65 years",176381
2022,,Lower bound,,s,"Estimate of high risk use (based on treatment entrants) of the substances opioids, cocaine, and other stimulants in the age group 15 to under 65 years",166631
