Year,Time series,Value
2010,Mortality rate due to unintentional poisoning,0.3
2011,Mortality rate due to unintentional poisoning,0.3
2012,Mortality rate due to unintentional poisoning,0.3
2013,Mortality rate due to unintentional poisoning,0.3
2014,Mortality rate due to unintentional poisoning,0.3
2015,Mortality rate due to unintentional poisoning,0.3
2016,Mortality rate due to unintentional poisoning,0.5
2017,Mortality rate due to unintentional poisoning,0.7
2018,Mortality rate due to unintentional poisoning,0.7
