Year,Type of disease,Value
2010,mortality rate attributed to protein-energy malnutrition,0.3
2011,mortality rate attributed to protein-energy malnutrition,0.3
2012,mortality rate attributed to protein-energy malnutrition,0.3
2013,mortality rate attributed to protein-energy malnutrition,0.3
2014,mortality rate attributed to protein-energy malnutrition,0.3
2015,mortality rate attributed to protein-energy malnutrition,0.5
2016,mortality rate attributed to protein-energy malnutrition,0.5
2017,mortality rate attributed to protein-energy malnutrition,0.7
2018,mortality rate attributed to protein-energy malnutrition,0.8
2010,mortality rate attributed to diarrhoea,3.6
2011,mortality rate attributed to diarrhoea,5.7
2012,mortality rate attributed to diarrhoea,6.9
2013,mortality rate attributed to diarrhoea,7.1
2014,mortality rate attributed to diarrhoea,6.3
2015,mortality rate attributed to diarrhoea,7.0
2016,mortality rate attributed to diarrhoea,5.7
2017,mortality rate attributed to diarrhoea,5.4
2018,mortality rate attributed to diarrhoea,5.1
2010,mortality rate attributed to intestinal nematode infections,0.0
2011,mortality rate attributed to intestinal nematode infections,0.0
2012,mortality rate attributed to intestinal nematode infections,0.0
2013,mortality rate attributed to intestinal nematode infections,0.0
2014,mortality rate attributed to intestinal nematode infections,0.0
2015,mortality rate attributed to intestinal nematode infections,0.0
2016,mortality rate attributed to intestinal nematode infections,0.0
2017,mortality rate attributed to intestinal nematode infections,0.0
2018,mortality rate attributed to intestinal nematode infections,0.0
