Year,Time series,Value
2010,ODA (gross disbursements) to medical research and basic health sectors,170.4
2011,ODA (gross disbursements) to medical research and basic health sectors,112.9
2012,ODA (gross disbursements) to medical research and basic health sectors,139.9
2013,ODA (gross disbursements) to medical research and basic health sectors,209.6
2014,ODA (gross disbursements) to medical research and basic health sectors,227.4
2015,ODA (gross disbursements) to medical research and basic health sectors,287.6
2016,ODA (gross disbursements) to medical research and basic health sectors,343.8
2017,ODA (gross disbursements) to medical research and basic health sectors,413.8
