Year,Antimicrobial-resistant organism,Value
2017,Escherichia coli with resistance to 3rd generation cephalosporins (e.g. ESBL- E. coli),
2018,Escherichia coli with resistance to 3rd generation cephalosporins (e.g. ESBL- E. coli),12.18
2019,Escherichia coli with resistance to 3rd generation cephalosporins (e.g. ESBL- E. coli),
2017,Methicillin-resistant Staphylococcus aureus (MRSA),
2018,Methicillin-resistant Staphylococcus aureus (MRSA),7.56
2019,Methicillin-resistant Staphylococcus aureus (MRSA),
