Year,Area of law,COMMENT_OBS_0,Value
2018,Area 1: Overarching legal frameworks and public life,,70
2020,Area 1: Overarching legal frameworks and public life,,70
2022,Area 1: Overarching legal frameworks and public life,|,70
2018,Area 2: Violence against women,,83
2020,Area 2: Violence against women,,83
2022,Area 2: Violence against women,|,100
2018,Area 3: Employment and economic benefit,,100
2020,Area 3: Employment and economic benefit,,100
2022,Area 3: Employment and economic benefit,|,100
2018,Area 4: Marriage and family,,100
2020,Area 4: Marriage and family,,100
2022,Area 4: Marriage and family,|,100
