Year,Units,COMMENT_OBS_0,Value
2010,Number,.,
2011,Number,.,
2012,Number,.,
2013,Number,.,
2014,Number,.,
2015,Number,.,
2016,Number,.,
2017,Number,.,
2018,Number,,3341.0
2019,Number,,3268.0
2020,Number,,3594.0
2021,Number,,3826.0
2022,Number,,4238.0
2023,Number,,4533.0
2010,Percentage,.,
2011,Percentage,.,
2012,Percentage,.,
2013,Percentage,.,
2014,Percentage,.,
2015,Percentage,.,
2016,Percentage,.,
2017,Percentage,.,
2018,Percentage,,0.01
2019,Percentage,,0.01
2020,Percentage,,0.01
2021,Percentage,,0.01
2022,Percentage,,0.01
2023,Percentage,,0.01
