Year,Level of waterstress,Value
2007,Share of withdrawal in renewable water resources,15.83
2010,Share of withdrawal in renewable water resources,17.3
2013,Share of withdrawal in renewable water resources,13.99
2016,Share of withdrawal in renewable water resources,15.47
2007,Share of withdrawal in renewable water resources (excluding cooling water),4.24
2010,Share of withdrawal in renewable water resources (excluding cooling water),4.65
2013,Share of withdrawal in renewable water resources (excluding cooling water),4.83
2016,Share of withdrawal in renewable water resources (excluding cooling water),5.52
