Year,Units,Time series,Value
2015,km²,Lakes and Rivers permanent water area,5636.0
2018,km²,Lakes and Rivers permanent water area,5666.0
2015,Percentage,Lakes and rivers permanent water area as a proportion of total land area,1.576
2018,Percentage,Lakes and rivers permanent water area as a proportion of total land area,1.585
2015,km²,Wetlands area,1547.0
2018,km²,Wetlands area,1558.0
2015,Percentage,Wetlands area as a proportion of total land area,0.433
2018,Percentage,Wetlands area as a proportion of total land area,0.436
2018,Percentage,lakes and rivers permanent water area change (compared to 2015),0.537
