Year,Time series,COMMENT_OBS_0,Value
2010,a) Branches of payment service providers,,57.9
2011,a) Branches of payment service providers,,57.0
2012,a) Branches of payment service providers,,54.7
2013,a) Branches of payment service providers,,54.3
2014,a) Branches of payment service providers,,52.8
2015,a) Branches of payment service providers,,47.8
2016,a) Branches of payment service providers,,44.9
2017,a) Branches of payment service providers,,42.2
2018,a) Branches of payment service providers,,39.0
2019,a) Branches of payment service providers,,37.3
2020,a) Branches of payment service providers,,33.8
2021,a) Branches of payment service providers,,32.8
2022,a) Branches of payment service providers,…,
2010,b) ATMs of national payment service providers,,118.9
2011,b) ATMs of national payment service providers,,120.9
2012,b) ATMs of national payment service providers,,118.3
2013,b) ATMs of national payment service providers,,118.0
2014,b) ATMs of national payment service providers,,123.1
2015,b) ATMs of national payment service providers,,121.6
2016,b) ATMs of national payment service providers,,132.2
2017,b) ATMs of national payment service providers,,118.8
2018,b) ATMs of national payment service providers,,119.9
2019,b) ATMs of national payment service providers,,119.0
2020,b) ATMs of national payment service providers,,116.8
2021,b) ATMs of national payment service providers,,113.1
2022,b) ATMs of national payment service providers,,109.0
