Year,Age group,Sex,Value
2010,13 years and younger,,11
2011,13 years and younger,,29
2012,13 years and younger,,19
2013,13 years and younger,,18
2014,13 years and younger,,22
2015,13 years and younger,,19
2016,13 years and younger,,36
2017,13 years and younger,,67
2018,13 years and younger,,18
2010,13 years and younger,Female,2
2011,13 years and younger,Female,13
2012,13 years and younger,Female,11
2013,13 years and younger,Female,6
2014,13 years and younger,Female,9
2015,13 years and younger,Female,7
2016,13 years and younger,Female,15
2017,13 years and younger,Female,16
2018,13 years and younger,Female,9
2010,13 years and younger,Male,9
2011,13 years and younger,Male,16
2012,13 years and younger,Male,8
2013,13 years and younger,Male,12
2014,13 years and younger,Male,13
2015,13 years and younger,Male,12
2016,13 years and younger,Male,21
2017,13 years and younger,Male,51
2018,13 years and younger,Male,9
2010,14 to under 18 years old,,108
2011,14 to under 18 years old,,95
2012,14 to under 18 years old,,96
2013,14 to under 18 years old,,92
2014,14 to under 18 years old,,76
2015,14 to under 18 years old,,87
2016,14 to under 18 years old,,111
2017,14 to under 18 years old,,53
2018,14 to under 18 years old,,112
2010,14 to under 18 years old,Female,97
2011,14 to under 18 years old,Female,82
2012,14 to under 18 years old,Female,88
2013,14 to under 18 years old,Female,79
2014,14 to under 18 years old,Female,66
2015,14 to under 18 years old,Female,80
2016,14 to under 18 years old,Female,100
2017,14 to under 18 years old,Female,49
2018,14 to under 18 years old,Female,96
2010,14 to under 18 years old,Male,11
2011,14 to under 18 years old,Male,13
2012,14 to under 18 years old,Male,8
2013,14 to under 18 years old,Male,13
2014,14 to under 18 years old,Male,10
2015,14 to under 18 years old,Male,7
2016,14 to under 18 years old,Male,11
2017,14 to under 18 years old,Male,4
2018,14 to under 18 years old,Male,16
2010,,,119
2011,,,124
2012,,,115
2013,,,110
2014,,,98
2015,,,106
2016,,,147
2017,,,120
2018,,,130
2010,,Female,99
2011,,Female,95
2012,,Female,99
2013,,Female,85
2014,,Female,75
2015,,Female,87
2016,,Female,115
2017,,Female,65
2018,,Female,105
2010,,Male,20
2011,,Male,29
2012,,Male,16
2013,,Male,25
2014,,Male,23
2015,,Male,19
2016,,Male,32
2017,,Male,55
2018,,Male,25
