Year,Units,Mode of transport,COMMENT_OBS_0,COMMENT_OBS_1,Series,Value
2010,Million passenger-kilometre,,,,Passenger transport,1117240
2011,Million passenger-kilometre,,,,Passenger transport,1131004
2012,Million passenger-kilometre,,,,Passenger transport,1135558
2013,Million passenger-kilometre,,,,Passenger transport,1143475
2014,Million passenger-kilometre,,,,Passenger transport,1162942
2015,Million passenger-kilometre,,,,Passenger transport,1180646
2016,Million passenger-kilometre,,,,Passenger transport,1204775
2017,Million passenger-kilometre,,,,Passenger transport,1155136
2018,Million passenger-kilometre,,,,Passenger transport,1161885
2019,Million passenger-kilometre,,,,Passenger transport,1170186
2020,Million passenger-kilometre,,r,,Passenger transport,921937
2021,Million passenger-kilometre,,,,Passenger transport,962304
2022,Million passenger-kilometre,,p,,Passenger transport,1065901
2010,Million passenger-kilometre,Road transport,,,Passenger transport,78092
2011,Million passenger-kilometre,Road transport,,,Passenger transport,77957
2012,Million passenger-kilometre,Road transport,,,Passenger transport,76019
2013,Million passenger-kilometre,Road transport,,,Passenger transport,76146
2014,Million passenger-kilometre,Road transport,,,Passenger transport,78786
2015,Million passenger-kilometre,Road transport,,,Passenger transport,81771
2016,Million passenger-kilometre,Road transport,,,Passenger transport,81445
2017,Million passenger-kilometre,Road transport,,,Passenger transport,79730
2018,Million passenger-kilometre,Road transport,,,Passenger transport,80103
2019,Million passenger-kilometre,Road transport,,,Passenger transport,78919
2020,Million passenger-kilometre,Road transport,,,Passenger transport,45741
2021,Million passenger-kilometre,Road transport,,,Passenger transport,45425
2022,Million passenger-kilometre,Road transport,,,Passenger transport,59861
2010,Million passenger-kilometre,Rail transport,,,Passenger transport,83886
2011,Million passenger-kilometre,Rail transport,,,Passenger transport,85414
2012,Million passenger-kilometre,Rail transport,,,Passenger transport,88795
2013,Million passenger-kilometre,Rail transport,,,Passenger transport,89615
2014,Million passenger-kilometre,Rail transport,,,Passenger transport,90976
2015,Million passenger-kilometre,Rail transport,,,Passenger transport,91603
2016,Million passenger-kilometre,Rail transport,,,Passenger transport,94196
2017,Million passenger-kilometre,Rail transport,,,Passenger transport,95530
2018,Million passenger-kilometre,Rail transport,,,Passenger transport,98061
2019,Million passenger-kilometre,Rail transport,,,Passenger transport,102026
2020,Million passenger-kilometre,Rail transport,,,Passenger transport,58823
2021,Million passenger-kilometre,Rail transport,,,Passenger transport,57553
2022,Million passenger-kilometre,Rail transport,,,Passenger transport,95158
2010,Million passenger-kilometre,Air transport,,,Passenger transport,52822
2011,Million passenger-kilometre,Air transport,,,Passenger transport,55215
2012,Million passenger-kilometre,Air transport,,,Passenger transport,56180
2013,Million passenger-kilometre,Air transport,,,Passenger transport,56294
2014,Million passenger-kilometre,Air transport,,,Passenger transport,58223
2015,Million passenger-kilometre,Air transport,,,Passenger transport,61543
2016,Million passenger-kilometre,Air transport,,,Passenger transport,63983
2017,Million passenger-kilometre,Air transport,,,Passenger transport,67523
2018,Million passenger-kilometre,Air transport,,,Passenger transport,70445
2019,Million passenger-kilometre,Air transport,,,Passenger transport,71841
2020,Million passenger-kilometre,Air transport,,,Passenger transport,18704
2021,Million passenger-kilometre,Air transport,,,Passenger transport,23378
2022,Million passenger-kilometre,Air transport,,,Passenger transport,48303
2010,Million passenger-kilometre,Motorised private transport,,,Passenger transport,902440
2011,Million passenger-kilometre,Motorised private transport,,,Passenger transport,912417
2012,Million passenger-kilometre,Motorised private transport,,,Passenger transport,914563
2013,Million passenger-kilometre,Motorised private transport,,,Passenger transport,921420
2014,Million passenger-kilometre,Motorised private transport,,,Passenger transport,934957
2015,Million passenger-kilometre,Motorised private transport,,,Passenger transport,945729
2016,Million passenger-kilometre,Motorised private transport,,,Passenger transport,965151
2017,Million passenger-kilometre,Motorised private transport,,,Passenger transport,912353
2018,Million passenger-kilometre,Motorised private transport,,,Passenger transport,913276
2019,Million passenger-kilometre,Motorised private transport,,,Passenger transport,917400
2020,Million passenger-kilometre,Motorised private transport,,,Passenger transport,798669
2021,Million passenger-kilometre,Motorised private transport,,,Passenger transport,835948
2022,Million passenger-kilometre,Motorised private transport,,,Passenger transport,862579
2010,Million tonne-kilometres,,,,Freight transport,627882
2011,Million tonne-kilometres,,r,,Freight transport,628047
2012,Million tonne-kilometres,,,,Freight transport,618179
2013,Million tonne-kilometres,,,,Freight transport,634973
2014,Million tonne-kilometres,,,,Freight transport,642604
2015,Million tonne-kilometres,,,,Freight transport,655708
2016,Million tonne-kilometres,,r,,Freight transport,686388
2017,Million tonne-kilometres,,r,,Freight transport,702090
2018,Million tonne-kilometres,,r,,Freight transport,702636
2019,Million tonne-kilometres,,r,,Freight transport,707002
2020,Million tonne-kilometres,,r,,Freight transport,679988
2021,Million tonne-kilometres,,r,,Freight transport,712443
2022,Million tonne-kilometres,,r,,Freight transport,710911
2010,Million tonne-kilometres,Road transport,,,Freight transport,440600
2011,Million tonne-kilometres,Road transport,,,Freight transport,442600
2012,Million tonne-kilometres,Road transport,,,Freight transport,432000
2013,Million tonne-kilometres,Road transport,,,Freight transport,442700
2014,Million tonne-kilometres,Road transport,,,Freight transport,451900
2015,Million tonne-kilometres,Road transport,,,Freight transport,464600
2016,Million tonne-kilometres,Road transport,,,Freight transport,473400
2017,Million tonne-kilometres,Road transport,,,Freight transport,486000
2018,Million tonne-kilometres,Road transport,,,Freight transport,497200
2019,Million tonne-kilometres,Road transport,r,,Freight transport,498600
2020,Million tonne-kilometres,Road transport,r,,Freight transport,487400
2021,Million tonne-kilometres,Road transport,p,,Freight transport,505700
2022,Million tonne-kilometres,Road transport,p,,Freight transport,503100
2010,Million tonne-kilometres,Rail transport,,,Freight transport,107317
2011,Million tonne-kilometres,Rail transport,,,Freight transport,113317
2012,Million tonne-kilometres,Rail transport,,,Freight transport,110065
2013,Million tonne-kilometres,Rail transport,,,Freight transport,112613
2014,Million tonne-kilometres,Rail transport,,,Freight transport,112629
2015,Million tonne-kilometres,Rail transport,,,Freight transport,116632
2016,Million tonne-kilometres,Rail transport,r,|,Freight transport,138361
2017,Million tonne-kilometres,Rail transport,r,,Freight transport,140716
2018,Million tonne-kilometres,Rail transport,r,,Freight transport,139664
2019,Million tonne-kilometres,Rail transport,r,,Freight transport,138247
2020,Million tonne-kilometres,Rail transport,r,,Freight transport,128018
2021,Million tonne-kilometres,Rail transport,r,,Freight transport,141033
2022,Million tonne-kilometres,Rail transport,r,,Freight transport,144336
2010,Million tonne-kilometres,Inland waterway transport,,,Freight transport,62278
2011,Million tonne-kilometres,Inland waterway transport,,,Freight transport,55027
2012,Million tonne-kilometres,Inland waterway transport,,,Freight transport,58488
2013,Million tonne-kilometres,Inland waterway transport,,,Freight transport,60070
2014,Million tonne-kilometres,Inland waterway transport,,,Freight transport,59093
2015,Million tonne-kilometres,Inland waterway transport,,,Freight transport,55315
2016,Million tonne-kilometres,Inland waterway transport,,,Freight transport,54347
2017,Million tonne-kilometres,Inland waterway transport,,,Freight transport,55518
2018,Million tonne-kilometres,Inland waterway transport,,,Freight transport,46901
2019,Million tonne-kilometres,Inland waterway transport,r,,Freight transport,50919
2020,Million tonne-kilometres,Inland waterway transport,,,Freight transport,46338
2021,Million tonne-kilometres,Inland waterway transport,,,Freight transport,48182
2022,Million tonne-kilometres,Inland waterway transport,,,Freight transport,44117
2010,Million tonne-kilometres,Air transport,,,Freight transport,1428
2011,Million tonne-kilometres,Air transport,,,Freight transport,1480
2012,Million tonne-kilometres,Air transport,,,Freight transport,1421
2013,Million tonne-kilometres,Air transport,,,Freight transport,1410
2014,Million tonne-kilometres,Air transport,,,Freight transport,1441
2015,Million tonne-kilometres,Air transport,,,Freight transport,1447
2016,Million tonne-kilometres,Air transport,,,Freight transport,1519
2017,Million tonne-kilometres,Air transport,,,Freight transport,1617
2018,Million tonne-kilometres,Air transport,,,Freight transport,1637
2019,Million tonne-kilometres,Air transport,,,Freight transport,1587
2020,Million tonne-kilometres,Air transport,,,Freight transport,1546
2021,Million tonne-kilometres,Air transport,,,Freight transport,1790
2022,Million tonne-kilometres,Air transport,,,Freight transport,1635
2010,Million tonne-kilometres,Pipelines: crude oil,,,Freight transport,16259
2011,Million tonne-kilometres,Pipelines: crude oil,,,Freight transport,15623
2012,Million tonne-kilometres,Pipelines: crude oil,,,Freight transport,16207
2013,Million tonne-kilometres,Pipelines: crude oil,,,Freight transport,18180
2014,Million tonne-kilometres,Pipelines: crude oil,,,Freight transport,17541
2015,Million tonne-kilometres,Pipelines: crude oil,,,Freight transport,17714
2016,Million tonne-kilometres,Pipelines: crude oil,,,Freight transport,18761
2017,Million tonne-kilometres,Pipelines: crude oil,,,Freight transport,18239
2018,Million tonne-kilometres,Pipelines: crude oil,,,Freight transport,17234
2019,Million tonne-kilometres,Pipelines: crude oil,,,Freight transport,17649
2020,Million tonne-kilometres,Pipelines: crude oil,,,Freight transport,16686
2021,Million tonne-kilometres,Pipelines: crude oil,,,Freight transport,15738
2022,Million tonne-kilometres,Pipelines: crude oil,,,Freight transport,17723
