Year,Units,Type of Official Development Assistance,Field,COMMENT_OBS_0,COMMENT_OBS_1,COMMENT_OBS_2,Value
2010,Million EUR,Commitments,Biodiversity,,,,440.9
2011,Million EUR,Commitments,Biodiversity,,,,877.7
2012,Million EUR,Commitments,Biodiversity,,,,755.3
2013,Million EUR,Commitments,Biodiversity,,,,754.0
2014,Million EUR,Commitments,Biodiversity,,,,926.2
2015,Million EUR,Commitments,Biodiversity,,,,1050.8
2016,Million EUR,Commitments,Biodiversity,,,,1004.9
2017,Million EUR,Commitments,Biodiversity,,,,1602.2
2018,Million EUR,Commitments,Biodiversity,,,,1350.6
2019,Million EUR,Commitments,Biodiversity,,,,1990.5
2020,Million EUR,Commitments,Biodiversity,,,,2084.9
2021,Million EUR,Commitments,Biodiversity,,,,2107.5
2022,Million EUR,Commitments,Biodiversity,,,,2850.2
2023,Million EUR,Commitments,Biodiversity,,,,2161.0
2024,Million EUR,Commitments,Biodiversity,,,,2394.7
2010,Million EUR,Commitments,Forestry sector,,,,65.575
2011,Million EUR,Commitments,Forestry sector,,,,118.745
2012,Million EUR,Commitments,Forestry sector,,,,83.549
2013,Million EUR,Commitments,Forestry sector,,,,51.584
2014,Million EUR,Commitments,Forestry sector,,,,107.353
2015,Million EUR,Commitments,Forestry sector,,,,83.089
2016,Million EUR,Commitments,Forestry sector,,,,52.681
2017,Million EUR,Commitments,Forestry sector,,,,109.101
2018,Million EUR,Commitments,Forestry sector,,,,61.652
2019,Million EUR,Commitments,Forestry sector,,,,390.944
2020,Million EUR,Commitments,Forestry sector,,,,222.724
2021,Million EUR,Commitments,Forestry sector,,,,159.939
2022,Million EUR,Commitments,Forestry sector,,,,212.589
2023,Million EUR,Commitments,Forestry sector,,,,239.394
2024,Million EUR,Commitments,Forestry sector,,,,184.423
2010,Million EUR,Gross disbursements,Biodiversity,,,,318.6
2011,Million EUR,Gross disbursements,Biodiversity,,,,440.7
2012,Million EUR,Gross disbursements,Biodiversity,,,,601.6
2013,Million EUR,Gross disbursements,Biodiversity,,,,616.5
2014,Million EUR,Gross disbursements,Biodiversity,,,,702.4
2015,Million EUR,Gross disbursements,Biodiversity,,,,687.2
2016,Million EUR,Gross disbursements,Biodiversity,,,,935.1
2017,Million EUR,Gross disbursements,Biodiversity,,,,1321.5
2018,Million EUR,Gross disbursements,Biodiversity,,,,1216.5
2019,Million EUR,Gross disbursements,Biodiversity,,,,1449.9
2020,Million EUR,Gross disbursements,Biodiversity,,,,1787.8
2021,Million EUR,Gross disbursements,Biodiversity,,,,2107.5
2022,Million EUR,Gross disbursements,Biodiversity,,,,2850.2
2023,Million EUR,Gross disbursements,Biodiversity,,,,
2024,Million EUR,Gross disbursements,Biodiversity,,,,
2010,Million EUR,Gross disbursements,Forestry sector,,,,48.6
2011,Million EUR,Gross disbursements,Forestry sector,,,,46.0
2012,Million EUR,Gross disbursements,Forestry sector,,,,77.0
2013,Million EUR,Gross disbursements,Forestry sector,,,,71.9
2014,Million EUR,Gross disbursements,Forestry sector,,,,61.3
2015,Million EUR,Gross disbursements,Forestry sector,,,,62.5
2016,Million EUR,Gross disbursements,Forestry sector,,,,60.1
2017,Million EUR,Gross disbursements,Forestry sector,,,,69.0
2018,Million EUR,Gross disbursements,Forestry sector,,,,104.9
2019,Million EUR,Gross disbursements,Forestry sector,,,,107.7
2020,Million EUR,Gross disbursements,Forestry sector,,,,195.4
2021,Million EUR,Gross disbursements,Forestry sector,,,,241.3
2022,Million EUR,Gross disbursements,Forestry sector,,,,238.6
2023,Million EUR,Gross disbursements,Forestry sector,,,,251.1
2024,Million EUR,Gross disbursements,Forestry sector,,,,210.5
2010,"Million USD, constant prices (2024)",Commitments,Biodiversity,,,,676.3
2011,"Million USD, constant prices (2024)",Commitments,Biodiversity,,,,1330.0
2012,"Million USD, constant prices (2024)",Commitments,Biodiversity,,,,1128.3
2013,"Million USD, constant prices (2024)",Commitments,Biodiversity,,,,1104.3
2014,"Million USD, constant prices (2024)",Commitments,Biodiversity,,,,1331.3
2015,"Million USD, constant prices (2024)",Commitments,Biodiversity,,,,1484.6
2016,"Million USD, constant prices (2024)",Commitments,Biodiversity,,,,1402.0
2017,"Million USD, constant prices (2024)",Commitments,Biodiversity,,,,2203.0
2018,"Million USD, constant prices (2024)",Commitments,Biodiversity,,,,1823.0
2019,"Million USD, constant prices (2024)",Commitments,Biodiversity,,,,2633.6
2020,"Million USD, constant prices (2024)",Commitments,Biodiversity,,,,2711.0
2021,"Million USD, constant prices (2024)",Commitments,Biodiversity,,,,2668.6
2022,"Million USD, constant prices (2024)",Commitments,Biodiversity,,,,3391.2
2023,"Million USD, constant prices (2024)",Commitments,Biodiversity,,,,2409.8
2024,"Million USD, constant prices (2024)",Commitments,Biodiversity,,,,2590.0
2010,"Million USD, constant prices (2024)",Commitments,Forestry sector,,,,100.596
2011,"Million USD, constant prices (2024)",Commitments,Forestry sector,,,,179.946
2012,"Million USD, constant prices (2024)",Commitments,Forestry sector,,,,124.82
2013,"Million USD, constant prices (2024)",Commitments,Forestry sector,,,,75.557
2014,"Million USD, constant prices (2024)",Commitments,Forestry sector,,,,154.315
2015,"Million USD, constant prices (2024)",Commitments,Forestry sector,,,,117.391
2016,"Million USD, constant prices (2024)",Commitments,Forestry sector,,,,73.502
2017,"Million USD, constant prices (2024)",Commitments,Forestry sector,,,,150.013
2018,"Million USD, constant prices (2024)",Commitments,Forestry sector,,,,83.214
2019,"Million USD, constant prices (2024)",Commitments,Forestry sector,,,,517.253
2020,"Million USD, constant prices (2024)",Commitments,Forestry sector,,,,289.608
2021,"Million USD, constant prices (2024)",Commitments,Forestry sector,,,,202.519
2022,"Million USD, constant prices (2024)",Commitments,Forestry sector,,,,252.944
2023,"Million USD, constant prices (2024)",Commitments,Forestry sector,,,,266.963
2024,"Million USD, constant prices (2024)",Commitments,Forestry sector,,,,199.463
2010,"Million USD, constant prices (2024)",Gross disbursements,Biodiversity,,,,488.8
2011,"Million USD, constant prices (2024)",Gross disbursements,Biodiversity,,,,667.8
2012,"Million USD, constant prices (2024)",Gross disbursements,Biodiversity,,,,898.8
2013,"Million USD, constant prices (2024)",Gross disbursements,Biodiversity,,,,902.9
2014,"Million USD, constant prices (2024)",Gross disbursements,Biodiversity,,,,1009.7
2015,"Million USD, constant prices (2024)",Gross disbursements,Biodiversity,,,,970.9
2016,"Million USD, constant prices (2024)",Gross disbursements,Biodiversity,,,,1304.6
2017,"Million USD, constant prices (2024)",Gross disbursements,Biodiversity,,,,1817.1
2018,"Million USD, constant prices (2024)",Gross disbursements,Biodiversity,,,,1642.0
2019,"Million USD, constant prices (2024)",Gross disbursements,Biodiversity,,,,1918.4
2020,"Million USD, constant prices (2024)",Gross disbursements,Biodiversity,,,,2324.6
2021,"Million USD, constant prices (2024)",Gross disbursements,Biodiversity,,,,2668.6
2022,"Million USD, constant prices (2024)",Gross disbursements,Biodiversity,,,,3391.2
2023,"Million USD, constant prices (2024)",Gross disbursements,Biodiversity,,,,
2024,"Million USD, constant prices (2024)",Gross disbursements,Biodiversity,,,,
2010,"Million USD, constant prices (2024)",Gross disbursements,Forestry sector,,,,74.5
2011,"Million USD, constant prices (2024)",Gross disbursements,Forestry sector,,,,69.7
2012,"Million USD, constant prices (2024)",Gross disbursements,Forestry sector,,,,115.1
2013,"Million USD, constant prices (2024)",Gross disbursements,Forestry sector,,,,105.3
2014,"Million USD, constant prices (2024)",Gross disbursements,Forestry sector,,,,88.2
2015,"Million USD, constant prices (2024)",Gross disbursements,Forestry sector,,,,88.3
2016,"Million USD, constant prices (2024)",Gross disbursements,Forestry sector,,,,83.8
2017,"Million USD, constant prices (2024)",Gross disbursements,Forestry sector,,,,94.8
2018,"Million USD, constant prices (2024)",Gross disbursements,Forestry sector,,,,141.6
2019,"Million USD, constant prices (2024)",Gross disbursements,Forestry sector,,,,142.5
2020,"Million USD, constant prices (2024)",Gross disbursements,Forestry sector,,,,254.1
2021,"Million USD, constant prices (2024)",Gross disbursements,Forestry sector,,,,305.5
2022,"Million USD, constant prices (2024)",Gross disbursements,Forestry sector,,,,283.9
2023,"Million USD, constant prices (2024)",Gross disbursements,Forestry sector,,,,280.0
2024,"Million USD, constant prices (2024)",Gross disbursements,Forestry sector,,,,227.6
