Year,Verstädterungsgrad,Geschlecht,Series,Value
2010,Städte,,Überbelegungsquote,9.6
2011,Städte,,Überbelegungsquote,9.5
2012,Städte,,Überbelegungsquote,10.8
2013,Städte,,Überbelegungsquote,10.4
2014,Städte,,Überbelegungsquote,9.9
2015,Städte,,Überbelegungsquote,10.5
2016,Städte,,Überbelegungsquote,11.0
2017,Städte,,Überbelegungsquote,11.4
2018,Städte,,Überbelegungsquote,11.5
2019,Städte,,Überbelegungsquote,12.7
2020,Städte,,Überbelegungsquote,15.0
2021,Städte,,Überbelegungsquote,15.7
2022,Städte,,Überbelegungsquote,16.1
2010,Kleinere Städte und Vororte,,Überbelegungsquote,4.7
2011,Kleinere Städte und Vororte,,Überbelegungsquote,4.1
2012,Kleinere Städte und Vororte,,Überbelegungsquote,4.8
2013,Kleinere Städte und Vororte,,Überbelegungsquote,5.2
2014,Kleinere Städte und Vororte,,Überbelegungsquote,5.2
2015,Kleinere Städte und Vororte,,Überbelegungsquote,5.6
2016,Kleinere Städte und Vororte,,Überbelegungsquote,5.9
2017,Kleinere Städte und Vororte,,Überbelegungsquote,5.3
2018,Kleinere Städte und Vororte,,Überbelegungsquote,5.5
2019,Kleinere Städte und Vororte,,Überbelegungsquote,5.5
2020,Kleinere Städte und Vororte,,Überbelegungsquote,8.0
2021,Kleinere Städte und Vororte,,Überbelegungsquote,8.7
2022,Kleinere Städte und Vororte,,Überbelegungsquote,8.9
2010,Ländliche Gebiete,,Überbelegungsquote,4.7
2011,Ländliche Gebiete,,Überbelegungsquote,4.1
2012,Ländliche Gebiete,,Überbelegungsquote,3.7
2013,Ländliche Gebiete,,Überbelegungsquote,4.0
2014,Ländliche Gebiete,,Überbelegungsquote,4.1
2015,Ländliche Gebiete,,Überbelegungsquote,3.9
2016,Ländliche Gebiete,,Überbelegungsquote,3.5
2017,Ländliche Gebiete,,Überbelegungsquote,3.9
2018,Ländliche Gebiete,,Überbelegungsquote,4.2
2019,Ländliche Gebiete,,Überbelegungsquote,4.0
2020,Ländliche Gebiete,,Überbelegungsquote,5.5
2021,Ländliche Gebiete,,Überbelegungsquote,5.0
2022,Ländliche Gebiete,,Überbelegungsquote,5.4
2010,Städte,,Quote der Überbelastung durch Wohnkosten,16.2
2011,Städte,,Quote der Überbelastung durch Wohnkosten,18.0
2012,Städte,,Quote der Überbelastung durch Wohnkosten,19.8
2013,Städte,,Quote der Überbelastung durch Wohnkosten,18.9
2014,Städte,,Quote der Überbelastung durch Wohnkosten,19.3
2015,Städte,,Quote der Überbelastung durch Wohnkosten,19.1
2016,Städte,,Quote der Überbelastung durch Wohnkosten,19.6
2017,Städte,,Quote der Überbelastung durch Wohnkosten,17.9
2018,Städte,,Quote der Überbelastung durch Wohnkosten,17.6
2019,Städte,,Quote der Überbelastung durch Wohnkosten,16.2
2020,Städte,,Quote der Überbelastung durch Wohnkosten,11.4
2021,Städte,,Quote der Überbelastung durch Wohnkosten,12.4
2022,Städte,,Quote der Überbelastung durch Wohnkosten,13.0
2010,Kleinere Städte und Vororte,,Quote der Überbelastung durch Wohnkosten,13.0
2011,Kleinere Städte und Vororte,,Quote der Überbelastung durch Wohnkosten,14.5
2012,Kleinere Städte und Vororte,,Quote der Überbelastung durch Wohnkosten,15.5
2013,Kleinere Städte und Vororte,,Quote der Überbelastung durch Wohnkosten,16.1
2014,Kleinere Städte und Vororte,,Quote der Überbelastung durch Wohnkosten,14.9
2015,Kleinere Städte und Vororte,,Quote der Überbelastung durch Wohnkosten,14.5
2016,Kleinere Städte und Vororte,,Quote der Überbelastung durch Wohnkosten,14.5
2017,Kleinere Städte und Vororte,,Quote der Überbelastung durch Wohnkosten,13.4
2018,Kleinere Städte und Vororte,,Quote der Überbelastung durch Wohnkosten,13.3
2019,Kleinere Städte und Vororte,,Quote der Überbelastung durch Wohnkosten,12.7
2020,Kleinere Städte und Vororte,,Quote der Überbelastung durch Wohnkosten,7.8
2021,Kleinere Städte und Vororte,,Quote der Überbelastung durch Wohnkosten,10.7
2022,Kleinere Städte und Vororte,,Quote der Überbelastung durch Wohnkosten,11.4
2010,Ländliche Gebiete,,Quote der Überbelastung durch Wohnkosten,12.3
2011,Ländliche Gebiete,,Quote der Überbelastung durch Wohnkosten,13.6
2012,Ländliche Gebiete,,Quote der Überbelastung durch Wohnkosten,13.9
2013,Ländliche Gebiete,,Quote der Überbelastung durch Wohnkosten,13.3
2014,Ländliche Gebiete,,Quote der Überbelastung durch Wohnkosten,12.7
2015,Ländliche Gebiete,,Quote der Überbelastung durch Wohnkosten,12.0
2016,Ländliche Gebiete,,Quote der Überbelastung durch Wohnkosten,12.2
2017,Ländliche Gebiete,,Quote der Überbelastung durch Wohnkosten,11.0
2018,Ländliche Gebiete,,Quote der Überbelastung durch Wohnkosten,10.4
2019,Ländliche Gebiete,,Quote der Überbelastung durch Wohnkosten,12.4
2020,Ländliche Gebiete,,Quote der Überbelastung durch Wohnkosten,6.8
2021,Ländliche Gebiete,,Quote der Überbelastung durch Wohnkosten,8.6
2022,Ländliche Gebiete,,Quote der Überbelastung durch Wohnkosten,10.5
2010,,,"Bevölkerung, die in einer Wohnung mit undichtem Dach, Feuchtigkeit in den Wänden, in den Böden, im Fundament oder Fäulnis in den Fensterrahmen oder im Boden lebt",13.3
2011,,,"Bevölkerung, die in einer Wohnung mit undichtem Dach, Feuchtigkeit in den Wänden, in den Böden, im Fundament oder Fäulnis in den Fensterrahmen oder im Boden lebt",13.7
2012,,,"Bevölkerung, die in einer Wohnung mit undichtem Dach, Feuchtigkeit in den Wänden, in den Böden, im Fundament oder Fäulnis in den Fensterrahmen oder im Boden lebt",13.5
2013,,,"Bevölkerung, die in einer Wohnung mit undichtem Dach, Feuchtigkeit in den Wänden, in den Böden, im Fundament oder Fäulnis in den Fensterrahmen oder im Boden lebt",13.1
2014,,,"Bevölkerung, die in einer Wohnung mit undichtem Dach, Feuchtigkeit in den Wänden, in den Böden, im Fundament oder Fäulnis in den Fensterrahmen oder im Boden lebt",12.3
2015,,,"Bevölkerung, die in einer Wohnung mit undichtem Dach, Feuchtigkeit in den Wänden, in den Böden, im Fundament oder Fäulnis in den Fensterrahmen oder im Boden lebt",12.8
2016,,,"Bevölkerung, die in einer Wohnung mit undichtem Dach, Feuchtigkeit in den Wänden, in den Böden, im Fundament oder Fäulnis in den Fensterrahmen oder im Boden lebt",13.1
2017,,,"Bevölkerung, die in einer Wohnung mit undichtem Dach, Feuchtigkeit in den Wänden, in den Böden, im Fundament oder Fäulnis in den Fensterrahmen oder im Boden lebt",12.5
2018,,,"Bevölkerung, die in einer Wohnung mit undichtem Dach, Feuchtigkeit in den Wänden, in den Böden, im Fundament oder Fäulnis in den Fensterrahmen oder im Boden lebt",13.4
2019,,,"Bevölkerung, die in einer Wohnung mit undichtem Dach, Feuchtigkeit in den Wänden, in den Böden, im Fundament oder Fäulnis in den Fensterrahmen oder im Boden lebt",12.0
2020,,,"Bevölkerung, die in einer Wohnung mit undichtem Dach, Feuchtigkeit in den Wänden, in den Böden, im Fundament oder Fäulnis in den Fensterrahmen oder im Boden lebt",12.0
2010,,Weiblich,"Bevölkerung, die in einer Wohnung mit undichtem Dach, Feuchtigkeit in den Wänden, in den Böden, im Fundament oder Fäulnis in den Fensterrahmen oder im Boden lebt",13.7
2011,,Weiblich,"Bevölkerung, die in einer Wohnung mit undichtem Dach, Feuchtigkeit in den Wänden, in den Böden, im Fundament oder Fäulnis in den Fensterrahmen oder im Boden lebt",14.1
2012,,Weiblich,"Bevölkerung, die in einer Wohnung mit undichtem Dach, Feuchtigkeit in den Wänden, in den Böden, im Fundament oder Fäulnis in den Fensterrahmen oder im Boden lebt",13.7
2013,,Weiblich,"Bevölkerung, die in einer Wohnung mit undichtem Dach, Feuchtigkeit in den Wänden, in den Böden, im Fundament oder Fäulnis in den Fensterrahmen oder im Boden lebt",13.1
2014,,Weiblich,"Bevölkerung, die in einer Wohnung mit undichtem Dach, Feuchtigkeit in den Wänden, in den Böden, im Fundament oder Fäulnis in den Fensterrahmen oder im Boden lebt",12.6
2015,,Weiblich,"Bevölkerung, die in einer Wohnung mit undichtem Dach, Feuchtigkeit in den Wänden, in den Böden, im Fundament oder Fäulnis in den Fensterrahmen oder im Boden lebt",13.1
2016,,Weiblich,"Bevölkerung, die in einer Wohnung mit undichtem Dach, Feuchtigkeit in den Wänden, in den Böden, im Fundament oder Fäulnis in den Fensterrahmen oder im Boden lebt",13.5
2017,,Weiblich,"Bevölkerung, die in einer Wohnung mit undichtem Dach, Feuchtigkeit in den Wänden, in den Böden, im Fundament oder Fäulnis in den Fensterrahmen oder im Boden lebt",12.7
2018,,Weiblich,"Bevölkerung, die in einer Wohnung mit undichtem Dach, Feuchtigkeit in den Wänden, in den Böden, im Fundament oder Fäulnis in den Fensterrahmen oder im Boden lebt",13.7
2019,,Weiblich,"Bevölkerung, die in einer Wohnung mit undichtem Dach, Feuchtigkeit in den Wänden, in den Böden, im Fundament oder Fäulnis in den Fensterrahmen oder im Boden lebt",12.3
2020,,Weiblich,"Bevölkerung, die in einer Wohnung mit undichtem Dach, Feuchtigkeit in den Wänden, in den Böden, im Fundament oder Fäulnis in den Fensterrahmen oder im Boden lebt",12.2
2010,,Männlich,"Bevölkerung, die in einer Wohnung mit undichtem Dach, Feuchtigkeit in den Wänden, in den Böden, im Fundament oder Fäulnis in den Fensterrahmen oder im Boden lebt",13.0
2011,,Männlich,"Bevölkerung, die in einer Wohnung mit undichtem Dach, Feuchtigkeit in den Wänden, in den Böden, im Fundament oder Fäulnis in den Fensterrahmen oder im Boden lebt",13.4
2012,,Männlich,"Bevölkerung, die in einer Wohnung mit undichtem Dach, Feuchtigkeit in den Wänden, in den Böden, im Fundament oder Fäulnis in den Fensterrahmen oder im Boden lebt",13.2
2013,,Männlich,"Bevölkerung, die in einer Wohnung mit undichtem Dach, Feuchtigkeit in den Wänden, in den Böden, im Fundament oder Fäulnis in den Fensterrahmen oder im Boden lebt",13.1
2014,,Männlich,"Bevölkerung, die in einer Wohnung mit undichtem Dach, Feuchtigkeit in den Wänden, in den Böden, im Fundament oder Fäulnis in den Fensterrahmen oder im Boden lebt",12.1
2015,,Männlich,"Bevölkerung, die in einer Wohnung mit undichtem Dach, Feuchtigkeit in den Wänden, in den Böden, im Fundament oder Fäulnis in den Fensterrahmen oder im Boden lebt",12.4
2016,,Männlich,"Bevölkerung, die in einer Wohnung mit undichtem Dach, Feuchtigkeit in den Wänden, in den Böden, im Fundament oder Fäulnis in den Fensterrahmen oder im Boden lebt",12.7
2017,,Männlich,"Bevölkerung, die in einer Wohnung mit undichtem Dach, Feuchtigkeit in den Wänden, in den Böden, im Fundament oder Fäulnis in den Fensterrahmen oder im Boden lebt",12.2
2018,,Männlich,"Bevölkerung, die in einer Wohnung mit undichtem Dach, Feuchtigkeit in den Wänden, in den Böden, im Fundament oder Fäulnis in den Fensterrahmen oder im Boden lebt",13.2
2019,,Männlich,"Bevölkerung, die in einer Wohnung mit undichtem Dach, Feuchtigkeit in den Wänden, in den Böden, im Fundament oder Fäulnis in den Fensterrahmen oder im Boden lebt",11.7
2020,,Männlich,"Bevölkerung, die in einer Wohnung mit undichtem Dach, Feuchtigkeit in den Wänden, in den Böden, im Fundament oder Fäulnis in den Fensterrahmen oder im Boden lebt",11.8
2010,,,"Bevölkerung, die weder ein Bad, noch eine Dusche in ihrer Wohnung hat",0.5
2011,,,"Bevölkerung, die weder ein Bad, noch eine Dusche in ihrer Wohnung hat",0.1
2012,,,"Bevölkerung, die weder ein Bad, noch eine Dusche in ihrer Wohnung hat",0.1
2013,,,"Bevölkerung, die weder ein Bad, noch eine Dusche in ihrer Wohnung hat",0.0
2014,,,"Bevölkerung, die weder ein Bad, noch eine Dusche in ihrer Wohnung hat",0.0
2015,,,"Bevölkerung, die weder ein Bad, noch eine Dusche in ihrer Wohnung hat",0.0
2016,,,"Bevölkerung, die weder ein Bad, noch eine Dusche in ihrer Wohnung hat",0.0
2017,,,"Bevölkerung, die weder ein Bad, noch eine Dusche in ihrer Wohnung hat",0.0
2018,,,"Bevölkerung, die weder ein Bad, noch eine Dusche in ihrer Wohnung hat",0.0
2019,,,"Bevölkerung, die weder ein Bad, noch eine Dusche in ihrer Wohnung hat",0.0
2020,,,"Bevölkerung, die weder ein Bad, noch eine Dusche in ihrer Wohnung hat",0.0
2010,,Weiblich,"Bevölkerung, die weder ein Bad, noch eine Dusche in ihrer Wohnung hat",0.5
2011,,Weiblich,"Bevölkerung, die weder ein Bad, noch eine Dusche in ihrer Wohnung hat",0.1
2012,,Weiblich,"Bevölkerung, die weder ein Bad, noch eine Dusche in ihrer Wohnung hat",0.1
2013,,Weiblich,"Bevölkerung, die weder ein Bad, noch eine Dusche in ihrer Wohnung hat",0.0
2014,,Weiblich,"Bevölkerung, die weder ein Bad, noch eine Dusche in ihrer Wohnung hat",0.0
2015,,Weiblich,"Bevölkerung, die weder ein Bad, noch eine Dusche in ihrer Wohnung hat",0.0
2016,,Weiblich,"Bevölkerung, die weder ein Bad, noch eine Dusche in ihrer Wohnung hat",0.0
2017,,Weiblich,"Bevölkerung, die weder ein Bad, noch eine Dusche in ihrer Wohnung hat",0.0
2018,,Weiblich,"Bevölkerung, die weder ein Bad, noch eine Dusche in ihrer Wohnung hat",0.0
2019,,Weiblich,"Bevölkerung, die weder ein Bad, noch eine Dusche in ihrer Wohnung hat",0.0
2020,,Weiblich,"Bevölkerung, die weder ein Bad, noch eine Dusche in ihrer Wohnung hat",0.0
2010,,Männlich,"Bevölkerung, die weder ein Bad, noch eine Dusche in ihrer Wohnung hat",0.6
2011,,Männlich,"Bevölkerung, die weder ein Bad, noch eine Dusche in ihrer Wohnung hat",0.1
2012,,Männlich,"Bevölkerung, die weder ein Bad, noch eine Dusche in ihrer Wohnung hat",0.1
2013,,Männlich,"Bevölkerung, die weder ein Bad, noch eine Dusche in ihrer Wohnung hat",0.0
2014,,Männlich,"Bevölkerung, die weder ein Bad, noch eine Dusche in ihrer Wohnung hat",0.0
2015,,Männlich,"Bevölkerung, die weder ein Bad, noch eine Dusche in ihrer Wohnung hat",0.0
2016,,Männlich,"Bevölkerung, die weder ein Bad, noch eine Dusche in ihrer Wohnung hat",0.0
2017,,Männlich,"Bevölkerung, die weder ein Bad, noch eine Dusche in ihrer Wohnung hat",0.0
2018,,Männlich,"Bevölkerung, die weder ein Bad, noch eine Dusche in ihrer Wohnung hat",0.0
2019,,Männlich,"Bevölkerung, die weder ein Bad, noch eine Dusche in ihrer Wohnung hat",0.0
2020,,Männlich,"Bevölkerung, die weder ein Bad, noch eine Dusche in ihrer Wohnung hat",0.0
2010,,,"Bevölkerung, die kein WC für den alleinigen Gebrauch ihres Haushalts hat",1.6
2011,,,"Bevölkerung, die kein WC für den alleinigen Gebrauch ihres Haushalts hat",0.9
2012,,,"Bevölkerung, die kein WC für den alleinigen Gebrauch ihres Haushalts hat",0.9
2013,,,"Bevölkerung, die kein WC für den alleinigen Gebrauch ihres Haushalts hat",0.1
2014,,,"Bevölkerung, die kein WC für den alleinigen Gebrauch ihres Haushalts hat",0.0
2015,,,"Bevölkerung, die kein WC für den alleinigen Gebrauch ihres Haushalts hat",0.1
2016,,,"Bevölkerung, die kein WC für den alleinigen Gebrauch ihres Haushalts hat",0.1
2017,,,"Bevölkerung, die kein WC für den alleinigen Gebrauch ihres Haushalts hat",0.1
2018,,,"Bevölkerung, die kein WC für den alleinigen Gebrauch ihres Haushalts hat",0.0
2019,,,"Bevölkerung, die kein WC für den alleinigen Gebrauch ihres Haushalts hat",0.2
2020,,,"Bevölkerung, die kein WC für den alleinigen Gebrauch ihres Haushalts hat",0.0
2010,,Weiblich,"Bevölkerung, die kein WC für den alleinigen Gebrauch ihres Haushalts hat",1.7
2011,,Weiblich,"Bevölkerung, die kein WC für den alleinigen Gebrauch ihres Haushalts hat",0.9
2012,,Weiblich,"Bevölkerung, die kein WC für den alleinigen Gebrauch ihres Haushalts hat",1.0
2013,,Weiblich,"Bevölkerung, die kein WC für den alleinigen Gebrauch ihres Haushalts hat",0.2
2014,,Weiblich,"Bevölkerung, die kein WC für den alleinigen Gebrauch ihres Haushalts hat",0.0
2015,,Weiblich,"Bevölkerung, die kein WC für den alleinigen Gebrauch ihres Haushalts hat",0.1
2016,,Weiblich,"Bevölkerung, die kein WC für den alleinigen Gebrauch ihres Haushalts hat",0.1
2017,,Weiblich,"Bevölkerung, die kein WC für den alleinigen Gebrauch ihres Haushalts hat",0.1
2018,,Weiblich,"Bevölkerung, die kein WC für den alleinigen Gebrauch ihres Haushalts hat",0.1
2019,,Weiblich,"Bevölkerung, die kein WC für den alleinigen Gebrauch ihres Haushalts hat",0.2
2020,,Weiblich,"Bevölkerung, die kein WC für den alleinigen Gebrauch ihres Haushalts hat",0.0
2010,,Männlich,"Bevölkerung, die kein WC für den alleinigen Gebrauch ihres Haushalts hat",1.6
2011,,Männlich,"Bevölkerung, die kein WC für den alleinigen Gebrauch ihres Haushalts hat",0.8
2012,,Männlich,"Bevölkerung, die kein WC für den alleinigen Gebrauch ihres Haushalts hat",0.9
2013,,Männlich,"Bevölkerung, die kein WC für den alleinigen Gebrauch ihres Haushalts hat",0.1
2014,,Männlich,"Bevölkerung, die kein WC für den alleinigen Gebrauch ihres Haushalts hat",0.0
2015,,Männlich,"Bevölkerung, die kein WC für den alleinigen Gebrauch ihres Haushalts hat",0.1
2016,,Männlich,"Bevölkerung, die kein WC für den alleinigen Gebrauch ihres Haushalts hat",0.1
2017,,Männlich,"Bevölkerung, die kein WC für den alleinigen Gebrauch ihres Haushalts hat",0.1
2018,,Männlich,"Bevölkerung, die kein WC für den alleinigen Gebrauch ihres Haushalts hat",0.0
2019,,Männlich,"Bevölkerung, die kein WC für den alleinigen Gebrauch ihres Haushalts hat",0.3
2020,,Männlich,"Bevölkerung, die kein WC für den alleinigen Gebrauch ihres Haushalts hat",0.0
2010,,,"Bevölkerung, deren Wohnung/Haus zu wenig Tageslicht bietet",4.2
2011,,,"Bevölkerung, deren Wohnung/Haus zu wenig Tageslicht bietet",4.1
2012,,,"Bevölkerung, deren Wohnung/Haus zu wenig Tageslicht bietet",3.9
2013,,,"Bevölkerung, deren Wohnung/Haus zu wenig Tageslicht bietet",4.4
2014,,,"Bevölkerung, deren Wohnung/Haus zu wenig Tageslicht bietet",4.4
2015,,,"Bevölkerung, deren Wohnung/Haus zu wenig Tageslicht bietet",4.0
2016,,,"Bevölkerung, deren Wohnung/Haus zu wenig Tageslicht bietet",3.9
2017,,,"Bevölkerung, deren Wohnung/Haus zu wenig Tageslicht bietet",4.0
2018,,,"Bevölkerung, deren Wohnung/Haus zu wenig Tageslicht bietet",4.4
2019,,,"Bevölkerung, deren Wohnung/Haus zu wenig Tageslicht bietet",4.0
2010,,Weiblich,"Bevölkerung, deren Wohnung/Haus zu wenig Tageslicht bietet",3.9
2011,,Weiblich,"Bevölkerung, deren Wohnung/Haus zu wenig Tageslicht bietet",3.9
2012,,Weiblich,"Bevölkerung, deren Wohnung/Haus zu wenig Tageslicht bietet",3.9
2013,,Weiblich,"Bevölkerung, deren Wohnung/Haus zu wenig Tageslicht bietet",4.5
2014,,Weiblich,"Bevölkerung, deren Wohnung/Haus zu wenig Tageslicht bietet",4.3
2015,,Weiblich,"Bevölkerung, deren Wohnung/Haus zu wenig Tageslicht bietet",3.9
2016,,Weiblich,"Bevölkerung, deren Wohnung/Haus zu wenig Tageslicht bietet",3.8
2017,,Weiblich,"Bevölkerung, deren Wohnung/Haus zu wenig Tageslicht bietet",3.9
2018,,Weiblich,"Bevölkerung, deren Wohnung/Haus zu wenig Tageslicht bietet",4.4
2019,,Weiblich,"Bevölkerung, deren Wohnung/Haus zu wenig Tageslicht bietet",4.2
2010,,Männlich,"Bevölkerung, deren Wohnung/Haus zu wenig Tageslicht bietet",4.5
2011,,Männlich,"Bevölkerung, deren Wohnung/Haus zu wenig Tageslicht bietet",4.2
2012,,Männlich,"Bevölkerung, deren Wohnung/Haus zu wenig Tageslicht bietet",3.9
2013,,Männlich,"Bevölkerung, deren Wohnung/Haus zu wenig Tageslicht bietet",4.3
2014,,Männlich,"Bevölkerung, deren Wohnung/Haus zu wenig Tageslicht bietet",4.5
2015,,Männlich,"Bevölkerung, deren Wohnung/Haus zu wenig Tageslicht bietet",4.1
2016,,Männlich,"Bevölkerung, deren Wohnung/Haus zu wenig Tageslicht bietet",3.9
2017,,Männlich,"Bevölkerung, deren Wohnung/Haus zu wenig Tageslicht bietet",4.0
2018,,Männlich,"Bevölkerung, deren Wohnung/Haus zu wenig Tageslicht bietet",4.4
2019,,Männlich,"Bevölkerung, deren Wohnung/Haus zu wenig Tageslicht bietet",3.8
