Year,Units,Zeitreihe,Darstellung,Value
2010,Keine Einheit,Verhältnis der Flächenverbrauchsrate zur Bevölkerungsentwicklung,Jährliche Werte,
2011,Keine Einheit,Verhältnis der Flächenverbrauchsrate zur Bevölkerungsentwicklung,Jährliche Werte,6.841
2012,Keine Einheit,Verhältnis der Flächenverbrauchsrate zur Bevölkerungsentwicklung,Jährliche Werte,2.008
2013,Keine Einheit,Verhältnis der Flächenverbrauchsrate zur Bevölkerungsentwicklung,Jährliche Werte,1.563
2014,Keine Einheit,Verhältnis der Flächenverbrauchsrate zur Bevölkerungsentwicklung,Jährliche Werte,1.15
2015,Keine Einheit,Verhältnis der Flächenverbrauchsrate zur Bevölkerungsentwicklung,Jährliche Werte,0.292
2016,Keine Einheit,Verhältnis der Flächenverbrauchsrate zur Bevölkerungsentwicklung,Jährliche Werte,0.909
2017,Keine Einheit,Verhältnis der Flächenverbrauchsrate zur Bevölkerungsentwicklung,Jährliche Werte,1.551
2018,Keine Einheit,Verhältnis der Flächenverbrauchsrate zur Bevölkerungsentwicklung,Jährliche Werte,2.314
2019,Keine Einheit,Verhältnis der Flächenverbrauchsrate zur Bevölkerungsentwicklung,Jährliche Werte,1.857
2020,Keine Einheit,Verhältnis der Flächenverbrauchsrate zur Bevölkerungsentwicklung,Jährliche Werte,
2021,Keine Einheit,Verhältnis der Flächenverbrauchsrate zur Bevölkerungsentwicklung,Jährliche Werte,4.246
2010,2015 = 100,Verhältnis der Siedlungs- und Verkehrsfläche zur Bevölkerung,Jährliche Werte,99.587
2011,2015 = 100,Verhältnis der Siedlungs- und Verkehrsfläche zur Bevölkerung,Jährliche Werte,100.353
2012,2015 = 100,Verhältnis der Siedlungs- und Verkehrsfläche zur Bevölkerung,Jährliche Werte,100.599
2013,2015 = 100,Verhältnis der Siedlungs- und Verkehrsfläche zur Bevölkerung,Jährliche Werte,100.77
2014,2015 = 100,Verhältnis der Siedlungs- und Verkehrsfläche zur Bevölkerung,Jährliche Werte,100.85
2015,2015 = 100,Verhältnis der Siedlungs- und Verkehrsfläche zur Bevölkerung,Jährliche Werte,100.0
2016,2015 = 100,Verhältnis der Siedlungs- und Verkehrsfläche zur Bevölkerung,Jährliche Werte,99.962
2017,2015 = 100,Verhältnis der Siedlungs- und Verkehrsfläche zur Bevölkerung,Jährliche Werte,100.142
2018,2015 = 100,Verhältnis der Siedlungs- und Verkehrsfläche zur Bevölkerung,Jährliche Werte,100.501
2019,2015 = 100,Verhältnis der Siedlungs- und Verkehrsfläche zur Bevölkerung,Jährliche Werte,100.654
2020,2015 = 100,Verhältnis der Siedlungs- und Verkehrsfläche zur Bevölkerung,Jährliche Werte,101.097
2021,2015 = 100,Verhältnis der Siedlungs- und Verkehrsfläche zur Bevölkerung,Jährliche Werte,101.42
2010,Prozent,Flächenverbrauchsrate,Jährliche Werte,0.604
2011,Prozent,Flächenverbrauchsrate,Jährliche Werte,0.591
2012,Prozent,Flächenverbrauchsrate,Jährliche Werte,0.902
2013,Prozent,Flächenverbrauchsrate,Jährliche Werte,0.489
2014,Prozent,Flächenverbrauchsrate,Jährliche Werte,0.473
2015,Prozent,Flächenverbrauchsrate,Jährliche Werte,0.612
2016,Prozent,Flächenverbrauchsrate,Jährliche Werte,0.351
2017,Prozent,Flächenverbrauchsrate,Jährliche Werte,0.382
2018,Prozent,Flächenverbrauchsrate,Jährliche Werte,0.509
2019,Prozent,Flächenverbrauchsrate,Jährliche Werte,0.634
2020,Prozent,Flächenverbrauchsrate,Jährliche Werte,0.33
2021,Prozent,Flächenverbrauchsrate,Jährliche Werte,0.426
2010,Prozent,Bevölkerungsentwicklung,Jährliche Werte,-0.062
2011,Prozent,Bevölkerungsentwicklung,Jährliche Werte,0.132
2012,Prozent,Bevölkerungsentwicklung,Jährliche Werte,0.244
2013,Prozent,Bevölkerungsentwicklung,Jährliche Werte,0.303
2014,Prozent,Bevölkerungsentwicklung,Jährliche Werte,0.532
2015,Prozent,Bevölkerungsentwicklung,Jährliche Werte,1.205
2016,Prozent,Bevölkerungsentwicklung,Jährliche Werte,0.421
2017,Prozent,Bevölkerungsentwicklung,Jährliche Werte,0.328
2018,Prozent,Bevölkerungsentwicklung,Jährliche Werte,0.274
2019,Prozent,Bevölkerungsentwicklung,Jährliche Werte,0.178
2020,Prozent,Bevölkerungsentwicklung,Jährliche Werte,-0.014
2021,Prozent,Bevölkerungsentwicklung,Jährliche Werte,0.099
2010,Keine Einheit,Verhältnis der Flächenverbrauchsrate zur Bevölkerungsentwicklung,Gleitender Vierjahresdurchschnitt,
2011,Keine Einheit,Verhältnis der Flächenverbrauchsrate zur Bevölkerungsentwicklung,Gleitender Vierjahresdurchschnitt,
2012,Keine Einheit,Verhältnis der Flächenverbrauchsrate zur Bevölkerungsentwicklung,Gleitender Vierjahresdurchschnitt,
2013,Keine Einheit,Verhältnis der Flächenverbrauchsrate zur Bevölkerungsentwicklung,Gleitender Vierjahresdurchschnitt,4.691
2014,Keine Einheit,Verhältnis der Flächenverbrauchsrate zur Bevölkerungsentwicklung,Gleitender Vierjahresdurchschnitt,2.046
2015,Keine Einheit,Verhältnis der Flächenverbrauchsrate zur Bevölkerungsentwicklung,Gleitender Vierjahresdurchschnitt,0.844
2016,Keine Einheit,Verhältnis der Flächenverbrauchsrate zur Bevölkerungsentwicklung,Gleitender Vierjahresdurchschnitt,0.74
2017,Keine Einheit,Verhältnis der Flächenverbrauchsrate zur Bevölkerungsentwicklung,Gleitender Vierjahresdurchschnitt,0.747
2018,Keine Einheit,Verhältnis der Flächenverbrauchsrate zur Bevölkerungsentwicklung,Gleitender Vierjahresdurchschnitt,0.843
2019,Keine Einheit,Verhältnis der Flächenverbrauchsrate zur Bevölkerungsentwicklung,Gleitender Vierjahresdurchschnitt,1.545
2020,Keine Einheit,Verhältnis der Flächenverbrauchsrate zur Bevölkerungsentwicklung,Gleitender Vierjahresdurchschnitt,2.48
2021,Keine Einheit,Verhältnis der Flächenverbrauchsrate zur Bevölkerungsentwicklung,Gleitender Vierjahresdurchschnitt,3.373
2010,2015 = 100,Verhältnis der Siedlungs- und Verkehrsfläche zur Bevölkerung,Gleitender Vierjahresdurchschnitt,
2011,2015 = 100,Verhältnis der Siedlungs- und Verkehrsfläche zur Bevölkerung,Gleitender Vierjahresdurchschnitt,98.632
2012,2015 = 100,Verhältnis der Siedlungs- und Verkehrsfläche zur Bevölkerung,Gleitender Vierjahresdurchschnitt,99.299
2013,2015 = 100,Verhältnis der Siedlungs- und Verkehrsfläche zur Bevölkerung,Gleitender Vierjahresdurchschnitt,99.777
2014,2015 = 100,Verhältnis der Siedlungs- und Verkehrsfläche zur Bevölkerung,Gleitender Vierjahresdurchschnitt,100.091
2015,2015 = 100,Verhältnis der Siedlungs- und Verkehrsfläche zur Bevölkerung,Gleitender Vierjahresdurchschnitt,100.0
2016,2015 = 100,Verhältnis der Siedlungs- und Verkehrsfläche zur Bevölkerung,Gleitender Vierjahresdurchschnitt,99.84
2017,2015 = 100,Verhältnis der Siedlungs- und Verkehrsfläche zur Bevölkerung,Gleitender Vierjahresdurchschnitt,99.685
2018,2015 = 100,Verhältnis der Siedlungs- und Verkehrsfläche zur Bevölkerung,Gleitender Vierjahresdurchschnitt,99.601
2019,2015 = 100,Verhältnis der Siedlungs- und Verkehrsfläche zur Bevölkerung,Gleitender Vierjahresdurchschnitt,99.764
2020,2015 = 100,Verhältnis der Siedlungs- und Verkehrsfläche zur Bevölkerung,Gleitender Vierjahresdurchschnitt,100.046
2021,2015 = 100,Verhältnis der Siedlungs- und Verkehrsfläche zur Bevölkerung,Gleitender Vierjahresdurchschnitt,100.363
2010,Prozent,Flächenverbrauchsrate,Gleitender Vierjahresdurchschnitt,
2011,Prozent,Flächenverbrauchsrate,Gleitender Vierjahresdurchschnitt,
2012,Prozent,Flächenverbrauchsrate,Gleitender Vierjahresdurchschnitt,0.647
2013,Prozent,Flächenverbrauchsrate,Gleitender Vierjahresdurchschnitt,0.614
2014,Prozent,Flächenverbrauchsrate,Gleitender Vierjahresdurchschnitt,0.619
2015,Prozent,Flächenverbrauchsrate,Gleitender Vierjahresdurchschnitt,0.482
2016,Prozent,Flächenverbrauchsrate,Gleitender Vierjahresdurchschnitt,0.455
2017,Prozent,Flächenverbrauchsrate,Gleitender Vierjahresdurchschnitt,0.464
2018,Prozent,Flächenverbrauchsrate,Gleitender Vierjahresdurchschnitt,0.469
2019,Prozent,Flächenverbrauchsrate,Gleitender Vierjahresdurchschnitt,0.464
2020,Prozent,Flächenverbrauchsrate,Gleitender Vierjahresdurchschnitt,0.474
2021,Prozent,Flächenverbrauchsrate,Gleitender Vierjahresdurchschnitt,0.452
2010,Prozent,Bevölkerungsentwicklung,Gleitender Vierjahresdurchschnitt,
2011,Prozent,Bevölkerungsentwicklung,Gleitender Vierjahresdurchschnitt,
2012,Prozent,Bevölkerungsentwicklung,Gleitender Vierjahresdurchschnitt,-0.03
2013,Prozent,Bevölkerungsentwicklung,Gleitender Vierjahresdurchschnitt,0.131
2014,Prozent,Bevölkerungsentwicklung,Gleitender Vierjahresdurchschnitt,0.303
2015,Prozent,Bevölkerungsentwicklung,Gleitender Vierjahresdurchschnitt,0.57
2016,Prozent,Bevölkerungsentwicklung,Gleitender Vierjahresdurchschnitt,0.615
2017,Prozent,Bevölkerungsentwicklung,Gleitender Vierjahresdurchschnitt,0.621
2018,Prozent,Bevölkerungsentwicklung,Gleitender Vierjahresdurchschnitt,0.556
2019,Prozent,Bevölkerungsentwicklung,Gleitender Vierjahresdurchschnitt,0.3
2020,Prozent,Bevölkerungsentwicklung,Gleitender Vierjahresdurchschnitt,0.191
2021,Prozent,Bevölkerungsentwicklung,Gleitender Vierjahresdurchschnitt,0.134
