Year,Units,Feinstaub,Series,Value
2010,Mikrogramm pro m³,PM₁₀,Bevölkerungsgewichtete Jahresmittelwerte von Feinstaub,19.5
2011,Mikrogramm pro m³,PM₁₀,Bevölkerungsgewichtete Jahresmittelwerte von Feinstaub,19.4
2012,Mikrogramm pro m³,PM₁₀,Bevölkerungsgewichtete Jahresmittelwerte von Feinstaub,16.8
2013,Mikrogramm pro m³,PM₁₀,Bevölkerungsgewichtete Jahresmittelwerte von Feinstaub,17.5
2014,Mikrogramm pro m³,PM₁₀,Bevölkerungsgewichtete Jahresmittelwerte von Feinstaub,17.0
2015,Mikrogramm pro m³,PM₁₀,Bevölkerungsgewichtete Jahresmittelwerte von Feinstaub,15.8
2016,Mikrogramm pro m³,PM₁₀,Bevölkerungsgewichtete Jahresmittelwerte von Feinstaub,15.3
2017,Mikrogramm pro m³,PM₁₀,Bevölkerungsgewichtete Jahresmittelwerte von Feinstaub,14.4
2018,Mikrogramm pro m³,PM₁₀,Bevölkerungsgewichtete Jahresmittelwerte von Feinstaub,15.4
2019,Mikrogramm pro m³,PM₁₀,Bevölkerungsgewichtete Jahresmittelwerte von Feinstaub,13.2
2020,Mikrogramm pro m³,PM₁₀,Bevölkerungsgewichtete Jahresmittelwerte von Feinstaub,12.3
2021,Mikrogramm pro m³,PM₁₀,Bevölkerungsgewichtete Jahresmittelwerte von Feinstaub,13.0
2010,Mikrogramm pro m³,"PM₂,₅",Bevölkerungsgewichtete Jahresmittelwerte von Feinstaub,15.9
2011,Mikrogramm pro m³,"PM₂,₅",Bevölkerungsgewichtete Jahresmittelwerte von Feinstaub,15.2
2012,Mikrogramm pro m³,"PM₂,₅",Bevölkerungsgewichtete Jahresmittelwerte von Feinstaub,12.4
2013,Mikrogramm pro m³,"PM₂,₅",Bevölkerungsgewichtete Jahresmittelwerte von Feinstaub,13.2
2014,Mikrogramm pro m³,"PM₂,₅",Bevölkerungsgewichtete Jahresmittelwerte von Feinstaub,13.0
2015,Mikrogramm pro m³,"PM₂,₅",Bevölkerungsgewichtete Jahresmittelwerte von Feinstaub,11.7
2016,Mikrogramm pro m³,"PM₂,₅",Bevölkerungsgewichtete Jahresmittelwerte von Feinstaub,11.4
2017,Mikrogramm pro m³,"PM₂,₅",Bevölkerungsgewichtete Jahresmittelwerte von Feinstaub,10.9
2018,Mikrogramm pro m³,"PM₂,₅",Bevölkerungsgewichtete Jahresmittelwerte von Feinstaub,11.2
2019,Mikrogramm pro m³,"PM₂,₅",Bevölkerungsgewichtete Jahresmittelwerte von Feinstaub,9.4
2020,Mikrogramm pro m³,"PM₂,₅",Bevölkerungsgewichtete Jahresmittelwerte von Feinstaub,8.8
2021,Mikrogramm pro m³,"PM₂,₅",Bevölkerungsgewichtete Jahresmittelwerte von Feinstaub,9.3
2010,Millionen Einwohner/ -innen,"PM₂,₅",Bevölkerung mit erhöhter Feinstaubexposition,81.7
2011,Millionen Einwohner/ -innen,"PM₂,₅",Bevölkerung mit erhöhter Feinstaubexposition,80.3
2012,Millionen Einwohner/ -innen,"PM₂,₅",Bevölkerung mit erhöhter Feinstaubexposition,80.5
2013,Millionen Einwohner/ -innen,"PM₂,₅",Bevölkerung mit erhöhter Feinstaubexposition,80.8
2014,Millionen Einwohner/ -innen,"PM₂,₅",Bevölkerung mit erhöhter Feinstaubexposition,81.2
2015,Millionen Einwohner/ -innen,"PM₂,₅",Bevölkerung mit erhöhter Feinstaubexposition,82.2
2016,Millionen Einwohner/ -innen,"PM₂,₅",Bevölkerung mit erhöhter Feinstaubexposition,82.5
2017,Millionen Einwohner/ -innen,"PM₂,₅",Bevölkerung mit erhöhter Feinstaubexposition,82.8
2018,Millionen Einwohner/ -innen,"PM₂,₅",Bevölkerung mit erhöhter Feinstaubexposition,83.0
2019,Millionen Einwohner/ -innen,"PM₂,₅",Bevölkerung mit erhöhter Feinstaubexposition,83.2
2020,Millionen Einwohner/ -innen,"PM₂,₅",Bevölkerung mit erhöhter Feinstaubexposition,83.1
2021,Millionen Einwohner/ -innen,"PM₂,₅",Bevölkerung mit erhöhter Feinstaubexposition,83.2
2010,Millionen Einwohner/ -innen,PM₁₀,Bevölkerung mit erhöhter Feinstaubexposition,74.0
2011,Millionen Einwohner/ -innen,PM₁₀,Bevölkerung mit erhöhter Feinstaubexposition,71.0
2012,Millionen Einwohner/ -innen,PM₁₀,Bevölkerung mit erhöhter Feinstaubexposition,56.5
2013,Millionen Einwohner/ -innen,PM₁₀,Bevölkerung mit erhöhter Feinstaubexposition,64.1
2014,Millionen Einwohner/ -innen,PM₁₀,Bevölkerung mit erhöhter Feinstaubexposition,59.2
2015,Millionen Einwohner/ -innen,PM₁₀,Bevölkerung mit erhöhter Feinstaubexposition,50.6
2016,Millionen Einwohner/ -innen,PM₁₀,Bevölkerung mit erhöhter Feinstaubexposition,45.0
2017,Millionen Einwohner/ -innen,PM₁₀,Bevölkerung mit erhöhter Feinstaubexposition,30.9
2018,Millionen Einwohner/ -innen,PM₁₀,Bevölkerung mit erhöhter Feinstaubexposition,46.3
2019,Millionen Einwohner/ -innen,PM₁₀,Bevölkerung mit erhöhter Feinstaubexposition,17.6
2020,Millionen Einwohner/ -innen,PM₁₀,Bevölkerung mit erhöhter Feinstaubexposition,9.9
2021,Millionen Einwohner/ -innen,PM₁₀,Bevölkerung mit erhöhter Feinstaubexposition,16.9
