Year,Zeitreihe,Value
2010,Anteil der Erholungsflächen an der Siedlungs- und Verkehrsfläche in Städten ab 100 000 Einwohner,14.9
2011,Anteil der Erholungsflächen an der Siedlungs- und Verkehrsfläche in Städten ab 100 000 Einwohner,15.2
2012,Anteil der Erholungsflächen an der Siedlungs- und Verkehrsfläche in Städten ab 100 000 Einwohner,15.3
2013,Anteil der Erholungsflächen an der Siedlungs- und Verkehrsfläche in Städten ab 100 000 Einwohner,15.4
2014,Anteil der Erholungsflächen an der Siedlungs- und Verkehrsfläche in Städten ab 100 000 Einwohner,15.3
2015,Anteil der Erholungsflächen an der Siedlungs- und Verkehrsfläche in Städten ab 100 000 Einwohner,15.4
2016,Anteil der Erholungsflächen an der Siedlungs- und Verkehrsfläche in Städten ab 100 000 Einwohner,15.4
