Year,COMMENT_OBS,Bundesland,GeoCode,Value
2010,,Deutschland,,932.4
2011,,Deutschland,,907.5
2012,,Deutschland,,913.3
2013,,Deutschland,,933.5
2014,,Deutschland,,893.4
2015,,Deutschland,,896.7
2016,,Deutschland,,898.6
2017,,Deutschland,,881.6
2018,,Deutschland,,846.2
2019,,Deutschland,,794.6
2020,,Deutschland,,730.9
2021,,Deutschland,,760.4
2022,p,Deutschland,,745.6
2010,,Baden-Württemberg,code08,79.4
2011,,Baden-Württemberg,code08,77.8
2012,,Baden-Württemberg,code08,76.9
2013,,Baden-Württemberg,code08,82.2
2014,,Baden-Württemberg,code08,77.1
2015,,Baden-Württemberg,code08,78.5
2016,,Baden-Württemberg,code08,80.4
2017,,Baden-Württemberg,code08,80.9
2018,,Baden-Württemberg,code08,77.6
2019,,Baden-Württemberg,code08,74.8
2020,p,Baden-Württemberg,code08,
2021,,Baden-Württemberg,code08,
2022,,Baden-Württemberg,code08,
2010,,Bayern,code09,98.0
2011,,Bayern,code09,96.6
2012,,Bayern,code09,96.6
2013,,Bayern,code09,97.3
2014,,Bayern,code09,93.2
2015,,Bayern,code09,94.0
2016,,Bayern,code09,95.7
2017,,Bayern,code09,95.4
2018,,Bayern,code09,93.8
2019,,Bayern,code09,95.4
2020,p,Bayern,code09,
2021,,Bayern,code09,
2022,,Bayern,code09,
2010,,Berlin,code11,19.8
2011,,Berlin,code11,17.4
2012,,Berlin,code11,17.5
2013,,Berlin,code11,18.1
2014,,Berlin,code11,17.2
2015,,Berlin,code11,16.6
2016,,Berlin,code11,16.9
2017,,Berlin,code11,16.7
2018,,Berlin,code11,15.4
2019,,Berlin,code11,14.5
2020,p,Berlin,code11,
2021,,Berlin,code11,
2022,,Berlin,code11,
2010,,Brandenburg,code12,63.9
2011,,Brandenburg,code12,64.0
2012,,Brandenburg,code12,65.0
2013,,Brandenburg,code12,64.4
2014,,Brandenburg,code12,63.2
2015,,Brandenburg,code12,63.3
2016,,Brandenburg,code12,63.1
2017,,Brandenburg,code12,62.7
2018,,Brandenburg,code12,62.9
2019,,Brandenburg,code12,55.5
2020,p,Brandenburg,code12,
2021,,Brandenburg,code12,
2022,,Brandenburg,code12,
2010,,Bremen,code04,14.4
2011,,Bremen,code04,13.5
2012,,Bremen,code04,13.7
2013,,Bremen,code04,13.8
2014,,Bremen,code04,13.1
2015,,Bremen,code04,13.6
2016,,Bremen,code04,13.2
2017,,Bremen,code04,13.7
2018,,Bremen,code04,12.8
2019,,Bremen,code04,11.8
2020,p,Bremen,code04,
2021,,Bremen,code04,
2022,,Bremen,code04,
2010,,Hamburg,code02,12.3
2011,,Hamburg,code02,11.7
2012,,Hamburg,code02,11.5
2013,,Hamburg,code02,11.3
2014,,Hamburg,code02,12.4
2015,,Hamburg,code02,15.4
2016,,Hamburg,code02,15.9
2017,,Hamburg,code02,16.5
2018,,Hamburg,code02,16.7
2019,,Hamburg,code02,15.4
2020,p,Hamburg,code02,
2021,,Hamburg,code02,
2022,,Hamburg,code02,
2010,,Hessen,code06,43.6
2011,,Hessen,code06,41.7
2012,,Hessen,code06,41.7
2013,,Hessen,code06,41.4
2014,,Hessen,code06,38.8
2015,,Hessen,code06,40.6
2016,,Hessen,code06,41.8
2017,,Hessen,code06,40.9
2018,,Hessen,code06,38.9
2019,,Hessen,code06,38.9
2020,p,Hessen,code06,
2021,,Hessen,code06,
2022,,Hessen,code06,
2010,,Mecklenburg-Vorpommern,code13,15.7
2011,,Mecklenburg-Vorpommern,code13,15.0
2012,,Mecklenburg-Vorpommern,code13,15.6
2013,,Mecklenburg-Vorpommern,code13,15.3
2014,,Mecklenburg-Vorpommern,code13,15.5
2015,,Mecklenburg-Vorpommern,code13,15.1
2016,,Mecklenburg-Vorpommern,code13,15.5
2017,,Mecklenburg-Vorpommern,code13,14.4
2018,,Mecklenburg-Vorpommern,code13,13.8
2019,,Mecklenburg-Vorpommern,code13,
2020,p,Mecklenburg-Vorpommern,code13,
2021,,Mecklenburg-Vorpommern,code13,
2022,,Mecklenburg-Vorpommern,code13,
2010,,Niedersachsen,code03,86.0
2011,,Niedersachsen,code03,84.7
2012,,Niedersachsen,code03,82.7
2013,,Niedersachsen,code03,83.5
2014,,Niedersachsen,code03,84.8
2015,,Niedersachsen,code03,84.3
2016,,Niedersachsen,code03,83.9
2017,,Niedersachsen,code03,82.4
2018,,Niedersachsen,code03,80.8
2019,,Niedersachsen,code03,77.7
2020,p,Niedersachsen,code03,
2021,,Niedersachsen,code03,
2022,,Niedersachsen,code03,
2010,,Nordrhein-Westfalen,code05,301.0
2011,,Nordrhein-Westfalen,code05,290.6
2012,,Nordrhein-Westfalen,code05,295.6
2013,,Nordrhein-Westfalen,code05,291.3
2014,,Nordrhein-Westfalen,code05,285.0
2015,,Nordrhein-Westfalen,code05,280.1
2016,,Nordrhein-Westfalen,code05,280.3
2017,,Nordrhein-Westfalen,code05,265.6
2018,,Nordrhein-Westfalen,code05,258.8
2019,,Nordrhein-Westfalen,code05,232.4
2020,p,Nordrhein-Westfalen,code05,
2021,,Nordrhein-Westfalen,code05,
2022,,Nordrhein-Westfalen,code05,
2010,,Rheinland-Pfalz,code07,34.3
2011,,Rheinland-Pfalz,code07,31.9
2012,,Rheinland-Pfalz,code07,32.1
2013,,Rheinland-Pfalz,code07,33.3
2014,,Rheinland-Pfalz,code07,31.3
2015,,Rheinland-Pfalz,code07,31.7
2016,,Rheinland-Pfalz,code07,32.0
2017,,Rheinland-Pfalz,code07,32.4
2018,,Rheinland-Pfalz,code07,31.5
2019,,Rheinland-Pfalz,code07,32.2
2020,p,Rheinland-Pfalz,code07,
2021,,Rheinland-Pfalz,code07,
2022,,Rheinland-Pfalz,code07,
2010,,Saarland,code10,20.4
2011,,Saarland,code10,22.0
2012,,Saarland,code10,22.6
2013,,Saarland,code10,23.7
2014,,Saarland,code10,21.6
2015,,Saarland,code10,22.4
2016,,Saarland,code10,
2017,,Saarland,code10,
2018,,Saarland,code10,
2019,,Saarland,code10,
2020,p,Saarland,code10,
2021,,Saarland,code10,
2022,,Saarland,code10,
2010,,Sachsen,code14,51.5
2011,,Sachsen,code14,49.3
2012,,Sachsen,code14,51.1
2013,,Sachsen,code14,53.8
2014,,Sachsen,code14,52.9
2015,,Sachsen,code14,51.8
2016,,Sachsen,code14,52.2
2017,,Sachsen,code14,53.8
2018,,Sachsen,code14,53.4
2019,,Sachsen,code14,49.7
2020,p,Sachsen,code14,
2021,,Sachsen,code14,
2022,,Sachsen,code14,
2010,,Sachsen-Anhalt,code15,37.3
2011,,Sachsen-Anhalt,code15,37.2
2012,,Sachsen-Anhalt,code15,37.6
2013,,Sachsen-Anhalt,code15,37.0
2014,,Sachsen-Anhalt,code15,35.1
2015,,Sachsen-Anhalt,code15,34.4
2016,,Sachsen-Anhalt,code15,33.6
2017,,Sachsen-Anhalt,code15,33.5
2018,,Sachsen-Anhalt,code15,35.0
2019,,Sachsen-Anhalt,code15,31.4
2020,p,Sachsen-Anhalt,code15,
2021,,Sachsen-Anhalt,code15,
2022,,Sachsen-Anhalt,code15,
2010,,Schleswig-Holstein,code01,27.5
2011,,Schleswig-Holstein,code01,25.9
2012,,Schleswig-Holstein,code01,27.5
2013,,Schleswig-Holstein,code01,27.7
2014,,Schleswig-Holstein,code01,26.5
2015,,Schleswig-Holstein,code01,26.2
2016,,Schleswig-Holstein,code01,26.1
2017,,Schleswig-Holstein,code01,26.1
2018,,Schleswig-Holstein,code01,25.7
2019,,Schleswig-Holstein,code01,24.2
2020,p,Schleswig-Holstein,code01,
2021,,Schleswig-Holstein,code01,
2022,,Schleswig-Holstein,code01,
2010,,Thüringen,code16,13.9
2011,,Thüringen,code16,13.2
2012,,Thüringen,code16,13.5
2013,,Thüringen,code16,13.6
2014,,Thüringen,code16,13.0
2015,,Thüringen,code16,13.0
2016,,Thüringen,code16,13.3
2017,,Thüringen,code16,13.4
2018,,Thüringen,code16,13.4
2019,,Thüringen,code16,13.2
2020,p,Thüringen,code16,
2021,,Thüringen,code16,
2022,,Thüringen,code16,
