Year,Zeitreihe,Value
2010,Durchschnittliche pH-Konzentration in der Deutschen Bucht,8.126
2011,Durchschnittliche pH-Konzentration in der Deutschen Bucht,8.138
2012,Durchschnittliche pH-Konzentration in der Deutschen Bucht,8.113999999999999
2013,Durchschnittliche pH-Konzentration in der Deutschen Bucht,8.127
2014,Durchschnittliche pH-Konzentration in der Deutschen Bucht,8.131
2015,Durchschnittliche pH-Konzentration in der Deutschen Bucht,8.113999999999999
2017,Durchschnittliche pH-Konzentration in der Deutschen Bucht,8.149
