Year,Units,Series,Value
2010,Keine Einheit,Vertragsparteien des Internationalen Saatgutvertrags,1.0
2011,Keine Einheit,Vertragsparteien des Internationalen Saatgutvertrags,1.0
2012,Keine Einheit,Vertragsparteien des Internationalen Saatgutvertrags,1.0
2013,Keine Einheit,Vertragsparteien des Internationalen Saatgutvertrags,1.0
2014,Keine Einheit,Vertragsparteien des Internationalen Saatgutvertrags,1.0
2015,Keine Einheit,Vertragsparteien des Internationalen Saatgutvertrags,1.0
2016,Keine Einheit,Vertragsparteien des Internationalen Saatgutvertrags,1.0
2017,Keine Einheit,Vertragsparteien des Internationalen Saatgutvertrags,1.0
2018,Keine Einheit,Vertragsparteien des Internationalen Saatgutvertrags,1.0
2019,Keine Einheit,Vertragsparteien des Internationalen Saatgutvertrags,1.0
2020,Keine Einheit,Vertragsparteien des Internationalen Saatgutvertrags,1.0
2021,Keine Einheit,Vertragsparteien des Internationalen Saatgutvertrags,1.0
2010,Keine Einheit,Vertragsparteien des Nagoya-Protokoll,
2011,Keine Einheit,Vertragsparteien des Nagoya-Protokoll,
2012,Keine Einheit,Vertragsparteien des Nagoya-Protokoll,
2013,Keine Einheit,Vertragsparteien des Nagoya-Protokoll,
2014,Keine Einheit,Vertragsparteien des Nagoya-Protokoll,
2015,Keine Einheit,Vertragsparteien des Nagoya-Protokoll,
2016,Keine Einheit,Vertragsparteien des Nagoya-Protokoll,1.0
2017,Keine Einheit,Vertragsparteien des Nagoya-Protokoll,1.0
2018,Keine Einheit,Vertragsparteien des Nagoya-Protokoll,1.0
2019,Keine Einheit,Vertragsparteien des Nagoya-Protokoll,1.0
2020,Keine Einheit,Vertragsparteien des Nagoya-Protokoll,1.0
2021,Keine Einheit,Vertragsparteien des Nagoya-Protokoll,1.0
2010,Keine Einheit,"Länder, die über gesetzliche, administrative und politische Rahmenbedingungen oder Maßnahmen verfügen, die über das Online-Berichtssystem zur Einhaltung des Internationalen Saatgutvertrag gemeldet wurden",
2011,Keine Einheit,"Länder, die über gesetzliche, administrative und politische Rahmenbedingungen oder Maßnahmen verfügen, die über das Online-Berichtssystem zur Einhaltung des Internationalen Saatgutvertrag gemeldet wurden",
2012,Keine Einheit,"Länder, die über gesetzliche, administrative und politische Rahmenbedingungen oder Maßnahmen verfügen, die über das Online-Berichtssystem zur Einhaltung des Internationalen Saatgutvertrag gemeldet wurden",
2013,Keine Einheit,"Länder, die über gesetzliche, administrative und politische Rahmenbedingungen oder Maßnahmen verfügen, die über das Online-Berichtssystem zur Einhaltung des Internationalen Saatgutvertrag gemeldet wurden",
2014,Keine Einheit,"Länder, die über gesetzliche, administrative und politische Rahmenbedingungen oder Maßnahmen verfügen, die über das Online-Berichtssystem zur Einhaltung des Internationalen Saatgutvertrag gemeldet wurden",
2015,Keine Einheit,"Länder, die über gesetzliche, administrative und politische Rahmenbedingungen oder Maßnahmen verfügen, die über das Online-Berichtssystem zur Einhaltung des Internationalen Saatgutvertrag gemeldet wurden",
2016,Keine Einheit,"Länder, die über gesetzliche, administrative und politische Rahmenbedingungen oder Maßnahmen verfügen, die über das Online-Berichtssystem zur Einhaltung des Internationalen Saatgutvertrag gemeldet wurden",1.0
2017,Keine Einheit,"Länder, die über gesetzliche, administrative und politische Rahmenbedingungen oder Maßnahmen verfügen, die über das Online-Berichtssystem zur Einhaltung des Internationalen Saatgutvertrag gemeldet wurden",1.0
2018,Keine Einheit,"Länder, die über gesetzliche, administrative und politische Rahmenbedingungen oder Maßnahmen verfügen, die über das Online-Berichtssystem zur Einhaltung des Internationalen Saatgutvertrag gemeldet wurden",1.0
2019,Keine Einheit,"Länder, die über gesetzliche, administrative und politische Rahmenbedingungen oder Maßnahmen verfügen, die über das Online-Berichtssystem zur Einhaltung des Internationalen Saatgutvertrag gemeldet wurden",1.0
2020,Keine Einheit,"Länder, die über gesetzliche, administrative und politische Rahmenbedingungen oder Maßnahmen verfügen, die über das Online-Berichtssystem zur Einhaltung des Internationalen Saatgutvertrag gemeldet wurden",1.0
2021,Keine Einheit,"Länder, die über gesetzliche, administrative und politische Rahmenbedingungen oder Maßnahmen verfügen, die über das Online-Berichtssystem zur Einhaltung des Internationalen Saatgutvertrag gemeldet wurden",1.0
2010,Keine Einheit,"Länder, die über gesetzliche, administrative und politische Rahmenbedingungen oder Maßnahmen verfügen, die dem Access and Benefit-Sharing Clearing-House gemeldet wurden",1.0
2011,Keine Einheit,"Länder, die über gesetzliche, administrative und politische Rahmenbedingungen oder Maßnahmen verfügen, die dem Access and Benefit-Sharing Clearing-House gemeldet wurden",1.0
2012,Keine Einheit,"Länder, die über gesetzliche, administrative und politische Rahmenbedingungen oder Maßnahmen verfügen, die dem Access and Benefit-Sharing Clearing-House gemeldet wurden",1.0
2013,Keine Einheit,"Länder, die über gesetzliche, administrative und politische Rahmenbedingungen oder Maßnahmen verfügen, die dem Access and Benefit-Sharing Clearing-House gemeldet wurden",1.0
2014,Keine Einheit,"Länder, die über gesetzliche, administrative und politische Rahmenbedingungen oder Maßnahmen verfügen, die dem Access and Benefit-Sharing Clearing-House gemeldet wurden",1.0
2015,Keine Einheit,"Länder, die über gesetzliche, administrative und politische Rahmenbedingungen oder Maßnahmen verfügen, die dem Access and Benefit-Sharing Clearing-House gemeldet wurden",1.0
2016,Keine Einheit,"Länder, die über gesetzliche, administrative und politische Rahmenbedingungen oder Maßnahmen verfügen, die dem Access and Benefit-Sharing Clearing-House gemeldet wurden",1.0
2017,Keine Einheit,"Länder, die über gesetzliche, administrative und politische Rahmenbedingungen oder Maßnahmen verfügen, die dem Access and Benefit-Sharing Clearing-House gemeldet wurden",1.0
2018,Keine Einheit,"Länder, die über gesetzliche, administrative und politische Rahmenbedingungen oder Maßnahmen verfügen, die dem Access and Benefit-Sharing Clearing-House gemeldet wurden",1.0
2019,Keine Einheit,"Länder, die über gesetzliche, administrative und politische Rahmenbedingungen oder Maßnahmen verfügen, die dem Access and Benefit-Sharing Clearing-House gemeldet wurden",1.0
2020,Keine Einheit,"Länder, die über gesetzliche, administrative und politische Rahmenbedingungen oder Maßnahmen verfügen, die dem Access and Benefit-Sharing Clearing-House gemeldet wurden",1.0
2021,Keine Einheit,"Länder, die über gesetzliche, administrative und politische Rahmenbedingungen oder Maßnahmen verfügen, die dem Access and Benefit-Sharing Clearing-House gemeldet wurden",1.0
2010,Anzahl,Anzahl standardisierter Materialübertragungsvereinbarungen,
2011,Anzahl,Anzahl standardisierter Materialübertragungsvereinbarungen,
2012,Anzahl,Anzahl standardisierter Materialübertragungsvereinbarungen,3898.0
2013,Anzahl,Anzahl standardisierter Materialübertragungsvereinbarungen,5012.0
2014,Anzahl,Anzahl standardisierter Materialübertragungsvereinbarungen,6068.0
2015,Anzahl,Anzahl standardisierter Materialübertragungsvereinbarungen,7292.0
2016,Anzahl,Anzahl standardisierter Materialübertragungsvereinbarungen,8347.0
2017,Anzahl,Anzahl standardisierter Materialübertragungsvereinbarungen,8728.0
2018,Anzahl,Anzahl standardisierter Materialübertragungsvereinbarungen,9120.0
2019,Anzahl,Anzahl standardisierter Materialübertragungsvereinbarungen,9476.0
2020,Anzahl,Anzahl standardisierter Materialübertragungsvereinbarungen,9673.0
2021,Anzahl,Anzahl standardisierter Materialübertragungsvereinbarungen,
