Year,Zeitreihe,Rechtsvorschrift,Value
2010,"(1) a) Nationale Rechtsvorschriften, die als relevant für die Verhinderung der Einschleppung invasiver gebietsfremder Arten und deren Bekämpfung angesehen werden",Übereinkommen über die biologische Vielfalt,1.0
2011,"(1) a) Nationale Rechtsvorschriften, die als relevant für die Verhinderung der Einschleppung invasiver gebietsfremder Arten und deren Bekämpfung angesehen werden",Übereinkommen über die biologische Vielfalt,1.0
2012,"(1) a) Nationale Rechtsvorschriften, die als relevant für die Verhinderung der Einschleppung invasiver gebietsfremder Arten und deren Bekämpfung angesehen werden",Übereinkommen über die biologische Vielfalt,1.0
2013,"(1) a) Nationale Rechtsvorschriften, die als relevant für die Verhinderung der Einschleppung invasiver gebietsfremder Arten und deren Bekämpfung angesehen werden",Übereinkommen über die biologische Vielfalt,1.0
2014,"(1) a) Nationale Rechtsvorschriften, die als relevant für die Verhinderung der Einschleppung invasiver gebietsfremder Arten und deren Bekämpfung angesehen werden",Übereinkommen über die biologische Vielfalt,1.0
2015,"(1) a) Nationale Rechtsvorschriften, die als relevant für die Verhinderung der Einschleppung invasiver gebietsfremder Arten und deren Bekämpfung angesehen werden",Übereinkommen über die biologische Vielfalt,1.0
2016,"(1) a) Nationale Rechtsvorschriften, die als relevant für die Verhinderung der Einschleppung invasiver gebietsfremder Arten und deren Bekämpfung angesehen werden",Übereinkommen über die biologische Vielfalt,1.0
2017,"(1) a) Nationale Rechtsvorschriften, die als relevant für die Verhinderung der Einschleppung invasiver gebietsfremder Arten und deren Bekämpfung angesehen werden",Übereinkommen über die biologische Vielfalt,1.0
2018,"(1) a) Nationale Rechtsvorschriften, die als relevant für die Verhinderung der Einschleppung invasiver gebietsfremder Arten und deren Bekämpfung angesehen werden",Übereinkommen über die biologische Vielfalt,1.0
2019,"(1) a) Nationale Rechtsvorschriften, die als relevant für die Verhinderung der Einschleppung invasiver gebietsfremder Arten und deren Bekämpfung angesehen werden",Übereinkommen über die biologische Vielfalt,1.0
2020,"(1) a) Nationale Rechtsvorschriften, die als relevant für die Verhinderung der Einschleppung invasiver gebietsfremder Arten und deren Bekämpfung angesehen werden",Übereinkommen über die biologische Vielfalt,1.0
2010,"(1) a) Nationale Rechtsvorschriften, die als relevant für die Verhinderung der Einschleppung invasiver gebietsfremder Arten und deren Bekämpfung angesehen werden",Cartagena-Protokoll,1.0
2011,"(1) a) Nationale Rechtsvorschriften, die als relevant für die Verhinderung der Einschleppung invasiver gebietsfremder Arten und deren Bekämpfung angesehen werden",Cartagena-Protokoll,1.0
2012,"(1) a) Nationale Rechtsvorschriften, die als relevant für die Verhinderung der Einschleppung invasiver gebietsfremder Arten und deren Bekämpfung angesehen werden",Cartagena-Protokoll,1.0
2013,"(1) a) Nationale Rechtsvorschriften, die als relevant für die Verhinderung der Einschleppung invasiver gebietsfremder Arten und deren Bekämpfung angesehen werden",Cartagena-Protokoll,1.0
2014,"(1) a) Nationale Rechtsvorschriften, die als relevant für die Verhinderung der Einschleppung invasiver gebietsfremder Arten und deren Bekämpfung angesehen werden",Cartagena-Protokoll,1.0
2015,"(1) a) Nationale Rechtsvorschriften, die als relevant für die Verhinderung der Einschleppung invasiver gebietsfremder Arten und deren Bekämpfung angesehen werden",Cartagena-Protokoll,1.0
2016,"(1) a) Nationale Rechtsvorschriften, die als relevant für die Verhinderung der Einschleppung invasiver gebietsfremder Arten und deren Bekämpfung angesehen werden",Cartagena-Protokoll,1.0
2017,"(1) a) Nationale Rechtsvorschriften, die als relevant für die Verhinderung der Einschleppung invasiver gebietsfremder Arten und deren Bekämpfung angesehen werden",Cartagena-Protokoll,1.0
2018,"(1) a) Nationale Rechtsvorschriften, die als relevant für die Verhinderung der Einschleppung invasiver gebietsfremder Arten und deren Bekämpfung angesehen werden",Cartagena-Protokoll,1.0
2019,"(1) a) Nationale Rechtsvorschriften, die als relevant für die Verhinderung der Einschleppung invasiver gebietsfremder Arten und deren Bekämpfung angesehen werden",Cartagena-Protokoll,1.0
2020,"(1) a) Nationale Rechtsvorschriften, die als relevant für die Verhinderung der Einschleppung invasiver gebietsfremder Arten und deren Bekämpfung angesehen werden",Cartagena-Protokoll,1.0
2010,"(1) a) Nationale Rechtsvorschriften, die als relevant für die Verhinderung der Einschleppung invasiver gebietsfremder Arten und deren Bekämpfung angesehen werden",Internationales Pflanzenschutzübereinkommen,1.0
2011,"(1) a) Nationale Rechtsvorschriften, die als relevant für die Verhinderung der Einschleppung invasiver gebietsfremder Arten und deren Bekämpfung angesehen werden",Internationales Pflanzenschutzübereinkommen,1.0
2012,"(1) a) Nationale Rechtsvorschriften, die als relevant für die Verhinderung der Einschleppung invasiver gebietsfremder Arten und deren Bekämpfung angesehen werden",Internationales Pflanzenschutzübereinkommen,1.0
2013,"(1) a) Nationale Rechtsvorschriften, die als relevant für die Verhinderung der Einschleppung invasiver gebietsfremder Arten und deren Bekämpfung angesehen werden",Internationales Pflanzenschutzübereinkommen,1.0
2014,"(1) a) Nationale Rechtsvorschriften, die als relevant für die Verhinderung der Einschleppung invasiver gebietsfremder Arten und deren Bekämpfung angesehen werden",Internationales Pflanzenschutzübereinkommen,1.0
2015,"(1) a) Nationale Rechtsvorschriften, die als relevant für die Verhinderung der Einschleppung invasiver gebietsfremder Arten und deren Bekämpfung angesehen werden",Internationales Pflanzenschutzübereinkommen,1.0
2016,"(1) a) Nationale Rechtsvorschriften, die als relevant für die Verhinderung der Einschleppung invasiver gebietsfremder Arten und deren Bekämpfung angesehen werden",Internationales Pflanzenschutzübereinkommen,1.0
2017,"(1) a) Nationale Rechtsvorschriften, die als relevant für die Verhinderung der Einschleppung invasiver gebietsfremder Arten und deren Bekämpfung angesehen werden",Internationales Pflanzenschutzübereinkommen,1.0
2018,"(1) a) Nationale Rechtsvorschriften, die als relevant für die Verhinderung der Einschleppung invasiver gebietsfremder Arten und deren Bekämpfung angesehen werden",Internationales Pflanzenschutzübereinkommen,1.0
2019,"(1) a) Nationale Rechtsvorschriften, die als relevant für die Verhinderung der Einschleppung invasiver gebietsfremder Arten und deren Bekämpfung angesehen werden",Internationales Pflanzenschutzübereinkommen,1.0
2020,"(1) a) Nationale Rechtsvorschriften, die als relevant für die Verhinderung der Einschleppung invasiver gebietsfremder Arten und deren Bekämpfung angesehen werden",Internationales Pflanzenschutzübereinkommen,1.0
2010,"(1) a) Nationale Rechtsvorschriften, die als relevant für die Verhinderung der Einschleppung invasiver gebietsfremder Arten und deren Bekämpfung angesehen werden",Übereinkommen über gesundheitspolizeiliche und pflanzenschutzrechtliche Maßnahmen der Welthandelsorganisation,1.0
2011,"(1) a) Nationale Rechtsvorschriften, die als relevant für die Verhinderung der Einschleppung invasiver gebietsfremder Arten und deren Bekämpfung angesehen werden",Übereinkommen über gesundheitspolizeiliche und pflanzenschutzrechtliche Maßnahmen der Welthandelsorganisation,1.0
2012,"(1) a) Nationale Rechtsvorschriften, die als relevant für die Verhinderung der Einschleppung invasiver gebietsfremder Arten und deren Bekämpfung angesehen werden",Übereinkommen über gesundheitspolizeiliche und pflanzenschutzrechtliche Maßnahmen der Welthandelsorganisation,1.0
2013,"(1) a) Nationale Rechtsvorschriften, die als relevant für die Verhinderung der Einschleppung invasiver gebietsfremder Arten und deren Bekämpfung angesehen werden",Übereinkommen über gesundheitspolizeiliche und pflanzenschutzrechtliche Maßnahmen der Welthandelsorganisation,1.0
2014,"(1) a) Nationale Rechtsvorschriften, die als relevant für die Verhinderung der Einschleppung invasiver gebietsfremder Arten und deren Bekämpfung angesehen werden",Übereinkommen über gesundheitspolizeiliche und pflanzenschutzrechtliche Maßnahmen der Welthandelsorganisation,1.0
2015,"(1) a) Nationale Rechtsvorschriften, die als relevant für die Verhinderung der Einschleppung invasiver gebietsfremder Arten und deren Bekämpfung angesehen werden",Übereinkommen über gesundheitspolizeiliche und pflanzenschutzrechtliche Maßnahmen der Welthandelsorganisation,1.0
2016,"(1) a) Nationale Rechtsvorschriften, die als relevant für die Verhinderung der Einschleppung invasiver gebietsfremder Arten und deren Bekämpfung angesehen werden",Übereinkommen über gesundheitspolizeiliche und pflanzenschutzrechtliche Maßnahmen der Welthandelsorganisation,1.0
2017,"(1) a) Nationale Rechtsvorschriften, die als relevant für die Verhinderung der Einschleppung invasiver gebietsfremder Arten und deren Bekämpfung angesehen werden",Übereinkommen über gesundheitspolizeiliche und pflanzenschutzrechtliche Maßnahmen der Welthandelsorganisation,1.0
2018,"(1) a) Nationale Rechtsvorschriften, die als relevant für die Verhinderung der Einschleppung invasiver gebietsfremder Arten und deren Bekämpfung angesehen werden",Übereinkommen über gesundheitspolizeiliche und pflanzenschutzrechtliche Maßnahmen der Welthandelsorganisation,1.0
2019,"(1) a) Nationale Rechtsvorschriften, die als relevant für die Verhinderung der Einschleppung invasiver gebietsfremder Arten und deren Bekämpfung angesehen werden",Übereinkommen über gesundheitspolizeiliche und pflanzenschutzrechtliche Maßnahmen der Welthandelsorganisation,1.0
2020,"(1) a) Nationale Rechtsvorschriften, die als relevant für die Verhinderung der Einschleppung invasiver gebietsfremder Arten und deren Bekämpfung angesehen werden",Übereinkommen über gesundheitspolizeiliche und pflanzenschutzrechtliche Maßnahmen der Welthandelsorganisation,1.0
2010,"(1) a) Nationale Rechtsvorschriften, die als relevant für die Verhinderung der Einschleppung invasiver gebietsfremder Arten und deren Bekämpfung angesehen werden",Weltorganisation für Tiergesundheit,1.0
2011,"(1) a) Nationale Rechtsvorschriften, die als relevant für die Verhinderung der Einschleppung invasiver gebietsfremder Arten und deren Bekämpfung angesehen werden",Weltorganisation für Tiergesundheit,1.0
2012,"(1) a) Nationale Rechtsvorschriften, die als relevant für die Verhinderung der Einschleppung invasiver gebietsfremder Arten und deren Bekämpfung angesehen werden",Weltorganisation für Tiergesundheit,1.0
2013,"(1) a) Nationale Rechtsvorschriften, die als relevant für die Verhinderung der Einschleppung invasiver gebietsfremder Arten und deren Bekämpfung angesehen werden",Weltorganisation für Tiergesundheit,1.0
2014,"(1) a) Nationale Rechtsvorschriften, die als relevant für die Verhinderung der Einschleppung invasiver gebietsfremder Arten und deren Bekämpfung angesehen werden",Weltorganisation für Tiergesundheit,1.0
2015,"(1) a) Nationale Rechtsvorschriften, die als relevant für die Verhinderung der Einschleppung invasiver gebietsfremder Arten und deren Bekämpfung angesehen werden",Weltorganisation für Tiergesundheit,1.0
2016,"(1) a) Nationale Rechtsvorschriften, die als relevant für die Verhinderung der Einschleppung invasiver gebietsfremder Arten und deren Bekämpfung angesehen werden",Weltorganisation für Tiergesundheit,1.0
2017,"(1) a) Nationale Rechtsvorschriften, die als relevant für die Verhinderung der Einschleppung invasiver gebietsfremder Arten und deren Bekämpfung angesehen werden",Weltorganisation für Tiergesundheit,1.0
2018,"(1) a) Nationale Rechtsvorschriften, die als relevant für die Verhinderung der Einschleppung invasiver gebietsfremder Arten und deren Bekämpfung angesehen werden",Weltorganisation für Tiergesundheit,1.0
2019,"(1) a) Nationale Rechtsvorschriften, die als relevant für die Verhinderung der Einschleppung invasiver gebietsfremder Arten und deren Bekämpfung angesehen werden",Weltorganisation für Tiergesundheit,1.0
2020,"(1) a) Nationale Rechtsvorschriften, die als relevant für die Verhinderung der Einschleppung invasiver gebietsfremder Arten und deren Bekämpfung angesehen werden",Weltorganisation für Tiergesundheit,1.0
2010,"(1) a) Nationale Rechtsvorschriften, die als relevant für die Verhinderung der Einschleppung invasiver gebietsfremder Arten und deren Bekämpfung angesehen werden",Übereinkommenüber den internationalen Handel mit gefährdeten Arten freilebender Tiere und Pflanzen,1.0
2011,"(1) a) Nationale Rechtsvorschriften, die als relevant für die Verhinderung der Einschleppung invasiver gebietsfremder Arten und deren Bekämpfung angesehen werden",Übereinkommenüber den internationalen Handel mit gefährdeten Arten freilebender Tiere und Pflanzen,1.0
2012,"(1) a) Nationale Rechtsvorschriften, die als relevant für die Verhinderung der Einschleppung invasiver gebietsfremder Arten und deren Bekämpfung angesehen werden",Übereinkommenüber den internationalen Handel mit gefährdeten Arten freilebender Tiere und Pflanzen,1.0
2013,"(1) a) Nationale Rechtsvorschriften, die als relevant für die Verhinderung der Einschleppung invasiver gebietsfremder Arten und deren Bekämpfung angesehen werden",Übereinkommenüber den internationalen Handel mit gefährdeten Arten freilebender Tiere und Pflanzen,1.0
2014,"(1) a) Nationale Rechtsvorschriften, die als relevant für die Verhinderung der Einschleppung invasiver gebietsfremder Arten und deren Bekämpfung angesehen werden",Übereinkommenüber den internationalen Handel mit gefährdeten Arten freilebender Tiere und Pflanzen,1.0
2015,"(1) a) Nationale Rechtsvorschriften, die als relevant für die Verhinderung der Einschleppung invasiver gebietsfremder Arten und deren Bekämpfung angesehen werden",Übereinkommenüber den internationalen Handel mit gefährdeten Arten freilebender Tiere und Pflanzen,1.0
2016,"(1) a) Nationale Rechtsvorschriften, die als relevant für die Verhinderung der Einschleppung invasiver gebietsfremder Arten und deren Bekämpfung angesehen werden",Übereinkommenüber den internationalen Handel mit gefährdeten Arten freilebender Tiere und Pflanzen,1.0
2017,"(1) a) Nationale Rechtsvorschriften, die als relevant für die Verhinderung der Einschleppung invasiver gebietsfremder Arten und deren Bekämpfung angesehen werden",Übereinkommenüber den internationalen Handel mit gefährdeten Arten freilebender Tiere und Pflanzen,1.0
2018,"(1) a) Nationale Rechtsvorschriften, die als relevant für die Verhinderung der Einschleppung invasiver gebietsfremder Arten und deren Bekämpfung angesehen werden",Übereinkommenüber den internationalen Handel mit gefährdeten Arten freilebender Tiere und Pflanzen,1.0
2019,"(1) a) Nationale Rechtsvorschriften, die als relevant für die Verhinderung der Einschleppung invasiver gebietsfremder Arten und deren Bekämpfung angesehen werden",Übereinkommenüber den internationalen Handel mit gefährdeten Arten freilebender Tiere und Pflanzen,1.0
2020,"(1) a) Nationale Rechtsvorschriften, die als relevant für die Verhinderung der Einschleppung invasiver gebietsfremder Arten und deren Bekämpfung angesehen werden",Übereinkommenüber den internationalen Handel mit gefährdeten Arten freilebender Tiere und Pflanzen,1.0
2010,"(1) a) Nationale Rechtsvorschriften, die als relevant für die Verhinderung der Einschleppung invasiver gebietsfremder Arten und deren Bekämpfung angesehen werden",Ramsar-Konvention,1.0
2011,"(1) a) Nationale Rechtsvorschriften, die als relevant für die Verhinderung der Einschleppung invasiver gebietsfremder Arten und deren Bekämpfung angesehen werden",Ramsar-Konvention,1.0
2012,"(1) a) Nationale Rechtsvorschriften, die als relevant für die Verhinderung der Einschleppung invasiver gebietsfremder Arten und deren Bekämpfung angesehen werden",Ramsar-Konvention,1.0
2013,"(1) a) Nationale Rechtsvorschriften, die als relevant für die Verhinderung der Einschleppung invasiver gebietsfremder Arten und deren Bekämpfung angesehen werden",Ramsar-Konvention,1.0
2014,"(1) a) Nationale Rechtsvorschriften, die als relevant für die Verhinderung der Einschleppung invasiver gebietsfremder Arten und deren Bekämpfung angesehen werden",Ramsar-Konvention,1.0
2015,"(1) a) Nationale Rechtsvorschriften, die als relevant für die Verhinderung der Einschleppung invasiver gebietsfremder Arten und deren Bekämpfung angesehen werden",Ramsar-Konvention,1.0
2016,"(1) a) Nationale Rechtsvorschriften, die als relevant für die Verhinderung der Einschleppung invasiver gebietsfremder Arten und deren Bekämpfung angesehen werden",Ramsar-Konvention,1.0
2017,"(1) a) Nationale Rechtsvorschriften, die als relevant für die Verhinderung der Einschleppung invasiver gebietsfremder Arten und deren Bekämpfung angesehen werden",Ramsar-Konvention,1.0
2018,"(1) a) Nationale Rechtsvorschriften, die als relevant für die Verhinderung der Einschleppung invasiver gebietsfremder Arten und deren Bekämpfung angesehen werden",Ramsar-Konvention,1.0
2019,"(1) a) Nationale Rechtsvorschriften, die als relevant für die Verhinderung der Einschleppung invasiver gebietsfremder Arten und deren Bekämpfung angesehen werden",Ramsar-Konvention,1.0
2020,"(1) a) Nationale Rechtsvorschriften, die als relevant für die Verhinderung der Einschleppung invasiver gebietsfremder Arten und deren Bekämpfung angesehen werden",Ramsar-Konvention,1.0
2010,"(1) a) Nationale Rechtsvorschriften, die als relevant für die Verhinderung der Einschleppung invasiver gebietsfremder Arten und deren Bekämpfung angesehen werden",Übereinkommen zur Erhaltung wandernder wild lebender Tierarten,1.0
2011,"(1) a) Nationale Rechtsvorschriften, die als relevant für die Verhinderung der Einschleppung invasiver gebietsfremder Arten und deren Bekämpfung angesehen werden",Übereinkommen zur Erhaltung wandernder wild lebender Tierarten,1.0
2012,"(1) a) Nationale Rechtsvorschriften, die als relevant für die Verhinderung der Einschleppung invasiver gebietsfremder Arten und deren Bekämpfung angesehen werden",Übereinkommen zur Erhaltung wandernder wild lebender Tierarten,1.0
2013,"(1) a) Nationale Rechtsvorschriften, die als relevant für die Verhinderung der Einschleppung invasiver gebietsfremder Arten und deren Bekämpfung angesehen werden",Übereinkommen zur Erhaltung wandernder wild lebender Tierarten,1.0
2014,"(1) a) Nationale Rechtsvorschriften, die als relevant für die Verhinderung der Einschleppung invasiver gebietsfremder Arten und deren Bekämpfung angesehen werden",Übereinkommen zur Erhaltung wandernder wild lebender Tierarten,1.0
2015,"(1) a) Nationale Rechtsvorschriften, die als relevant für die Verhinderung der Einschleppung invasiver gebietsfremder Arten und deren Bekämpfung angesehen werden",Übereinkommen zur Erhaltung wandernder wild lebender Tierarten,1.0
2016,"(1) a) Nationale Rechtsvorschriften, die als relevant für die Verhinderung der Einschleppung invasiver gebietsfremder Arten und deren Bekämpfung angesehen werden",Übereinkommen zur Erhaltung wandernder wild lebender Tierarten,1.0
2017,"(1) a) Nationale Rechtsvorschriften, die als relevant für die Verhinderung der Einschleppung invasiver gebietsfremder Arten und deren Bekämpfung angesehen werden",Übereinkommen zur Erhaltung wandernder wild lebender Tierarten,1.0
2018,"(1) a) Nationale Rechtsvorschriften, die als relevant für die Verhinderung der Einschleppung invasiver gebietsfremder Arten und deren Bekämpfung angesehen werden",Übereinkommen zur Erhaltung wandernder wild lebender Tierarten,1.0
2019,"(1) a) Nationale Rechtsvorschriften, die als relevant für die Verhinderung der Einschleppung invasiver gebietsfremder Arten und deren Bekämpfung angesehen werden",Übereinkommen zur Erhaltung wandernder wild lebender Tierarten,1.0
2020,"(1) a) Nationale Rechtsvorschriften, die als relevant für die Verhinderung der Einschleppung invasiver gebietsfremder Arten und deren Bekämpfung angesehen werden",Übereinkommen zur Erhaltung wandernder wild lebender Tierarten,1.0
2010,"(1) a) Nationale Rechtsvorschriften, die als relevant für die Verhinderung der Einschleppung invasiver gebietsfremder Arten und deren Bekämpfung angesehen werden",Welterbekonvention,1.0
2011,"(1) a) Nationale Rechtsvorschriften, die als relevant für die Verhinderung der Einschleppung invasiver gebietsfremder Arten und deren Bekämpfung angesehen werden",Welterbekonvention,1.0
2012,"(1) a) Nationale Rechtsvorschriften, die als relevant für die Verhinderung der Einschleppung invasiver gebietsfremder Arten und deren Bekämpfung angesehen werden",Welterbekonvention,1.0
2013,"(1) a) Nationale Rechtsvorschriften, die als relevant für die Verhinderung der Einschleppung invasiver gebietsfremder Arten und deren Bekämpfung angesehen werden",Welterbekonvention,1.0
2014,"(1) a) Nationale Rechtsvorschriften, die als relevant für die Verhinderung der Einschleppung invasiver gebietsfremder Arten und deren Bekämpfung angesehen werden",Welterbekonvention,1.0
2015,"(1) a) Nationale Rechtsvorschriften, die als relevant für die Verhinderung der Einschleppung invasiver gebietsfremder Arten und deren Bekämpfung angesehen werden",Welterbekonvention,1.0
2016,"(1) a) Nationale Rechtsvorschriften, die als relevant für die Verhinderung der Einschleppung invasiver gebietsfremder Arten und deren Bekämpfung angesehen werden",Welterbekonvention,1.0
2017,"(1) a) Nationale Rechtsvorschriften, die als relevant für die Verhinderung der Einschleppung invasiver gebietsfremder Arten und deren Bekämpfung angesehen werden",Welterbekonvention,1.0
2018,"(1) a) Nationale Rechtsvorschriften, die als relevant für die Verhinderung der Einschleppung invasiver gebietsfremder Arten und deren Bekämpfung angesehen werden",Welterbekonvention,1.0
2019,"(1) a) Nationale Rechtsvorschriften, die als relevant für die Verhinderung der Einschleppung invasiver gebietsfremder Arten und deren Bekämpfung angesehen werden",Welterbekonvention,1.0
2020,"(1) a) Nationale Rechtsvorschriften, die als relevant für die Verhinderung der Einschleppung invasiver gebietsfremder Arten und deren Bekämpfung angesehen werden",Welterbekonvention,1.0
2010,"(1) a) Nationale Rechtsvorschriften, die als relevant für die Verhinderung der Einschleppung invasiver gebietsfremder Arten und deren Bekämpfung angesehen werden",Ballastwasser-Übereinkommen,1.0
2011,"(1) a) Nationale Rechtsvorschriften, die als relevant für die Verhinderung der Einschleppung invasiver gebietsfremder Arten und deren Bekämpfung angesehen werden",Ballastwasser-Übereinkommen,1.0
2012,"(1) a) Nationale Rechtsvorschriften, die als relevant für die Verhinderung der Einschleppung invasiver gebietsfremder Arten und deren Bekämpfung angesehen werden",Ballastwasser-Übereinkommen,1.0
2013,"(1) a) Nationale Rechtsvorschriften, die als relevant für die Verhinderung der Einschleppung invasiver gebietsfremder Arten und deren Bekämpfung angesehen werden",Ballastwasser-Übereinkommen,1.0
2014,"(1) a) Nationale Rechtsvorschriften, die als relevant für die Verhinderung der Einschleppung invasiver gebietsfremder Arten und deren Bekämpfung angesehen werden",Ballastwasser-Übereinkommen,1.0
2015,"(1) a) Nationale Rechtsvorschriften, die als relevant für die Verhinderung der Einschleppung invasiver gebietsfremder Arten und deren Bekämpfung angesehen werden",Ballastwasser-Übereinkommen,1.0
2016,"(1) a) Nationale Rechtsvorschriften, die als relevant für die Verhinderung der Einschleppung invasiver gebietsfremder Arten und deren Bekämpfung angesehen werden",Ballastwasser-Übereinkommen,1.0
2017,"(1) a) Nationale Rechtsvorschriften, die als relevant für die Verhinderung der Einschleppung invasiver gebietsfremder Arten und deren Bekämpfung angesehen werden",Ballastwasser-Übereinkommen,1.0
2018,"(1) a) Nationale Rechtsvorschriften, die als relevant für die Verhinderung der Einschleppung invasiver gebietsfremder Arten und deren Bekämpfung angesehen werden",Ballastwasser-Übereinkommen,1.0
2019,"(1) a) Nationale Rechtsvorschriften, die als relevant für die Verhinderung der Einschleppung invasiver gebietsfremder Arten und deren Bekämpfung angesehen werden",Ballastwasser-Übereinkommen,1.0
2020,"(1) a) Nationale Rechtsvorschriften, die als relevant für die Verhinderung der Einschleppung invasiver gebietsfremder Arten und deren Bekämpfung angesehen werden",Ballastwasser-Übereinkommen,1.0
2010,(1) (b) Angleichung der Ziele des Nationalen Strategie- und Aktionsplans für biologische Vielfalt (NBSAP) an das Aichi-Biodiversitätsziel 9 des Strategieplans für biologische Vielfalt 2011-2020,,1.0
2011,(1) (b) Angleichung der Ziele des Nationalen Strategie- und Aktionsplans für biologische Vielfalt (NBSAP) an das Aichi-Biodiversitätsziel 9 des Strategieplans für biologische Vielfalt 2011-2020,,1.0
2012,(1) (b) Angleichung der Ziele des Nationalen Strategie- und Aktionsplans für biologische Vielfalt (NBSAP) an das Aichi-Biodiversitätsziel 9 des Strategieplans für biologische Vielfalt 2011-2020,,1.0
2013,(1) (b) Angleichung der Ziele des Nationalen Strategie- und Aktionsplans für biologische Vielfalt (NBSAP) an das Aichi-Biodiversitätsziel 9 des Strategieplans für biologische Vielfalt 2011-2020,,1.0
2014,(1) (b) Angleichung der Ziele des Nationalen Strategie- und Aktionsplans für biologische Vielfalt (NBSAP) an das Aichi-Biodiversitätsziel 9 des Strategieplans für biologische Vielfalt 2011-2020,,1.0
2015,(1) (b) Angleichung der Ziele des Nationalen Strategie- und Aktionsplans für biologische Vielfalt (NBSAP) an das Aichi-Biodiversitätsziel 9 des Strategieplans für biologische Vielfalt 2011-2020,,1.0
2016,(1) (b) Angleichung der Ziele des Nationalen Strategie- und Aktionsplans für biologische Vielfalt (NBSAP) an das Aichi-Biodiversitätsziel 9 des Strategieplans für biologische Vielfalt 2011-2020,,1.0
2017,(1) (b) Angleichung der Ziele des Nationalen Strategie- und Aktionsplans für biologische Vielfalt (NBSAP) an das Aichi-Biodiversitätsziel 9 des Strategieplans für biologische Vielfalt 2011-2020,,1.0
2018,(1) (b) Angleichung der Ziele des Nationalen Strategie- und Aktionsplans für biologische Vielfalt (NBSAP) an das Aichi-Biodiversitätsziel 9 des Strategieplans für biologische Vielfalt 2011-2020,,1.0
2019,(1) (b) Angleichung der Ziele des Nationalen Strategie- und Aktionsplans für biologische Vielfalt (NBSAP) an das Aichi-Biodiversitätsziel 9 des Strategieplans für biologische Vielfalt 2011-2020,,1.0
2020,(1) (b) Angleichung der Ziele des Nationalen Strategie- und Aktionsplans für biologische Vielfalt (NBSAP) an das Aichi-Biodiversitätsziel 9 des Strategieplans für biologische Vielfalt 2011-2020,,1.0
2010,"(2) Online-Umfrage zu politischen Reaktionen, Mandat, rechtlichen Befugnissen und Ressourcen für den Umgang mit der Bedrohung durch invasive gebietsfremde Arten",,
2011,"(2) Online-Umfrage zu politischen Reaktionen, Mandat, rechtlichen Befugnissen und Ressourcen für den Umgang mit der Bedrohung durch invasive gebietsfremde Arten",,
2012,"(2) Online-Umfrage zu politischen Reaktionen, Mandat, rechtlichen Befugnissen und Ressourcen für den Umgang mit der Bedrohung durch invasive gebietsfremde Arten",,
2013,"(2) Online-Umfrage zu politischen Reaktionen, Mandat, rechtlichen Befugnissen und Ressourcen für den Umgang mit der Bedrohung durch invasive gebietsfremde Arten",,
2014,"(2) Online-Umfrage zu politischen Reaktionen, Mandat, rechtlichen Befugnissen und Ressourcen für den Umgang mit der Bedrohung durch invasive gebietsfremde Arten",,
2015,"(2) Online-Umfrage zu politischen Reaktionen, Mandat, rechtlichen Befugnissen und Ressourcen für den Umgang mit der Bedrohung durch invasive gebietsfremde Arten",,
2016,"(2) Online-Umfrage zu politischen Reaktionen, Mandat, rechtlichen Befugnissen und Ressourcen für den Umgang mit der Bedrohung durch invasive gebietsfremde Arten",,
2017,"(2) Online-Umfrage zu politischen Reaktionen, Mandat, rechtlichen Befugnissen und Ressourcen für den Umgang mit der Bedrohung durch invasive gebietsfremde Arten",,
2018,"(2) Online-Umfrage zu politischen Reaktionen, Mandat, rechtlichen Befugnissen und Ressourcen für den Umgang mit der Bedrohung durch invasive gebietsfremde Arten",,
2019,"(2) Online-Umfrage zu politischen Reaktionen, Mandat, rechtlichen Befugnissen und Ressourcen für den Umgang mit der Bedrohung durch invasive gebietsfremde Arten",,
2020,"(2) Online-Umfrage zu politischen Reaktionen, Mandat, rechtlichen Befugnissen und Ressourcen für den Umgang mit der Bedrohung durch invasive gebietsfremde Arten",,1.0
