Year,COMMENT_OBS,Geschlecht,Form der Misshandlung,Value
2010,,Weiblich,,
2011,,Weiblich,,
2012,,Weiblich,,0.08
2013,,Weiblich,,0.08
2014,,Weiblich,,0.08
2015,,Weiblich,,0.09
2016,,Weiblich,,0.1
2017,,Weiblich,,0.1
2018,,Weiblich,,0.12
2019,,Weiblich,,0.14
2020,,Weiblich,,0.15
2021,,Weiblich,,0.16
2022,,Weiblich,,0.17
2010,,Männlich,,
2011,,Männlich,,
2012,,Männlich,,0.07
2013,,Männlich,,0.07
2014,,Männlich,,0.07
2015,,Männlich,,0.08
2016,,Männlich,,0.09
2017,,Männlich,,0.09
2018,,Männlich,,0.11
2019,,Männlich,,0.13
2020,,Männlich,,0.13
2021,,Männlich,,0.13
2022,,Männlich,,0.15
2010,,,Körperliche Misshandlung,
2011,,,Körperliche Misshandlung,
2012,,,Körperliche Misshandlung,0.04
2013,,,Körperliche Misshandlung,0.04
2014,,,Körperliche Misshandlung,0.04
2015,,,Körperliche Misshandlung,0.04
2016,,,Körperliche Misshandlung,0.05
2017,,,Körperliche Misshandlung,0.05
2018,,,Körperliche Misshandlung,0.06
2019,,,Körperliche Misshandlung,0.07
2020,,,Körperliche Misshandlung,0.07
2021,,,Körperliche Misshandlung,0.07
2022,,,Körperliche Misshandlung,0.08
2010,,Weiblich,Körperliche Misshandlung,
2011,,Weiblich,Körperliche Misshandlung,
2012,,Weiblich,Körperliche Misshandlung,0.04
2013,,Weiblich,Körperliche Misshandlung,0.04
2014,,Weiblich,Körperliche Misshandlung,0.04
2015,,Weiblich,Körperliche Misshandlung,0.04
2016,,Weiblich,Körperliche Misshandlung,0.05
2017,,Weiblich,Körperliche Misshandlung,0.05
2018,,Weiblich,Körperliche Misshandlung,0.06
2019,,Weiblich,Körperliche Misshandlung,0.07
2020,,Weiblich,Körperliche Misshandlung,0.07
2021,,Weiblich,Körperliche Misshandlung,0.07
2022,,Weiblich,Körperliche Misshandlung,0.08
2010,,Männlich,Körperliche Misshandlung,
2011,,Männlich,Körperliche Misshandlung,
2012,,Männlich,Körperliche Misshandlung,0.03
2013,,Männlich,Körperliche Misshandlung,0.03
2014,,Männlich,Körperliche Misshandlung,0.04
2015,,Männlich,Körperliche Misshandlung,0.04
2016,,Männlich,Körperliche Misshandlung,0.04
2017,,Männlich,Körperliche Misshandlung,0.05
2018,,Männlich,Körperliche Misshandlung,0.05
2019,,Männlich,Körperliche Misshandlung,0.06
2020,,Männlich,Körperliche Misshandlung,0.06
2021,,Männlich,Körperliche Misshandlung,0.06
2022,,Männlich,Körperliche Misshandlung,0.07
2010,,,Psychische Misshandlung,
2011,,,Psychische Misshandlung,
2012,,,Psychische Misshandlung,0.03
2013,,,Psychische Misshandlung,0.03
2014,,,Psychische Misshandlung,0.04
2015,,,Psychische Misshandlung,0.04
2016,,,Psychische Misshandlung,0.05
2017,,,Psychische Misshandlung,0.05
2018,,,Psychische Misshandlung,0.06
2019,,,Psychische Misshandlung,0.07
2020,,,Psychische Misshandlung,0.07
2021,,,Psychische Misshandlung,0.08
2022,,,Psychische Misshandlung,0.09
2010,,Weiblich,Psychische Misshandlung,
2011,,Weiblich,Psychische Misshandlung,
2012,r,Weiblich,Psychische Misshandlung,0.04
2013,,Weiblich,Psychische Misshandlung,0.04
2014,,Weiblich,Psychische Misshandlung,0.04
2015,,Weiblich,Psychische Misshandlung,0.05
2016,,Weiblich,Psychische Misshandlung,0.05
2017,,Weiblich,Psychische Misshandlung,0.05
2018,,Weiblich,Psychische Misshandlung,0.06
2019,,Weiblich,Psychische Misshandlung,0.07
2020,,Weiblich,Psychische Misshandlung,0.08
2021,,Weiblich,Psychische Misshandlung,0.09
2022,,Weiblich,Psychische Misshandlung,0.09
2010,,Männlich,Psychische Misshandlung,
2011,,Männlich,Psychische Misshandlung,
2012,,Männlich,Psychische Misshandlung,0.03
2013,,Männlich,Psychische Misshandlung,0.03
2014,,Männlich,Psychische Misshandlung,0.04
2015,,Männlich,Psychische Misshandlung,0.04
2016,,Männlich,Psychische Misshandlung,0.04
2017,,Männlich,Psychische Misshandlung,0.05
2018,,Männlich,Psychische Misshandlung,0.06
2019,,Männlich,Psychische Misshandlung,0.06
2020,,Männlich,Psychische Misshandlung,0.07
2021,,Männlich,Psychische Misshandlung,0.07
2022,,Männlich,Psychische Misshandlung,0.08
