Year,Zeitreihe,Value
2015,Anteil neuer Entwicklungsmaßnahmen in den länderspezifischen Ergebnisframeworks von Gebern von Entwicklungszusammenarbeit,
2016,Anteil neuer Entwicklungsmaßnahmen in den länderspezifischen Ergebnisframeworks von Gebern von Entwicklungszusammenarbeit,83.0
2017,Anteil neuer Entwicklungsmaßnahmen in den länderspezifischen Ergebnisframeworks von Gebern von Entwicklungszusammenarbeit,
2015,Anteil der Ergebnisindikatoren in den länderspezifischen Ergebnisframeworks von Gebern von Entwicklungszusammenarbeit,
2016,Anteil der Ergebnisindikatoren in den länderspezifischen Ergebnisframeworks von Gebern von Entwicklungszusammenarbeit,55.0
2017,Anteil der Ergebnisindikatoren in den länderspezifischen Ergebnisframeworks von Gebern von Entwicklungszusammenarbeit,
2015,"Anteil von Ergebnisindikatoren, die von Gebern von Entwicklungszusammenarbeit unter Einsatz von Regierungsquellen und Monitoringsystemen überwacht werden",
2016,"Anteil von Ergebnisindikatoren, die von Gebern von Entwicklungszusammenarbeit unter Einsatz von Regierungsquellen und Monitoringsystemen überwacht werden",51.0
2017,"Anteil von Ergebnisindikatoren, die von Gebern von Entwicklungszusammenarbeit unter Einsatz von Regierungsquellen und Monitoringsystemen überwacht werden",
