Year,Units,Zeitreihe,Value
2011,Anzahl,Durchführung mindestens einer Bevölkerungs- und Wohnungszählung in den letzten 10 Jahren,1
2012,Anzahl,Durchführung mindestens einer Bevölkerungs- und Wohnungszählung in den letzten 10 Jahren,1
2013,Anzahl,Durchführung mindestens einer Bevölkerungs- und Wohnungszählung in den letzten 10 Jahren,1
2014,Anzahl,Durchführung mindestens einer Bevölkerungs- und Wohnungszählung in den letzten 10 Jahren,1
2015,Anzahl,Durchführung mindestens einer Bevölkerungs- und Wohnungszählung in den letzten 10 Jahren,1
2016,Anzahl,Durchführung mindestens einer Bevölkerungs- und Wohnungszählung in den letzten 10 Jahren,1
2017,Anzahl,Durchführung mindestens einer Bevölkerungs- und Wohnungszählung in den letzten 10 Jahren,1
2018,Anzahl,Durchführung mindestens einer Bevölkerungs- und Wohnungszählung in den letzten 10 Jahren,1
2010,Prozent (%),Registrierung der Geburten,100
2011,Prozent (%),Registrierung der Geburten,100
2012,Prozent (%),Registrierung der Geburten,100
2013,Prozent (%),Registrierung der Geburten,100
2014,Prozent (%),Registrierung der Geburten,100
2015,Prozent (%),Registrierung der Geburten,100
2016,Prozent (%),Registrierung der Geburten,100
2017,Prozent (%),Registrierung der Geburten,100
2018,Prozent (%),Registrierung der Geburten,100
2010,Prozent (%),Registrierung der Sterbefälle,100
2011,Prozent (%),Registrierung der Sterbefälle,100
2012,Prozent (%),Registrierung der Sterbefälle,100
2013,Prozent (%),Registrierung der Sterbefälle,100
2014,Prozent (%),Registrierung der Sterbefälle,100
2015,Prozent (%),Registrierung der Sterbefälle,100
2016,Prozent (%),Registrierung der Sterbefälle,100
2017,Prozent (%),Registrierung der Sterbefälle,100
2018,Prozent (%),Registrierung der Sterbefälle,100
