Year,Geschlecht,Value
2010,,80
2011,,81
2012,,82
2013,,84
2014,,86
2015,,88
2016,,90
2017,,90
2018,,92
2019,,93
2020,,94
2010,Weiblich,76
2011,Weiblich,78
2012,Weiblich,79
2013,Weiblich,81
2014,Weiblich,84
2015,Weiblich,85
2016,Weiblich,88
2017,Weiblich,89
2018,Weiblich,91
2019,Weiblich,92
2020,Weiblich,93
2010,Männlich,84
2011,Männlich,84
2012,Männlich,85
2013,Männlich,87
2014,Männlich,89
2015,Männlich,90
2016,Männlich,91
2017,Männlich,92
2018,Männlich,94
2019,Männlich,94
2020,Männlich,95
