Year,Units,Zeitreihe,Value
2010,Millionen EUR,Zusagen (ODA und OOF) zum Kapazitätsaufbau und nationalen Planungen (ohne Süd-Süd-Kooperationen),916.0
2011,Millionen EUR,Zusagen (ODA und OOF) zum Kapazitätsaufbau und nationalen Planungen (ohne Süd-Süd-Kooperationen),809.2
2012,Millionen EUR,Zusagen (ODA und OOF) zum Kapazitätsaufbau und nationalen Planungen (ohne Süd-Süd-Kooperationen),740.5
2013,Millionen EUR,Zusagen (ODA und OOF) zum Kapazitätsaufbau und nationalen Planungen (ohne Süd-Süd-Kooperationen),835.9
2014,Millionen EUR,Zusagen (ODA und OOF) zum Kapazitätsaufbau und nationalen Planungen (ohne Süd-Süd-Kooperationen),1115.5
2015,Millionen EUR,Zusagen (ODA und OOF) zum Kapazitätsaufbau und nationalen Planungen (ohne Süd-Süd-Kooperationen),1578.0
2016,Millionen EUR,Zusagen (ODA und OOF) zum Kapazitätsaufbau und nationalen Planungen (ohne Süd-Süd-Kooperationen),1278.4
2017,Millionen EUR,Zusagen (ODA und OOF) zum Kapazitätsaufbau und nationalen Planungen (ohne Süd-Süd-Kooperationen),2141.1
2018,Millionen EUR,Zusagen (ODA und OOF) zum Kapazitätsaufbau und nationalen Planungen (ohne Süd-Süd-Kooperationen),2107.3
2019,Millionen EUR,Zusagen (ODA und OOF) zum Kapazitätsaufbau und nationalen Planungen (ohne Süd-Süd-Kooperationen),2029.1
2020,Millionen EUR,Zusagen (ODA und OOF) zum Kapazitätsaufbau und nationalen Planungen (ohne Süd-Süd-Kooperationen),3225.6
2010,Millionen EUR,Gesamte öffentliche Bruttoausgaben (ODA und OOF) zum Kapazitätsaufbau und nationalen Planungen (ohne Süd-Süd-Kooperationen),675.0
2011,Millionen EUR,Gesamte öffentliche Bruttoausgaben (ODA und OOF) zum Kapazitätsaufbau und nationalen Planungen (ohne Süd-Süd-Kooperationen),703.8
2012,Millionen EUR,Gesamte öffentliche Bruttoausgaben (ODA und OOF) zum Kapazitätsaufbau und nationalen Planungen (ohne Süd-Süd-Kooperationen),743.5
2013,Millionen EUR,Gesamte öffentliche Bruttoausgaben (ODA und OOF) zum Kapazitätsaufbau und nationalen Planungen (ohne Süd-Süd-Kooperationen),819.9
2014,Millionen EUR,Gesamte öffentliche Bruttoausgaben (ODA und OOF) zum Kapazitätsaufbau und nationalen Planungen (ohne Süd-Süd-Kooperationen),929.0
2015,Millionen EUR,Gesamte öffentliche Bruttoausgaben (ODA und OOF) zum Kapazitätsaufbau und nationalen Planungen (ohne Süd-Süd-Kooperationen),1302.0
2016,Millionen EUR,Gesamte öffentliche Bruttoausgaben (ODA und OOF) zum Kapazitätsaufbau und nationalen Planungen (ohne Süd-Süd-Kooperationen),1210.4
2017,Millionen EUR,Gesamte öffentliche Bruttoausgaben (ODA und OOF) zum Kapazitätsaufbau und nationalen Planungen (ohne Süd-Süd-Kooperationen),1536.8
2018,Millionen EUR,Gesamte öffentliche Bruttoausgaben (ODA und OOF) zum Kapazitätsaufbau und nationalen Planungen (ohne Süd-Süd-Kooperationen),2150.9
2019,Millionen EUR,Gesamte öffentliche Bruttoausgaben (ODA und OOF) zum Kapazitätsaufbau und nationalen Planungen (ohne Süd-Süd-Kooperationen),1727.2
2020,Millionen EUR,Gesamte öffentliche Bruttoausgaben (ODA und OOF) zum Kapazitätsaufbau und nationalen Planungen (ohne Süd-Süd-Kooperationen),2395.3
2010,"Millionen USD, konstante Preise (2020)",Zusagen (ODA und OOF) zum Kapazitätsaufbau und nationalen Planungen (ohne Süd-Süd-Kooperationen),1232.0
2011,"Millionen USD, konstante Preise (2020)",Zusagen (ODA und OOF) zum Kapazitätsaufbau und nationalen Planungen (ohne Süd-Süd-Kooperationen),1076.8
2012,"Millionen USD, konstante Preise (2020)",Zusagen (ODA und OOF) zum Kapazitätsaufbau und nationalen Planungen (ohne Süd-Süd-Kooperationen),970.9
2013,"Millionen USD, konstante Preise (2020)",Zusagen (ODA und OOF) zum Kapazitätsaufbau und nationalen Planungen (ohne Süd-Süd-Kooperationen),1074.9
2014,"Millionen USD, konstante Preise (2020)",Zusagen (ODA und OOF) zum Kapazitätsaufbau und nationalen Planungen (ohne Süd-Süd-Kooperationen),1408.0
2015,"Millionen USD, konstante Preise (2020)",Zusagen (ODA und OOF) zum Kapazitätsaufbau und nationalen Planungen (ohne Süd-Süd-Kooperationen),1955.5
2016,"Millionen USD, konstante Preise (2020)",Zusagen (ODA und OOF) zum Kapazitätsaufbau und nationalen Planungen (ohne Süd-Süd-Kooperationen),1563.5
2017,"Millionen USD, konstante Preise (2020)",Zusagen (ODA und OOF) zum Kapazitätsaufbau und nationalen Planungen (ohne Süd-Süd-Kooperationen),2579.7
2018,"Millionen USD, konstante Preise (2020)",Zusagen (ODA und OOF) zum Kapazitätsaufbau und nationalen Planungen (ohne Süd-Süd-Kooperationen),2489.8
2019,"Millionen USD, konstante Preise (2020)",Zusagen (ODA und OOF) zum Kapazitätsaufbau und nationalen Planungen (ohne Süd-Süd-Kooperationen),2349.1
2020,"Millionen USD, konstante Preise (2020)",Zusagen (ODA und OOF) zum Kapazitätsaufbau und nationalen Planungen (ohne Süd-Süd-Kooperationen),3675.9
2010,"Millionen USD, konstante Preise (2020)",Gesamte öffentliche Bruttoausgaben (ODA und OOF) zum Kapazitätsaufbau und nationalen Planungen (ohne Süd-Süd-Kooperationen),907.9
2011,"Millionen USD, konstante Preise (2020)",Gesamte öffentliche Bruttoausgaben (ODA und OOF) zum Kapazitätsaufbau und nationalen Planungen (ohne Süd-Süd-Kooperationen),936.5
2012,"Millionen USD, konstante Preise (2020)",Gesamte öffentliche Bruttoausgaben (ODA und OOF) zum Kapazitätsaufbau und nationalen Planungen (ohne Süd-Süd-Kooperationen),974.8
2013,"Millionen USD, konstante Preise (2020)",Gesamte öffentliche Bruttoausgaben (ODA und OOF) zum Kapazitätsaufbau und nationalen Planungen (ohne Süd-Süd-Kooperationen),1054.3
2014,"Millionen USD, konstante Preise (2020)",Gesamte öffentliche Bruttoausgaben (ODA und OOF) zum Kapazitätsaufbau und nationalen Planungen (ohne Süd-Süd-Kooperationen),1172.7
2015,"Millionen USD, konstante Preise (2020)",Gesamte öffentliche Bruttoausgaben (ODA und OOF) zum Kapazitätsaufbau und nationalen Planungen (ohne Süd-Süd-Kooperationen),1613.5
2016,"Millionen USD, konstante Preise (2020)",Gesamte öffentliche Bruttoausgaben (ODA und OOF) zum Kapazitätsaufbau und nationalen Planungen (ohne Süd-Süd-Kooperationen),1480.3
2017,"Millionen USD, konstante Preise (2020)",Gesamte öffentliche Bruttoausgaben (ODA und OOF) zum Kapazitätsaufbau und nationalen Planungen (ohne Süd-Süd-Kooperationen),1851.5
2018,"Millionen USD, konstante Preise (2020)",Gesamte öffentliche Bruttoausgaben (ODA und OOF) zum Kapazitätsaufbau und nationalen Planungen (ohne Süd-Süd-Kooperationen),2541.3
2019,"Millionen USD, konstante Preise (2020)",Gesamte öffentliche Bruttoausgaben (ODA und OOF) zum Kapazitätsaufbau und nationalen Planungen (ohne Süd-Süd-Kooperationen),1999.5
2020,"Millionen USD, konstante Preise (2020)",Gesamte öffentliche Bruttoausgaben (ODA und OOF) zum Kapazitätsaufbau und nationalen Planungen (ohne Süd-Süd-Kooperationen),2729.7
