Year,Units,Zeitreihe,Gefährdungskategorie,COMMENT_OBS_0,Value
2010,Prozent,Gefährdungskategorie (nach FAO-Klassifikation),Gefährdet,.,
2011,Prozent,Gefährdungskategorie (nach FAO-Klassifikation),Gefährdet,.,
2012,Prozent,Gefährdungskategorie (nach FAO-Klassifikation),Gefährdet,.,
2013,Prozent,Gefährdungskategorie (nach FAO-Klassifikation),Gefährdet,.,
2014,Prozent,Gefährdungskategorie (nach FAO-Klassifikation),Gefährdet,.,
2015,Prozent,Gefährdungskategorie (nach FAO-Klassifikation),Gefährdet,,45.45
2016,Prozent,Gefährdungskategorie (nach FAO-Klassifikation),Gefährdet,.,
2017,Prozent,Gefährdungskategorie (nach FAO-Klassifikation),Gefährdet,.,
2018,Prozent,Gefährdungskategorie (nach FAO-Klassifikation),Gefährdet,.,
2019,Prozent,Gefährdungskategorie (nach FAO-Klassifikation),Gefährdet,,87.5
2020,Prozent,Gefährdungskategorie (nach FAO-Klassifikation),Gefährdet,.,
2021,Prozent,Gefährdungskategorie (nach FAO-Klassifikation),Gefährdet,.,
2010,Prozent,Gefährdungskategorie (nach FAO-Klassifikation),Nicht gefährdet,.,
2011,Prozent,Gefährdungskategorie (nach FAO-Klassifikation),Nicht gefährdet,.,
2012,Prozent,Gefährdungskategorie (nach FAO-Klassifikation),Nicht gefährdet,.,
2013,Prozent,Gefährdungskategorie (nach FAO-Klassifikation),Nicht gefährdet,.,
2014,Prozent,Gefährdungskategorie (nach FAO-Klassifikation),Nicht gefährdet,.,
2015,Prozent,Gefährdungskategorie (nach FAO-Klassifikation),Nicht gefährdet,,54.55
2016,Prozent,Gefährdungskategorie (nach FAO-Klassifikation),Nicht gefährdet,.,
2017,Prozent,Gefährdungskategorie (nach FAO-Klassifikation),Nicht gefährdet,.,
2018,Prozent,Gefährdungskategorie (nach FAO-Klassifikation),Nicht gefährdet,.,
2019,Prozent,Gefährdungskategorie (nach FAO-Klassifikation),Nicht gefährdet,,12.5
2020,Prozent,Gefährdungskategorie (nach FAO-Klassifikation),Nicht gefährdet,.,
2021,Prozent,Gefährdungskategorie (nach FAO-Klassifikation),Nicht gefährdet,.,
2010,Anzahl,"Einheimische Nutztierrassen (Pferde, Rinder, Schweine, Schafe und Ziegen)",,.,
2011,Anzahl,"Einheimische Nutztierrassen (Pferde, Rinder, Schweine, Schafe und Ziegen)",,,74.0
2012,Anzahl,"Einheimische Nutztierrassen (Pferde, Rinder, Schweine, Schafe und Ziegen)",,.,
2013,Anzahl,"Einheimische Nutztierrassen (Pferde, Rinder, Schweine, Schafe und Ziegen)",,,75.0
2014,Anzahl,"Einheimische Nutztierrassen (Pferde, Rinder, Schweine, Schafe und Ziegen)",,.,
2015,Anzahl,"Einheimische Nutztierrassen (Pferde, Rinder, Schweine, Schafe und Ziegen)",,,77.0
2016,Anzahl,"Einheimische Nutztierrassen (Pferde, Rinder, Schweine, Schafe und Ziegen)",,.,
2017,Anzahl,"Einheimische Nutztierrassen (Pferde, Rinder, Schweine, Schafe und Ziegen)",,,77.0
2018,Anzahl,"Einheimische Nutztierrassen (Pferde, Rinder, Schweine, Schafe und Ziegen)",,.,
2019,Anzahl,"Einheimische Nutztierrassen (Pferde, Rinder, Schweine, Schafe und Ziegen)",,,80.0
2020,Anzahl,"Einheimische Nutztierrassen (Pferde, Rinder, Schweine, Schafe und Ziegen)",,.,
2021,Anzahl,"Einheimische Nutztierrassen (Pferde, Rinder, Schweine, Schafe und Ziegen)",,,81.0
2010,Prozent,Gefährdungskategorie (nach nationaler Klassifikation),Nicht gefährdet,.,
2011,Prozent,Gefährdungskategorie (nach nationaler Klassifikation),Nicht gefährdet,,29.7
2012,Prozent,Gefährdungskategorie (nach nationaler Klassifikation),Nicht gefährdet,.,
2013,Prozent,Gefährdungskategorie (nach nationaler Klassifikation),Nicht gefährdet,,30.7
2014,Prozent,Gefährdungskategorie (nach nationaler Klassifikation),Nicht gefährdet,.,
2015,Prozent,Gefährdungskategorie (nach nationaler Klassifikation),Nicht gefährdet,,28.6
2016,Prozent,Gefährdungskategorie (nach nationaler Klassifikation),Nicht gefährdet,.,
2017,Prozent,Gefährdungskategorie (nach nationaler Klassifikation),Nicht gefährdet,,29.9
2018,Prozent,Gefährdungskategorie (nach nationaler Klassifikation),Nicht gefährdet,.,
2019,Prozent,Gefährdungskategorie (nach nationaler Klassifikation),Nicht gefährdet,,30.0
2020,Prozent,Gefährdungskategorie (nach nationaler Klassifikation),Nicht gefährdet,.,
2021,Prozent,Gefährdungskategorie (nach nationaler Klassifikation),Nicht gefährdet,,28.4
2010,Prozent,Gefährdungskategorie (nach nationaler Klassifikation),Beobachtungspopulationen,.,
2011,Prozent,Gefährdungskategorie (nach nationaler Klassifikation),Beobachtungspopulationen,,39.2
2012,Prozent,Gefährdungskategorie (nach nationaler Klassifikation),Beobachtungspopulationen,.,
2013,Prozent,Gefährdungskategorie (nach nationaler Klassifikation),Beobachtungspopulationen,,42.7
2014,Prozent,Gefährdungskategorie (nach nationaler Klassifikation),Beobachtungspopulationen,.,
2015,Prozent,Gefährdungskategorie (nach nationaler Klassifikation),Beobachtungspopulationen,,46.8
2016,Prozent,Gefährdungskategorie (nach nationaler Klassifikation),Beobachtungspopulationen,.,
2017,Prozent,Gefährdungskategorie (nach nationaler Klassifikation),Beobachtungspopulationen,,46.8
2018,Prozent,Gefährdungskategorie (nach nationaler Klassifikation),Beobachtungspopulationen,.,
2019,Prozent,Gefährdungskategorie (nach nationaler Klassifikation),Beobachtungspopulationen,,45.0
2020,Prozent,Gefährdungskategorie (nach nationaler Klassifikation),Beobachtungspopulationen,.,
2021,Prozent,Gefährdungskategorie (nach nationaler Klassifikation),Beobachtungspopulationen,,44.4
2010,Prozent,Gefährdungskategorie (nach nationaler Klassifikation),Erhaltungspopulationen,.,
2011,Prozent,Gefährdungskategorie (nach nationaler Klassifikation),Erhaltungspopulationen,,24.3
2012,Prozent,Gefährdungskategorie (nach nationaler Klassifikation),Erhaltungspopulationen,.,
2013,Prozent,Gefährdungskategorie (nach nationaler Klassifikation),Erhaltungspopulationen,,20.0
2014,Prozent,Gefährdungskategorie (nach nationaler Klassifikation),Erhaltungspopulationen,.,
2015,Prozent,Gefährdungskategorie (nach nationaler Klassifikation),Erhaltungspopulationen,,18.2
2016,Prozent,Gefährdungskategorie (nach nationaler Klassifikation),Erhaltungspopulationen,.,
2017,Prozent,Gefährdungskategorie (nach nationaler Klassifikation),Erhaltungspopulationen,,16.9
2018,Prozent,Gefährdungskategorie (nach nationaler Klassifikation),Erhaltungspopulationen,.,
2019,Prozent,Gefährdungskategorie (nach nationaler Klassifikation),Erhaltungspopulationen,,17.5
2020,Prozent,Gefährdungskategorie (nach nationaler Klassifikation),Erhaltungspopulationen,.,
2021,Prozent,Gefährdungskategorie (nach nationaler Klassifikation),Erhaltungspopulationen,,18.5
2010,Prozent,Gefährdungskategorie (nach nationaler Klassifikation),Phänotypische Erhaltungspopulationen,.,
2011,Prozent,Gefährdungskategorie (nach nationaler Klassifikation),Phänotypische Erhaltungspopulationen,,6.8
2012,Prozent,Gefährdungskategorie (nach nationaler Klassifikation),Phänotypische Erhaltungspopulationen,.,
2013,Prozent,Gefährdungskategorie (nach nationaler Klassifikation),Phänotypische Erhaltungspopulationen,,6.7
2014,Prozent,Gefährdungskategorie (nach nationaler Klassifikation),Phänotypische Erhaltungspopulationen,.,
2015,Prozent,Gefährdungskategorie (nach nationaler Klassifikation),Phänotypische Erhaltungspopulationen,,6.5
2016,Prozent,Gefährdungskategorie (nach nationaler Klassifikation),Phänotypische Erhaltungspopulationen,.,
2017,Prozent,Gefährdungskategorie (nach nationaler Klassifikation),Phänotypische Erhaltungspopulationen,,6.5
2018,Prozent,Gefährdungskategorie (nach nationaler Klassifikation),Phänotypische Erhaltungspopulationen,.,
2019,Prozent,Gefährdungskategorie (nach nationaler Klassifikation),Phänotypische Erhaltungspopulationen,,7.5
2020,Prozent,Gefährdungskategorie (nach nationaler Klassifikation),Phänotypische Erhaltungspopulationen,.,
2021,Prozent,Gefährdungskategorie (nach nationaler Klassifikation),Phänotypische Erhaltungspopulationen,,8.6
