Year,Zeitreihe,Value
2010,Sterblichkeit infolge von Straßenverkehrsunfällen,4.5
2011,Sterblichkeit infolge von Straßenverkehrsunfällen,5.0
2012,Sterblichkeit infolge von Straßenverkehrsunfällen,4.5
2013,Sterblichkeit infolge von Straßenverkehrsunfällen,4.1
2014,Sterblichkeit infolge von Straßenverkehrsunfällen,4.2
2015,Sterblichkeit infolge von Straßenverkehrsunfällen,4.2
2016,Sterblichkeit infolge von Straßenverkehrsunfällen,3.9
2017,Sterblichkeit infolge von Straßenverkehrsunfällen,3.9
2018,Sterblichkeit infolge von Straßenverkehrsunfällen,3.9
