Year,Zeitreihe,Value
2010,Sterblichkeit infolge von unbeabsichtigten Vergiftungen,0.3
2011,Sterblichkeit infolge von unbeabsichtigten Vergiftungen,0.3
2012,Sterblichkeit infolge von unbeabsichtigten Vergiftungen,0.3
2013,Sterblichkeit infolge von unbeabsichtigten Vergiftungen,0.3
2014,Sterblichkeit infolge von unbeabsichtigten Vergiftungen,0.3
2015,Sterblichkeit infolge von unbeabsichtigten Vergiftungen,0.3
2016,Sterblichkeit infolge von unbeabsichtigten Vergiftungen,0.5
2017,Sterblichkeit infolge von unbeabsichtigten Vergiftungen,0.7
2018,Sterblichkeit infolge von unbeabsichtigten Vergiftungen,0.7
