Year,Zeitreihe,Value
2010,Sterblichkeit aufgrund von unbeabsichtigter Vergiftung,0.3
2011,Sterblichkeit aufgrund von unbeabsichtigter Vergiftung,0.3
2012,Sterblichkeit aufgrund von unbeabsichtigter Vergiftung,0.3
2013,Sterblichkeit aufgrund von unbeabsichtigter Vergiftung,0.3
2014,Sterblichkeit aufgrund von unbeabsichtigter Vergiftung,0.3
2015,Sterblichkeit aufgrund von unbeabsichtigter Vergiftung,0.3
2016,Sterblichkeit aufgrund von unbeabsichtigter Vergiftung,0.5
2017,Sterblichkeit aufgrund von unbeabsichtigter Vergiftung,0.7
