Year,Zeitreihe,Geschlecht,Value
2013,Tabakkonsum in der Bevölkerung ab 15 Jahren,,24.5
2017,Tabakkonsum in der Bevölkerung ab 15 Jahren,,22.4
2021,Tabakkonsum in der Bevölkerung ab 15 Jahren,,18.9
2013,Tabakkonsum in der Bevölkerung ab 15 Jahren,Weiblich,20.3
2017,Tabakkonsum in der Bevölkerung ab 15 Jahren,Weiblich,18.6
2021,Tabakkonsum in der Bevölkerung ab 15 Jahren,Weiblich,15.7
2013,Tabakkonsum in der Bevölkerung ab 15 Jahren,Männlich,29.0
2017,Tabakkonsum in der Bevölkerung ab 15 Jahren,Männlich,26.4
2021,Tabakkonsum in der Bevölkerung ab 15 Jahren,Männlich,22.3
2013,Tabakkonsum in der Bevölkerung ab 15 Jahren (altersstandardisiert auf die WHO-Standardbevölkerung),,27.6
2017,Tabakkonsum in der Bevölkerung ab 15 Jahren (altersstandardisiert auf die WHO-Standardbevölkerung),,24.4
2021,Tabakkonsum in der Bevölkerung ab 15 Jahren (altersstandardisiert auf die WHO-Standardbevölkerung),,20.2
