Year,timeseries,Geschlecht,Value
2013,Tabakgebrauch in der Bevölkerung ab 15 Jahren,,24.5
2017,Tabakgebrauch in der Bevölkerung ab 15 Jahren,,22.4
2013,Tabakgebrauch in der Bevölkerung ab 15 Jahren,Weiblich,20.3
2017,Tabakgebrauch in der Bevölkerung ab 15 Jahren,Weiblich,18.6
2013,Tabakgebrauch in der Bevölkerung ab 15 Jahren,Männlich,29.0
2017,Tabakgebrauch in der Bevölkerung ab 15 Jahren,Männlich,26.4
2013,Tabakgebrauch in der Bevölkerung ab 15 Jahren (altersstandardisiert auf die WHO-Standardbevölkerung),,27.6
2017,Tabakgebrauch in der Bevölkerung ab 15 Jahren (altersstandardisiert auf die WHO-Standardbevölkerung),,24.4
