Year,Antimikrobiell-resistente Organismen,Value
2017,Escherichia coli mit Resistenz gegenüber 3. Generations-Cephalosporinen (z. B. ESBL- E. coli),
2018,Escherichia coli mit Resistenz gegenüber 3. Generations-Cephalosporinen (z. B. ESBL- E. coli),12.18
2019,Escherichia coli mit Resistenz gegenüber 3. Generations-Cephalosporinen (z. B. ESBL- E. coli),
2017,Methicillin-resistente Staphylococcus aureus (MRSA),
2018,Methicillin-resistente Staphylococcus aureus (MRSA),7.56
2019,Methicillin-resistente Staphylococcus aureus (MRSA),
