Year,Zeitreihe,Value
2011,Weibliche Opfer von Straftaten mit einer aktuellen oder früheren intimen Beziehung zum Verdächtigen,105907
2012,Weibliche Opfer von Straftaten mit einer aktuellen oder früheren intimen Beziehung zum Verdächtigen,107929
2013,Weibliche Opfer von Straftaten mit einer aktuellen oder früheren intimen Beziehung zum Verdächtigen,108104
2014,Weibliche Opfer von Straftaten mit einer aktuellen oder früheren intimen Beziehung zum Verdächtigen,112060
2015,Weibliche Opfer von Straftaten mit einer aktuellen oder früheren intimen Beziehung zum Verdächtigen,112118
2016,Weibliche Opfer von Straftaten mit einer aktuellen oder früheren intimen Beziehung zum Verdächtigen,117049
2017,Weibliche Opfer von Straftaten mit einer aktuellen oder früheren intimen Beziehung zum Verdächtigen,116141
2018,Weibliche Opfer von Straftaten mit einer aktuellen oder früheren intimen Beziehung zum Verdächtigen,116756
