Year,Units,Zeitreihe,Value
2015,km²,Permanente Wasserfläche der Seen und Flüsse,5636.0
2018,km²,Permanente Wasserfläche der Seen und Flüsse,5666.0
2015,Prozent,Permanente Wasserfläche der Seen und Flüsse im Verhältnis zur gesamten Landfläche,1.576
2018,Prozent,Permanente Wasserfläche der Seen und Flüsse im Verhältnis zur gesamten Landfläche,1.585
2015,km²,Feuchtgebiete,1547.0
2018,km²,Feuchtgebiete,1558.0
2015,Prozent,Feuchtgebiete im Verhältnis zur gesamten Landfläche,0.433
2018,Prozent,Feuchtgebiete im Verhältnis zur gesamten Landfläche,0.436
2018,Prozent,lakes and rivers permanent water area change (compared to 2015),0.537
