Year,Units,Zeitreihe,Value
2015,km²,Permanente Wasserfläche der Seen und Flüsse,5636.0
2018,km²,Permanente Wasserfläche der Seen und Flüsse,5666.0
2015,Prozent,Permanente Wasserfläche der Seen und Flüsse im Verhältnis zur gesamten Landfläche,0.02
2018,Prozent,Permanente Wasserfläche der Seen und Flüsse im Verhältnis zur gesamten Landfläche,0.02
2015,km²,Feuchtgebiete,1547.0
2018,km²,Feuchtgebiete,1558.0
2015,Prozent,Feuchtgebiete im Verhältnis zur gesamten Landfläche,0.004
2018,Prozent,Feuchtgebiete im Verhältnis zur gesamten Landfläche,0.004
2018,Prozent,Veränderung der permanenten Wasserfläche von Seen und Flüssen (verglichen mit 2015),0.54
