Year,Units,Value
2010,Abiotische und biotische Rohstoffe (Mill. t),1292.0
2011,Abiotische und biotische Rohstoffe (Mill. t),1377.0
2012,Abiotische und biotische Rohstoffe (Mill. t),1258.0
2013,Abiotische und biotische Rohstoffe (Mill. t),1274.0
2014,Abiotische und biotische Rohstoffe (Mill. t),1303.0
2010,t je Einwohner,15.8
2011,t je Einwohner,17.1
2012,t je Einwohner,15.6
2013,t je Einwohner,15.8
2014,t je Einwohner,16.0
2010,Verhältnis zum realen BIP,100.0
2011,Verhältnis zum realen BIP,102.8
2012,Verhältnis zum realen BIP,93.5
2013,Verhältnis zum realen BIP,94.2
2014,Verhältnis zum realen BIP,94.3
