Year,Units,Verkehrsträger,Series,Value
2010,Millionen Personenkilometer,,passenger transport,1117240
2011,Millionen Personenkilometer,,passenger transport,1131004
2012,Millionen Personenkilometer,,passenger transport,1135558
2013,Millionen Personenkilometer,,passenger transport,1143475
2014,Millionen Personenkilometer,,passenger transport,1162942
2015,Millionen Personenkilometer,,passenger transport,1180646
2016,Millionen Personenkilometer,,passenger transport,1204775
2017,Millionen Personenkilometer,,passenger transport,1155136
2018,Millionen Personenkilometer,,passenger transport,1161885
2019,Millionen Personenkilometer,,passenger transport,1170186
2020,Millionen Personenkilometer,,passenger transport,945755
2010,Millionen Personenkilometer,Straßenverkehr,passenger transport,78092
2011,Millionen Personenkilometer,Straßenverkehr,passenger transport,77957
2012,Millionen Personenkilometer,Straßenverkehr,passenger transport,76019
2013,Millionen Personenkilometer,Straßenverkehr,passenger transport,76146
2014,Millionen Personenkilometer,Straßenverkehr,passenger transport,78786
2015,Millionen Personenkilometer,Straßenverkehr,passenger transport,81771
2016,Millionen Personenkilometer,Straßenverkehr,passenger transport,81445
2017,Millionen Personenkilometer,Straßenverkehr,passenger transport,79730
2018,Millionen Personenkilometer,Straßenverkehr,passenger transport,80103
2019,Millionen Personenkilometer,Straßenverkehr,passenger transport,78919
2020,Millionen Personenkilometer,Straßenverkehr,passenger transport,45735
2010,Millionen Personenkilometer,Eisenbahnverkehr,passenger transport,83886
2011,Millionen Personenkilometer,Eisenbahnverkehr,passenger transport,85414
2012,Millionen Personenkilometer,Eisenbahnverkehr,passenger transport,88795
2013,Millionen Personenkilometer,Eisenbahnverkehr,passenger transport,89615
2014,Millionen Personenkilometer,Eisenbahnverkehr,passenger transport,90976
2015,Millionen Personenkilometer,Eisenbahnverkehr,passenger transport,91603
2016,Millionen Personenkilometer,Eisenbahnverkehr,passenger transport,94196
2017,Millionen Personenkilometer,Eisenbahnverkehr,passenger transport,95530
2018,Millionen Personenkilometer,Eisenbahnverkehr,passenger transport,98061
2019,Millionen Personenkilometer,Eisenbahnverkehr,passenger transport,102026
2020,Millionen Personenkilometer,Eisenbahnverkehr,passenger transport,58816
2010,Millionen Personenkilometer,Luftverkehr,passenger transport,52822
2011,Millionen Personenkilometer,Luftverkehr,passenger transport,55215
2012,Millionen Personenkilometer,Luftverkehr,passenger transport,56180
2013,Millionen Personenkilometer,Luftverkehr,passenger transport,56294
2014,Millionen Personenkilometer,Luftverkehr,passenger transport,58223
2015,Millionen Personenkilometer,Luftverkehr,passenger transport,61543
2016,Millionen Personenkilometer,Luftverkehr,passenger transport,63983
2017,Millionen Personenkilometer,Luftverkehr,passenger transport,67523
2018,Millionen Personenkilometer,Luftverkehr,passenger transport,70445
2019,Millionen Personenkilometer,Luftverkehr,passenger transport,71841
2020,Millionen Personenkilometer,Luftverkehr,passenger transport,18704
2010,Millionen Personenkilometer,Motorisierter Individualverkehr,passenger transport,902440
2011,Millionen Personenkilometer,Motorisierter Individualverkehr,passenger transport,912417
2012,Millionen Personenkilometer,Motorisierter Individualverkehr,passenger transport,914563
2013,Millionen Personenkilometer,Motorisierter Individualverkehr,passenger transport,921420
2014,Millionen Personenkilometer,Motorisierter Individualverkehr,passenger transport,934957
2015,Millionen Personenkilometer,Motorisierter Individualverkehr,passenger transport,945729
2016,Millionen Personenkilometer,Motorisierter Individualverkehr,passenger transport,965151
2017,Millionen Personenkilometer,Motorisierter Individualverkehr,passenger transport,912353
2018,Millionen Personenkilometer,Motorisierter Individualverkehr,passenger transport,913276
2019,Millionen Personenkilometer,Motorisierter Individualverkehr,passenger transport,917400
2020,Millionen Personenkilometer,Motorisierter Individualverkehr,passenger transport,822500
2010,Millionen Tonnenkilometer,,freight transport,627882
2011,Millionen Tonnenkilometer,,freight transport,628083
2012,Millionen Tonnenkilometer,,freight transport,618179
2013,Millionen Tonnenkilometer,,freight transport,634973
2014,Millionen Tonnenkilometer,,freight transport,642604
2015,Millionen Tonnenkilometer,,freight transport,655708
2016,Millionen Tonnenkilometer,,freight transport,676893
2017,Millionen Tonnenkilometer,,freight transport,692578
2018,Millionen Tonnenkilometer,,freight transport,694963
2019,Millionen Tonnenkilometer,,freight transport,697942
2020,Millionen Tonnenkilometer,,freight transport,670460
2010,Millionen Tonnenkilometer,Straßenverkehr,freight transport,440600
2011,Millionen Tonnenkilometer,Straßenverkehr,freight transport,442600
2012,Millionen Tonnenkilometer,Straßenverkehr,freight transport,432000
2013,Millionen Tonnenkilometer,Straßenverkehr,freight transport,442700
2014,Millionen Tonnenkilometer,Straßenverkehr,freight transport,451900
2015,Millionen Tonnenkilometer,Straßenverkehr,freight transport,464600
2016,Millionen Tonnenkilometer,Straßenverkehr,freight transport,473400
2017,Millionen Tonnenkilometer,Straßenverkehr,freight transport,486000
2018,Millionen Tonnenkilometer,Straßenverkehr,freight transport,499200
2019,Millionen Tonnenkilometer,Straßenverkehr,freight transport,498600
2020,Millionen Tonnenkilometer,Straßenverkehr,freight transport,486100
2010,Millionen Tonnenkilometer,Eisenbahnverkehr,freight transport,107317
2011,Millionen Tonnenkilometer,Eisenbahnverkehr,freight transport,113317
2012,Millionen Tonnenkilometer,Eisenbahnverkehr,freight transport,110065
2013,Millionen Tonnenkilometer,Eisenbahnverkehr,freight transport,112613
2014,Millionen Tonnenkilometer,Eisenbahnverkehr,freight transport,112629
2015,Millionen Tonnenkilometer,Eisenbahnverkehr,freight transport,116632
2016,Millionen Tonnenkilometer,Eisenbahnverkehr,freight transport,128866
2017,Millionen Tonnenkilometer,Eisenbahnverkehr,freight transport,131204
2018,Millionen Tonnenkilometer,Eisenbahnverkehr,freight transport,129991
2019,Millionen Tonnenkilometer,Eisenbahnverkehr,freight transport,129161
2020,Millionen Tonnenkilometer,Eisenbahnverkehr,freight transport,119790
2010,Millionen Tonnenkilometer,Binnenschifffahrt,freight transport,62278
2011,Millionen Tonnenkilometer,Binnenschifffahrt,freight transport,55027
2012,Millionen Tonnenkilometer,Binnenschifffahrt,freight transport,58488
2013,Millionen Tonnenkilometer,Binnenschifffahrt,freight transport,60070
2014,Millionen Tonnenkilometer,Binnenschifffahrt,freight transport,59093
2015,Millionen Tonnenkilometer,Binnenschifffahrt,freight transport,55315
2016,Millionen Tonnenkilometer,Binnenschifffahrt,freight transport,54347
2017,Millionen Tonnenkilometer,Binnenschifffahrt,freight transport,55518
2018,Millionen Tonnenkilometer,Binnenschifffahrt,freight transport,46901
2019,Millionen Tonnenkilometer,Binnenschifffahrt,freight transport,50945
2020,Millionen Tonnenkilometer,Binnenschifffahrt,freight transport,46338
2010,Millionen Tonnenkilometer,Luftverkehr,freight transport,1428
2011,Millionen Tonnenkilometer,Luftverkehr,freight transport,1480
2012,Millionen Tonnenkilometer,Luftverkehr,freight transport,1421
2013,Millionen Tonnenkilometer,Luftverkehr,freight transport,1410
2014,Millionen Tonnenkilometer,Luftverkehr,freight transport,1441
2015,Millionen Tonnenkilometer,Luftverkehr,freight transport,1447
2016,Millionen Tonnenkilometer,Luftverkehr,freight transport,1519
2017,Millionen Tonnenkilometer,Luftverkehr,freight transport,1617
2018,Millionen Tonnenkilometer,Luftverkehr,freight transport,1637
2019,Millionen Tonnenkilometer,Luftverkehr,freight transport,1587
2020,Millionen Tonnenkilometer,Luftverkehr,freight transport,1546
2010,Millionen Tonnenkilometer,Rohrfernleitungen: Rohöl,freight transport,16259
2011,Millionen Tonnenkilometer,Rohrfernleitungen: Rohöl,freight transport,15623
2012,Millionen Tonnenkilometer,Rohrfernleitungen: Rohöl,freight transport,16207
2013,Millionen Tonnenkilometer,Rohrfernleitungen: Rohöl,freight transport,18180
2014,Millionen Tonnenkilometer,Rohrfernleitungen: Rohöl,freight transport,17541
2015,Millionen Tonnenkilometer,Rohrfernleitungen: Rohöl,freight transport,17714
2016,Millionen Tonnenkilometer,Rohrfernleitungen: Rohöl,freight transport,18761
2017,Millionen Tonnenkilometer,Rohrfernleitungen: Rohöl,freight transport,18239
2018,Millionen Tonnenkilometer,Rohrfernleitungen: Rohöl,freight transport,17234
2019,Millionen Tonnenkilometer,Rohrfernleitungen: Rohöl,freight transport,17649
2020,Millionen Tonnenkilometer,Rohrfernleitungen: Rohöl,freight transport,16686
