Year,Zeitreihe,Value
2010,CO2-Emissionen zum realen BIP,322.6
2011,CO2-Emissionen zum realen BIP,302.8
2012,CO2-Emissionen zum realen BIP,302.9
2013,CO2-Emissionen zum realen BIP,307.9
2014,CO2-Emissionen zum realen BIP,287.3
2015,CO2-Emissionen zum realen BIP,283.5
2016,CO2-Emissionen zum realen BIP,279.3
2017,CO2-Emissionen zum realen BIP,272.1
2010,CO2-Emissionen zur Bruttowertschöpfung (preisbereinigt) im Verarbeitenden Gewerbe,366.1
2011,CO2-Emissionen zur Bruttowertschöpfung (preisbereinigt) im Verarbeitenden Gewerbe,342.7
2012,CO2-Emissionen zur Bruttowertschöpfung (preisbereinigt) im Verarbeitenden Gewerbe,334.6
2013,CO2-Emissionen zur Bruttowertschöpfung (preisbereinigt) im Verarbeitenden Gewerbe,334.2
2014,CO2-Emissionen zur Bruttowertschöpfung (preisbereinigt) im Verarbeitenden Gewerbe,319.7
2015,CO2-Emissionen zur Bruttowertschöpfung (preisbereinigt) im Verarbeitenden Gewerbe,310.8
2016,CO2-Emissionen zur Bruttowertschöpfung (preisbereinigt) im Verarbeitenden Gewerbe,296.8
