Year,Bundesland,GeoCode,Value
2010,,,2.68
2011,,,2.75
2012,,,2.82
2013,,,2.78
2014,,,2.82
2015,,,2.88
2016,,,2.88
2017,,,2.99
2018,,,3.05
2019,,,3.11
2020,,,3.09
2021,,,3.08
2022,,,3.07
2010,Baden-Württemberg,code08,4.45
2011,Baden-Württemberg,code08,4.8
2012,Baden-Württemberg,code08,4.9
2013,Baden-Württemberg,code08,4.75
2014,Baden-Württemberg,code08,4.85
2015,Baden-Württemberg,code08,4.9
2016,Baden-Württemberg,code08,4.93
2017,Baden-Württemberg,code08,5.64
2018,Baden-Württemberg,code08,5.68
2019,Baden-Württemberg,code08,5.79
2020,Baden-Württemberg,code08,5.69
2021,Baden-Württemberg,code08,5.64
2022,Baden-Württemberg,code08,5.65
2010,Bayern,code09,3.01
2011,Bayern,code09,2.98
2012,Bayern,code09,3.08
2013,Bayern,code09,3.11
2014,Bayern,code09,3.13
2015,Bayern,code09,3.13
2016,Bayern,code09,3.13
2017,Bayern,code09,3.11
2018,Bayern,code09,3.19
2019,Bayern,code09,3.41
2020,Bayern,code09,3.36
2021,Bayern,code09,3.39
2022,Bayern,code09,3.4
2010,Berlin,code11,3.44
2011,Berlin,code11,3.34
2012,Berlin,code11,3.44
2013,Berlin,code11,3.56
2014,Berlin,code11,3.61
2015,Berlin,code11,3.53
2016,Berlin,code11,3.42
2017,Berlin,code11,3.42
2018,Berlin,code11,3.51
2019,Berlin,code11,3.34
2020,Berlin,code11,3.32
2021,Berlin,code11,3.35
2022,Berlin,code11,3.23
2010,Brandenburg,code12,1.43
2011,Brandenburg,code12,1.66
2012,Brandenburg,code12,1.65
2013,Brandenburg,code12,1.55
2014,Brandenburg,code12,1.58
2015,Brandenburg,code12,1.67
2016,Brandenburg,code12,1.73
2017,Brandenburg,code12,1.71
2018,Brandenburg,code12,1.7
2019,Brandenburg,code12,1.82
2020,Brandenburg,code12,1.83
2021,Brandenburg,code12,1.72
2022,Brandenburg,code12,1.69
2010,Bremen,code04,2.67
2011,Bremen,code04,2.76
2012,Bremen,code04,2.65
2013,Bremen,code04,2.75
2014,Bremen,code04,2.86
2015,Bremen,code04,2.86
2016,Bremen,code04,2.9
2017,Bremen,code04,2.82
2018,Bremen,code04,2.88
2019,Bremen,code04,3.01
2020,Bremen,code04,3.7
2021,Bremen,code04,3.18
2022,Bremen,code04,3.19
2010,Hamburg,code02,2.11
2011,Hamburg,code02,2.22
2012,Hamburg,code02,2.27
2013,Hamburg,code02,2.28
2014,Hamburg,code02,2.37
2015,Hamburg,code02,2.24
2016,Hamburg,code02,2.27
2017,Hamburg,code02,2.17
2018,Hamburg,code02,2.22
2019,Hamburg,code02,2.18
2020,Hamburg,code02,2.25
2021,Hamburg,code02,2.16
2022,Hamburg,code02,2.08
2010,Hessen,code06,2.99
2011,Hessen,code06,2.88
2012,Hessen,code06,3.02
2013,Hessen,code06,2.82
2014,Hessen,code06,2.88
2015,Hessen,code06,2.84
2016,Hessen,code06,2.85
2017,Hessen,code06,2.94
2018,Hessen,code06,3.02
2019,Hessen,code06,3.11
2020,Hessen,code06,3.06
2021,Hessen,code06,3.09
2022,Hessen,code06,3.1
2010,Mecklenburg-Vorpommern,code13,1.99
2011,Mecklenburg-Vorpommern,code13,2.05
2012,Mecklenburg-Vorpommern,code13,2.11
2013,Mecklenburg-Vorpommern,code13,1.82
2014,Mecklenburg-Vorpommern,code13,1.86
2015,Mecklenburg-Vorpommern,code13,1.87
2016,Mecklenburg-Vorpommern,code13,1.85
2017,Mecklenburg-Vorpommern,code13,1.79
2018,Mecklenburg-Vorpommern,code13,1.81
2019,Mecklenburg-Vorpommern,code13,1.81
2020,Mecklenburg-Vorpommern,code13,1.8
2021,Mecklenburg-Vorpommern,code13,1.77
2022,Mecklenburg-Vorpommern,code13,1.72
2010,Niedersachsen,code03,2.53
2011,Niedersachsen,code03,2.7
2012,Niedersachsen,code03,2.76
2013,Niedersachsen,code03,2.83
2014,Niedersachsen,code03,2.84
2015,Niedersachsen,code03,3.39
2016,Niedersachsen,code03,3.27
2017,Niedersachsen,code03,3.12
2018,Niedersachsen,code03,3.13
2019,Niedersachsen,code03,3.14
2020,Niedersachsen,code03,3.07
2021,Niedersachsen,code03,2.72
2022,Niedersachsen,code03,2.69
2010,Nordrhein-Westfalen,code05,1.99
2011,Nordrhein-Westfalen,code05,2.0
2012,Nordrhein-Westfalen,code05,2.09
2013,Nordrhein-Westfalen,code05,1.98
2014,Nordrhein-Westfalen,code05,2.03
2015,Nordrhein-Westfalen,code05,1.99
2016,Nordrhein-Westfalen,code05,2.03
2017,Nordrhein-Westfalen,code05,2.13
2018,Nordrhein-Westfalen,code05,2.19
2019,Nordrhein-Westfalen,code05,2.16
2020,Nordrhein-Westfalen,code05,2.19
2021,Nordrhein-Westfalen,code05,2.21
2022,Nordrhein-Westfalen,code05,2.22
2010,Rheinland-Pfalz,code07,2.05
2011,Rheinland-Pfalz,code07,2.03
2012,Rheinland-Pfalz,code07,2.05
2013,Rheinland-Pfalz,code07,2.16
2014,Rheinland-Pfalz,code07,2.16
2015,Rheinland-Pfalz,code07,2.39
2016,Rheinland-Pfalz,code07,2.47
2017,Rheinland-Pfalz,code07,2.5
2018,Rheinland-Pfalz,code07,2.56
2019,Rheinland-Pfalz,code07,2.62
2020,Rheinland-Pfalz,code07,2.56
2021,Rheinland-Pfalz,code07,2.78
2022,Rheinland-Pfalz,code07,2.81
2010,Saarland,code10,1.3
2011,Saarland,code10,1.48
2012,Saarland,code10,1.47
2013,Saarland,code10,1.46
2014,Saarland,code10,1.42
2015,Saarland,code10,1.57
2016,Saarland,code10,1.56
2017,Saarland,code10,1.76
2018,Saarland,code10,1.75
2019,Saarland,code10,1.91
2020,Saarland,code10,1.94
2021,Saarland,code10,1.95
2022,Saarland,code10,1.92
2010,Sachsen,code14,2.79
2011,Sachsen,code14,2.8
2012,Sachsen,code14,2.8
2013,Sachsen,code14,2.76
2014,Sachsen,code14,2.64
2015,Sachsen,code14,2.73
2016,Sachsen,code14,2.74
2017,Sachsen,code14,2.81
2018,Sachsen,code14,2.89
2019,Sachsen,code14,3.0
2020,Sachsen,code14,3.02
2021,Sachsen,code14,3.09
2022,Sachsen,code14,3.02
2010,Sachsen-Anhalt,code15,1.41
2011,Sachsen-Anhalt,code15,1.48
2012,Sachsen-Anhalt,code15,1.4
2013,Sachsen-Anhalt,code15,1.42
2014,Sachsen-Anhalt,code15,1.45
2015,Sachsen-Anhalt,code15,1.41
2016,Sachsen-Anhalt,code15,1.46
2017,Sachsen-Anhalt,code15,1.52
2018,Sachsen-Anhalt,code15,1.59
2019,Sachsen-Anhalt,code15,1.54
2020,Sachsen-Anhalt,code15,1.58
2021,Sachsen-Anhalt,code15,1.59
2022,Sachsen-Anhalt,code15,1.58
2010,Schleswig-Holstein,code01,1.32
2011,Schleswig-Holstein,code01,1.42
2012,Schleswig-Holstein,code01,1.45
2013,Schleswig-Holstein,code01,1.5
2014,Schleswig-Holstein,code01,1.55
2015,Schleswig-Holstein,code01,1.5
2016,Schleswig-Holstein,code01,1.53
2017,Schleswig-Holstein,code01,1.58
2018,Schleswig-Holstein,code01,1.64
2019,Schleswig-Holstein,code01,1.68
2020,Schleswig-Holstein,code01,1.62
2021,Schleswig-Holstein,code01,1.68
2022,Schleswig-Holstein,code01,1.68
2010,Thüringen,code16,2.18
2011,Thüringen,code16,2.14
2012,Thüringen,code16,2.2
2013,Thüringen,code16,2.17
2014,Thüringen,code16,2.13
2015,Thüringen,code16,2.05
2016,Thüringen,code16,2.07
2017,Thüringen,code16,2.23
2018,Thüringen,code16,2.29
2019,Thüringen,code16,2.35
2020,Thüringen,code16,2.45
2021,Thüringen,code16,2.74
2022,Thüringen,code16,2.76
