Year,Zeitreihe,Value
2010,Wissenschaftler in Vollzeitäquivalenten,4012.1
2011,Wissenschaftler in Vollzeitäquivalenten,4138.28
2012,Wissenschaftler in Vollzeitäquivalenten,4296.71
2013,Wissenschaftler in Vollzeitäquivalenten,4388.69
2014,Wissenschaftler in Vollzeitäquivalenten,4334.16
2015,Wissenschaftler in Vollzeitäquivalenten,4721.37
2016,Wissenschaftler in Vollzeitäquivalenten,4842.43
2017,Wissenschaftler in Vollzeitäquivalenten,5068.31
2018,Wissenschaftler in Vollzeitäquivalenten,5225.5
