Year,Technologieintensität,Value
2010,,59
2011,,59
2012,,59
2013,,59
2014,,61
2015,,61
2016,,61
2017,,61
2018,,61
2010,Medium-High-Tech,49
2011,Medium-High-Tech,50
2012,Medium-High-Tech,50
2013,Medium-High-Tech,50
2014,Medium-High-Tech,51
2015,Medium-High-Tech,51
2016,Medium-High-Tech,51
2017,Medium-High-Tech,51
2018,Medium-High-Tech,51
2010,High-Tech,10
2011,High-Tech,10
2012,High-Tech,10
2013,High-Tech,10
2014,High-Tech,10
2015,High-Tech,10
2016,High-Tech,10
2017,High-Tech,10
2018,High-Tech,10
