Year,sex,COMMENT_OBS,Value
2010,,e,1
2011,,e,1
2012,,e,1
2013,,e,1
2014,,e,1
2015,,e,1
2016,,e,1
2017,,e,1
2018,,e,1
2019,,e,1
2020,,e,1
2021,,e,1
2022,,e,1
2023,,e,1
2010,female,e,1
2011,female,e,1
2012,female,e,1
2013,female,e,1
2014,female,e,1
2015,female,e,1
2016,female,e,1
2017,female,e,1
2018,female,e,1
2019,female,e,1
2020,female,e,1
2021,female,e,1
2022,female,e,1
2023,female,e,1
2010,male,e,1
2011,male,e,1
2012,male,e,1
2013,male,e,1
2014,male,e,1
2015,male,e,1
2016,male,e,1
2017,male,e,1
2018,male,e,1
2019,male,e,1
2020,male,e,1
2021,male,e,1
2022,male,e,1
2023,male,e,1
