Year,timeseries,region,GeoCode,disability,age,sex,Value
2010,population that has convenient access to public transport (within 500 meters) (%),,,,,,
2011,population that has convenient access to public transport (within 500 meters) (%),,,,,,
2012,population that has convenient access to public transport (within 500 meters) (%),,,,,,
2013,population that has convenient access to public transport (within 500 meters) (%),,,,,,
2014,population that has convenient access to public transport (within 500 meters) (%),,,,,,
2015,population that has convenient access to public transport (within 500 meters) (%),,,,,,
2016,population that has convenient access to public transport (within 500 meters) (%),,,,,,79.0
2017,population that has convenient access to public transport (within 500 meters) (%),,,,,,
2018,population that has convenient access to public transport (within 500 meters) (%),,,,,,79.9
2019,population that has convenient access to public transport (within 500 meters) (%),,,,,,
2020,population that has convenient access to public transport (within 500 meters) (%),,,,,,79.9
2010,population that has convenient access to public transport (within 500 meters) (%),baden-wuerttemberg,code08,,,,
2011,population that has convenient access to public transport (within 500 meters) (%),baden-wuerttemberg,code08,,,,
2012,population that has convenient access to public transport (within 500 meters) (%),baden-wuerttemberg,code08,,,,
2013,population that has convenient access to public transport (within 500 meters) (%),baden-wuerttemberg,code08,,,,
2014,population that has convenient access to public transport (within 500 meters) (%),baden-wuerttemberg,code08,,,,
2015,population that has convenient access to public transport (within 500 meters) (%),baden-wuerttemberg,code08,,,,
2016,population that has convenient access to public transport (within 500 meters) (%),baden-wuerttemberg,code08,,,,85.6
2017,population that has convenient access to public transport (within 500 meters) (%),baden-wuerttemberg,code08,,,,
2018,population that has convenient access to public transport (within 500 meters) (%),baden-wuerttemberg,code08,,,,85.7
2019,population that has convenient access to public transport (within 500 meters) (%),baden-wuerttemberg,code08,,,,
2020,population that has convenient access to public transport (within 500 meters) (%),baden-wuerttemberg,code08,,,,85.7
2010,population that has convenient access to public transport (within 500 meters) (%),bavaria,code09,,,,
2011,population that has convenient access to public transport (within 500 meters) (%),bavaria,code09,,,,
2012,population that has convenient access to public transport (within 500 meters) (%),bavaria,code09,,,,
2013,population that has convenient access to public transport (within 500 meters) (%),bavaria,code09,,,,
2014,population that has convenient access to public transport (within 500 meters) (%),bavaria,code09,,,,
2015,population that has convenient access to public transport (within 500 meters) (%),bavaria,code09,,,,
2016,population that has convenient access to public transport (within 500 meters) (%),bavaria,code09,,,,63.4
2017,population that has convenient access to public transport (within 500 meters) (%),bavaria,code09,,,,
2018,population that has convenient access to public transport (within 500 meters) (%),bavaria,code09,,,,64.5
2019,population that has convenient access to public transport (within 500 meters) (%),bavaria,code09,,,,
2020,population that has convenient access to public transport (within 500 meters) (%),bavaria,code09,,,,65.5
2010,population that has convenient access to public transport (within 500 meters) (%),berlin,code11,,,,
2011,population that has convenient access to public transport (within 500 meters) (%),berlin,code11,,,,
2012,population that has convenient access to public transport (within 500 meters) (%),berlin,code11,,,,
2013,population that has convenient access to public transport (within 500 meters) (%),berlin,code11,,,,
2014,population that has convenient access to public transport (within 500 meters) (%),berlin,code11,,,,
2015,population that has convenient access to public transport (within 500 meters) (%),berlin,code11,,,,
2016,population that has convenient access to public transport (within 500 meters) (%),berlin,code11,,,,97.9
2017,population that has convenient access to public transport (within 500 meters) (%),berlin,code11,,,,
2018,population that has convenient access to public transport (within 500 meters) (%),berlin,code11,,,,98.0
2019,population that has convenient access to public transport (within 500 meters) (%),berlin,code11,,,,
2020,population that has convenient access to public transport (within 500 meters) (%),berlin,code11,,,,97.9
2010,population that has convenient access to public transport (within 500 meters) (%),brandenburg,code12,,,,
2011,population that has convenient access to public transport (within 500 meters) (%),brandenburg,code12,,,,
2012,population that has convenient access to public transport (within 500 meters) (%),brandenburg,code12,,,,
2013,population that has convenient access to public transport (within 500 meters) (%),brandenburg,code12,,,,
2014,population that has convenient access to public transport (within 500 meters) (%),brandenburg,code12,,,,
2015,population that has convenient access to public transport (within 500 meters) (%),brandenburg,code12,,,,
2016,population that has convenient access to public transport (within 500 meters) (%),brandenburg,code12,,,,68.6
2017,population that has convenient access to public transport (within 500 meters) (%),brandenburg,code12,,,,
2018,population that has convenient access to public transport (within 500 meters) (%),brandenburg,code12,,,,68.5
2019,population that has convenient access to public transport (within 500 meters) (%),brandenburg,code12,,,,
2020,population that has convenient access to public transport (within 500 meters) (%),brandenburg,code12,,,,70.8
2010,population that has convenient access to public transport (within 500 meters) (%),bremen,code04,,,,
2011,population that has convenient access to public transport (within 500 meters) (%),bremen,code04,,,,
2012,population that has convenient access to public transport (within 500 meters) (%),bremen,code04,,,,
2013,population that has convenient access to public transport (within 500 meters) (%),bremen,code04,,,,
2014,population that has convenient access to public transport (within 500 meters) (%),bremen,code04,,,,
2015,population that has convenient access to public transport (within 500 meters) (%),bremen,code04,,,,
2016,population that has convenient access to public transport (within 500 meters) (%),bremen,code04,,,,95.7
2017,population that has convenient access to public transport (within 500 meters) (%),bremen,code04,,,,
2018,population that has convenient access to public transport (within 500 meters) (%),bremen,code04,,,,95.7
2019,population that has convenient access to public transport (within 500 meters) (%),bremen,code04,,,,
2020,population that has convenient access to public transport (within 500 meters) (%),bremen,code04,,,,96.6
2010,population that has convenient access to public transport (within 500 meters) (%),hamburg,code02,,,,
2011,population that has convenient access to public transport (within 500 meters) (%),hamburg,code02,,,,
2012,population that has convenient access to public transport (within 500 meters) (%),hamburg,code02,,,,
2013,population that has convenient access to public transport (within 500 meters) (%),hamburg,code02,,,,
2014,population that has convenient access to public transport (within 500 meters) (%),hamburg,code02,,,,
2015,population that has convenient access to public transport (within 500 meters) (%),hamburg,code02,,,,
2016,population that has convenient access to public transport (within 500 meters) (%),hamburg,code02,,,,96.4
2017,population that has convenient access to public transport (within 500 meters) (%),hamburg,code02,,,,
2018,population that has convenient access to public transport (within 500 meters) (%),hamburg,code02,,,,96.5
2019,population that has convenient access to public transport (within 500 meters) (%),hamburg,code02,,,,
2020,population that has convenient access to public transport (within 500 meters) (%),hamburg,code02,,,,96.8
2010,population that has convenient access to public transport (within 500 meters) (%),hesse,code06,,,,
2011,population that has convenient access to public transport (within 500 meters) (%),hesse,code06,,,,
2012,population that has convenient access to public transport (within 500 meters) (%),hesse,code06,,,,
2013,population that has convenient access to public transport (within 500 meters) (%),hesse,code06,,,,
2014,population that has convenient access to public transport (within 500 meters) (%),hesse,code06,,,,
2015,population that has convenient access to public transport (within 500 meters) (%),hesse,code06,,,,
2016,population that has convenient access to public transport (within 500 meters) (%),hesse,code06,,,,87.6
2017,population that has convenient access to public transport (within 500 meters) (%),hesse,code06,,,,
2018,population that has convenient access to public transport (within 500 meters) (%),hesse,code06,,,,88.0
2019,population that has convenient access to public transport (within 500 meters) (%),hesse,code06,,,,
2020,population that has convenient access to public transport (within 500 meters) (%),hesse,code06,,,,85.7
2010,population that has convenient access to public transport (within 500 meters) (%),mecklenburg western pomerania,code13,,,,
2011,population that has convenient access to public transport (within 500 meters) (%),mecklenburg western pomerania,code13,,,,
2012,population that has convenient access to public transport (within 500 meters) (%),mecklenburg western pomerania,code13,,,,
2013,population that has convenient access to public transport (within 500 meters) (%),mecklenburg western pomerania,code13,,,,
2014,population that has convenient access to public transport (within 500 meters) (%),mecklenburg western pomerania,code13,,,,
2015,population that has convenient access to public transport (within 500 meters) (%),mecklenburg western pomerania,code13,,,,
2016,population that has convenient access to public transport (within 500 meters) (%),mecklenburg western pomerania,code13,,,,56.5
2017,population that has convenient access to public transport (within 500 meters) (%),mecklenburg western pomerania,code13,,,,
2018,population that has convenient access to public transport (within 500 meters) (%),mecklenburg western pomerania,code13,,,,61.6
2019,population that has convenient access to public transport (within 500 meters) (%),mecklenburg western pomerania,code13,,,,
2020,population that has convenient access to public transport (within 500 meters) (%),mecklenburg western pomerania,code13,,,,62.2
2010,population that has convenient access to public transport (within 500 meters) (%),lower saxony,code03,,,,
2011,population that has convenient access to public transport (within 500 meters) (%),lower saxony,code03,,,,
2012,population that has convenient access to public transport (within 500 meters) (%),lower saxony,code03,,,,
2013,population that has convenient access to public transport (within 500 meters) (%),lower saxony,code03,,,,
2014,population that has convenient access to public transport (within 500 meters) (%),lower saxony,code03,,,,
2015,population that has convenient access to public transport (within 500 meters) (%),lower saxony,code03,,,,
2016,population that has convenient access to public transport (within 500 meters) (%),lower saxony,code03,,,,66.9
2017,population that has convenient access to public transport (within 500 meters) (%),lower saxony,code03,,,,
2018,population that has convenient access to public transport (within 500 meters) (%),lower saxony,code03,,,,69.4
2019,population that has convenient access to public transport (within 500 meters) (%),lower saxony,code03,,,,
2020,population that has convenient access to public transport (within 500 meters) (%),lower saxony,code03,,,,69.5
2010,population that has convenient access to public transport (within 500 meters) (%),north rhine-westphalia,code05,,,,
2011,population that has convenient access to public transport (within 500 meters) (%),north rhine-westphalia,code05,,,,
2012,population that has convenient access to public transport (within 500 meters) (%),north rhine-westphalia,code05,,,,
2013,population that has convenient access to public transport (within 500 meters) (%),north rhine-westphalia,code05,,,,
2014,population that has convenient access to public transport (within 500 meters) (%),north rhine-westphalia,code05,,,,
2015,population that has convenient access to public transport (within 500 meters) (%),north rhine-westphalia,code05,,,,
2016,population that has convenient access to public transport (within 500 meters) (%),north rhine-westphalia,code05,,,,89.5
2017,population that has convenient access to public transport (within 500 meters) (%),north rhine-westphalia,code05,,,,
2018,population that has convenient access to public transport (within 500 meters) (%),north rhine-westphalia,code05,,,,90.3
2019,population that has convenient access to public transport (within 500 meters) (%),north rhine-westphalia,code05,,,,
2020,population that has convenient access to public transport (within 500 meters) (%),north rhine-westphalia,code05,,,,89.0
2010,population that has convenient access to public transport (within 500 meters) (%),rhineland palatinate,code07,,,,
2011,population that has convenient access to public transport (within 500 meters) (%),rhineland palatinate,code07,,,,
2012,population that has convenient access to public transport (within 500 meters) (%),rhineland palatinate,code07,,,,
2013,population that has convenient access to public transport (within 500 meters) (%),rhineland palatinate,code07,,,,
2014,population that has convenient access to public transport (within 500 meters) (%),rhineland palatinate,code07,,,,
2015,population that has convenient access to public transport (within 500 meters) (%),rhineland palatinate,code07,,,,
2016,population that has convenient access to public transport (within 500 meters) (%),rhineland palatinate,code07,,,,70.9
2017,population that has convenient access to public transport (within 500 meters) (%),rhineland palatinate,code07,,,,
2018,population that has convenient access to public transport (within 500 meters) (%),rhineland palatinate,code07,,,,71.7
2019,population that has convenient access to public transport (within 500 meters) (%),rhineland palatinate,code07,,,,
2020,population that has convenient access to public transport (within 500 meters) (%),rhineland palatinate,code07,,,,73.6
2010,population that has convenient access to public transport (within 500 meters) (%),saarland,code10,,,,
2011,population that has convenient access to public transport (within 500 meters) (%),saarland,code10,,,,
2012,population that has convenient access to public transport (within 500 meters) (%),saarland,code10,,,,
2013,population that has convenient access to public transport (within 500 meters) (%),saarland,code10,,,,
2014,population that has convenient access to public transport (within 500 meters) (%),saarland,code10,,,,
2015,population that has convenient access to public transport (within 500 meters) (%),saarland,code10,,,,
2016,population that has convenient access to public transport (within 500 meters) (%),saarland,code10,,,,88.4
2017,population that has convenient access to public transport (within 500 meters) (%),saarland,code10,,,,
2018,population that has convenient access to public transport (within 500 meters) (%),saarland,code10,,,,88.8
2019,population that has convenient access to public transport (within 500 meters) (%),saarland,code10,,,,
2020,population that has convenient access to public transport (within 500 meters) (%),saarland,code10,,,,89.4
2010,population that has convenient access to public transport (within 500 meters) (%),saxony,code14,,,,
2011,population that has convenient access to public transport (within 500 meters) (%),saxony,code14,,,,
2012,population that has convenient access to public transport (within 500 meters) (%),saxony,code14,,,,
2013,population that has convenient access to public transport (within 500 meters) (%),saxony,code14,,,,
2014,population that has convenient access to public transport (within 500 meters) (%),saxony,code14,,,,
2015,population that has convenient access to public transport (within 500 meters) (%),saxony,code14,,,,
2016,population that has convenient access to public transport (within 500 meters) (%),saxony,code14,,,,79.7
2017,population that has convenient access to public transport (within 500 meters) (%),saxony,code14,,,,
2018,population that has convenient access to public transport (within 500 meters) (%),saxony,code14,,,,80.7
2019,population that has convenient access to public transport (within 500 meters) (%),saxony,code14,,,,
2020,population that has convenient access to public transport (within 500 meters) (%),saxony,code14,,,,81.7
2010,population that has convenient access to public transport (within 500 meters) (%),saxony-anhalt,code15,,,,
2011,population that has convenient access to public transport (within 500 meters) (%),saxony-anhalt,code15,,,,
2012,population that has convenient access to public transport (within 500 meters) (%),saxony-anhalt,code15,,,,
2013,population that has convenient access to public transport (within 500 meters) (%),saxony-anhalt,code15,,,,
2014,population that has convenient access to public transport (within 500 meters) (%),saxony-anhalt,code15,,,,
2015,population that has convenient access to public transport (within 500 meters) (%),saxony-anhalt,code15,,,,
2016,population that has convenient access to public transport (within 500 meters) (%),saxony-anhalt,code15,,,,74.9
2017,population that has convenient access to public transport (within 500 meters) (%),saxony-anhalt,code15,,,,
2018,population that has convenient access to public transport (within 500 meters) (%),saxony-anhalt,code15,,,,75.9
2019,population that has convenient access to public transport (within 500 meters) (%),saxony-anhalt,code15,,,,
2020,population that has convenient access to public transport (within 500 meters) (%),saxony-anhalt,code15,,,,72.4
2010,population that has convenient access to public transport (within 500 meters) (%),schleswig-holstein,code01,,,,
2011,population that has convenient access to public transport (within 500 meters) (%),schleswig-holstein,code01,,,,
2012,population that has convenient access to public transport (within 500 meters) (%),schleswig-holstein,code01,,,,
2013,population that has convenient access to public transport (within 500 meters) (%),schleswig-holstein,code01,,,,
2014,population that has convenient access to public transport (within 500 meters) (%),schleswig-holstein,code01,,,,
2015,population that has convenient access to public transport (within 500 meters) (%),schleswig-holstein,code01,,,,
2016,population that has convenient access to public transport (within 500 meters) (%),schleswig-holstein,code01,,,,71.8
2017,population that has convenient access to public transport (within 500 meters) (%),schleswig-holstein,code01,,,,
2018,population that has convenient access to public transport (within 500 meters) (%),schleswig-holstein,code01,,,,74.2
2019,population that has convenient access to public transport (within 500 meters) (%),schleswig-holstein,code01,,,,
2020,population that has convenient access to public transport (within 500 meters) (%),schleswig-holstein,code01,,,,75.4
2010,population that has convenient access to public transport (within 500 meters) (%),thuringia,code16,,,,
2011,population that has convenient access to public transport (within 500 meters) (%),thuringia,code16,,,,
2012,population that has convenient access to public transport (within 500 meters) (%),thuringia,code16,,,,
2013,population that has convenient access to public transport (within 500 meters) (%),thuringia,code16,,,,
2014,population that has convenient access to public transport (within 500 meters) (%),thuringia,code16,,,,
2015,population that has convenient access to public transport (within 500 meters) (%),thuringia,code16,,,,
2016,population that has convenient access to public transport (within 500 meters) (%),thuringia,code16,,,,71.6
2017,population that has convenient access to public transport (within 500 meters) (%),thuringia,code16,,,,
2018,population that has convenient access to public transport (within 500 meters) (%),thuringia,code16,,,,71.7
2019,population that has convenient access to public transport (within 500 meters) (%),thuringia,code16,,,,
2020,population that has convenient access to public transport (within 500 meters) (%),thuringia,code16,,,,72.7
2010,population that has convenient access to public transport (within 10 minutes walking distance) (%),,,,,,94.3
2011,population that has convenient access to public transport (within 10 minutes walking distance) (%),,,,,,94.0
2012,population that has convenient access to public transport (within 10 minutes walking distance) (%),,,,,,94.4
2013,population that has convenient access to public transport (within 10 minutes walking distance) (%),,,,,,92.8
2014,population that has convenient access to public transport (within 10 minutes walking distance) (%),,,,,,94.3
2015,population that has convenient access to public transport (within 10 minutes walking distance) (%),,,,,,93.6
2016,population that has convenient access to public transport (within 10 minutes walking distance) (%),,,,,,93.6
2017,population that has convenient access to public transport (within 10 minutes walking distance) (%),,,,,,94.2
2018,population that has convenient access to public transport (within 10 minutes walking distance) (%),,,,,,94.5
2019,population that has convenient access to public transport (within 10 minutes walking distance) (%),,,,,,93.7
2020,population that has convenient access to public transport (within 10 minutes walking distance) (%),,,,,,94.5
2010,population that has convenient access to public transport (within 10 minutes walking distance) (%),,,mobility impaired people,,,93.3
2011,population that has convenient access to public transport (within 10 minutes walking distance) (%),,,mobility impaired people,,,91.6
2012,population that has convenient access to public transport (within 10 minutes walking distance) (%),,,mobility impaired people,,,92.7
2013,population that has convenient access to public transport (within 10 minutes walking distance) (%),,,mobility impaired people,,,90.2
2014,population that has convenient access to public transport (within 10 minutes walking distance) (%),,,mobility impaired people,,,95.2
2015,population that has convenient access to public transport (within 10 minutes walking distance) (%),,,mobility impaired people,,,91.5
2016,population that has convenient access to public transport (within 10 minutes walking distance) (%),,,mobility impaired people,,,91.3
2017,population that has convenient access to public transport (within 10 minutes walking distance) (%),,,mobility impaired people,,,92.2
2018,population that has convenient access to public transport (within 10 minutes walking distance) (%),,,mobility impaired people,,,90.3
2019,population that has convenient access to public transport (within 10 minutes walking distance) (%),,,mobility impaired people,,,90.2
2020,population that has convenient access to public transport (within 10 minutes walking distance) (%),,,mobility impaired people,,,89.7
2010,population that has convenient access to public transport (within 10 minutes walking distance) (%),,,,under 18 years,,97.5
2011,population that has convenient access to public transport (within 10 minutes walking distance) (%),,,,under 18 years,,98.4
2012,population that has convenient access to public transport (within 10 minutes walking distance) (%),,,,under 18 years,,96.7
2013,population that has convenient access to public transport (within 10 minutes walking distance) (%),,,,under 18 years,,89.5
2014,population that has convenient access to public transport (within 10 minutes walking distance) (%),,,,under 18 years,,96.3
2015,population that has convenient access to public transport (within 10 minutes walking distance) (%),,,,under 18 years,,98.1
2016,population that has convenient access to public transport (within 10 minutes walking distance) (%),,,,under 18 years,,95.8
2017,population that has convenient access to public transport (within 10 minutes walking distance) (%),,,,under 18 years,,95.6
2018,population that has convenient access to public transport (within 10 minutes walking distance) (%),,,,under 18 years,,96.4
2019,population that has convenient access to public transport (within 10 minutes walking distance) (%),,,,under 18 years,,97.0
2020,population that has convenient access to public transport (within 10 minutes walking distance) (%),,,,under 18 years,,98.8
2010,population that has convenient access to public transport (within 10 minutes walking distance) (%),,,,18 to under 30 years,,97.7
2011,population that has convenient access to public transport (within 10 minutes walking distance) (%),,,,18 to under 30 years,,96.1
2012,population that has convenient access to public transport (within 10 minutes walking distance) (%),,,,18 to under 30 years,,94.6
2013,population that has convenient access to public transport (within 10 minutes walking distance) (%),,,,18 to under 30 years,,94.8
2014,population that has convenient access to public transport (within 10 minutes walking distance) (%),,,,18 to under 30 years,,97.1
2015,population that has convenient access to public transport (within 10 minutes walking distance) (%),,,,18 to under 30 years,,96.7
2016,population that has convenient access to public transport (within 10 minutes walking distance) (%),,,,18 to under 30 years,,96.7
2017,population that has convenient access to public transport (within 10 minutes walking distance) (%),,,,18 to under 30 years,,95.4
2018,population that has convenient access to public transport (within 10 minutes walking distance) (%),,,,18 to under 30 years,,96.3
2019,population that has convenient access to public transport (within 10 minutes walking distance) (%),,,,18 to under 30 years,,95.5
2020,population that has convenient access to public transport (within 10 minutes walking distance) (%),,,,18 to under 30 years,,95.1
2010,population that has convenient access to public transport (within 10 minutes walking distance) (%),,,,30 to under 45 years,,95.2
2011,population that has convenient access to public transport (within 10 minutes walking distance) (%),,,,30 to under 45 years,,96.2
2012,population that has convenient access to public transport (within 10 minutes walking distance) (%),,,,30 to under 45 years,,97.8
2013,population that has convenient access to public transport (within 10 minutes walking distance) (%),,,,30 to under 45 years,,96.2
2014,population that has convenient access to public transport (within 10 minutes walking distance) (%),,,,30 to under 45 years,,94.1
2015,population that has convenient access to public transport (within 10 minutes walking distance) (%),,,,30 to under 45 years,,92.9
2016,population that has convenient access to public transport (within 10 minutes walking distance) (%),,,,30 to under 45 years,,96.1
2017,population that has convenient access to public transport (within 10 minutes walking distance) (%),,,,30 to under 45 years,,96.1
2018,population that has convenient access to public transport (within 10 minutes walking distance) (%),,,,30 to under 45 years,,95.3
2019,population that has convenient access to public transport (within 10 minutes walking distance) (%),,,,30 to under 45 years,,96.2
2020,population that has convenient access to public transport (within 10 minutes walking distance) (%),,,,30 to under 45 years,,97.1
2010,population that has convenient access to public transport (within 10 minutes walking distance) (%),,,,45 to under 65 years,,93.2
2011,population that has convenient access to public transport (within 10 minutes walking distance) (%),,,,45 to under 65 years,,93.8
2012,population that has convenient access to public transport (within 10 minutes walking distance) (%),,,,45 to under 65 years,,93.8
2013,population that has convenient access to public transport (within 10 minutes walking distance) (%),,,,45 to under 65 years,,92.9
2014,population that has convenient access to public transport (within 10 minutes walking distance) (%),,,,45 to under 65 years,,94.2
2015,population that has convenient access to public transport (within 10 minutes walking distance) (%),,,,45 to under 65 years,,92.7
2016,population that has convenient access to public transport (within 10 minutes walking distance) (%),,,,45 to under 65 years,,92.6
2017,population that has convenient access to public transport (within 10 minutes walking distance) (%),,,,45 to under 65 years,,94.0
2018,population that has convenient access to public transport (within 10 minutes walking distance) (%),,,,45 to under 65 years,,95.0
2019,population that has convenient access to public transport (within 10 minutes walking distance) (%),,,,45 to under 65 years,,93.4
2020,population that has convenient access to public transport (within 10 minutes walking distance) (%),,,,45 to under 65 years,,96.0
2010,population that has convenient access to public transport (within 10 minutes walking distance) (%),,,,65 years and over,,92.1
2011,population that has convenient access to public transport (within 10 minutes walking distance) (%),,,,65 years and over,,89.6
2012,population that has convenient access to public transport (within 10 minutes walking distance) (%),,,,65 years and over,,91.7
2013,population that has convenient access to public transport (within 10 minutes walking distance) (%),,,,65 years and over,,90.0
2014,population that has convenient access to public transport (within 10 minutes walking distance) (%),,,,65 years and over,,92.4
2015,population that has convenient access to public transport (within 10 minutes walking distance) (%),,,,65 years and over,,92.2
2016,population that has convenient access to public transport (within 10 minutes walking distance) (%),,,,65 years and over,,90.5
2017,population that has convenient access to public transport (within 10 minutes walking distance) (%),,,,65 years and over,,91.6
2018,population that has convenient access to public transport (within 10 minutes walking distance) (%),,,,65 years and over,,91.6
2019,population that has convenient access to public transport (within 10 minutes walking distance) (%),,,,65 years and over,,90.4
2020,population that has convenient access to public transport (within 10 minutes walking distance) (%),,,,65 years and over,,90.3
2010,population that has convenient access to public transport (within 10 minutes walking distance) (%),,,,,female,93.2
2011,population that has convenient access to public transport (within 10 minutes walking distance) (%),,,,,female,94.2
2012,population that has convenient access to public transport (within 10 minutes walking distance) (%),,,,,female,94.5
2013,population that has convenient access to public transport (within 10 minutes walking distance) (%),,,,,female,92.5
2014,population that has convenient access to public transport (within 10 minutes walking distance) (%),,,,,female,94.6
2015,population that has convenient access to public transport (within 10 minutes walking distance) (%),,,,,female,93.8
2016,population that has convenient access to public transport (within 10 minutes walking distance) (%),,,,,female,93.6
2017,population that has convenient access to public transport (within 10 minutes walking distance) (%),,,,,female,94.4
2018,population that has convenient access to public transport (within 10 minutes walking distance) (%),,,,,female,94.5
2019,population that has convenient access to public transport (within 10 minutes walking distance) (%),,,,,female,94.0
2020,population that has convenient access to public transport (within 10 minutes walking distance) (%),,,,,female,95.0
2010,population that has convenient access to public transport (within 10 minutes walking distance) (%),,,,,male,95.6
2011,population that has convenient access to public transport (within 10 minutes walking distance) (%),,,,,male,93.7
2012,population that has convenient access to public transport (within 10 minutes walking distance) (%),,,,,male,94.4
2013,population that has convenient access to public transport (within 10 minutes walking distance) (%),,,,,male,93.2
2014,population that has convenient access to public transport (within 10 minutes walking distance) (%),,,,,male,94.0
2015,population that has convenient access to public transport (within 10 minutes walking distance) (%),,,,,male,93.4
2016,population that has convenient access to public transport (within 10 minutes walking distance) (%),,,,,male,93.6
2017,population that has convenient access to public transport (within 10 minutes walking distance) (%),,,,,male,94.0
2018,population that has convenient access to public transport (within 10 minutes walking distance) (%),,,,,male,94.5
2019,population that has convenient access to public transport (within 10 minutes walking distance) (%),,,,,male,93.5
2020,population that has convenient access to public transport (within 10 minutes walking distance) (%),,,,,male,94.7
