Year,Units,fine particulate matter,Series,Value
2010,micrograms per qubic meters,pm10,population weighted annual mean levels of fine particulate matter,19.6
2011,micrograms per qubic meters,pm10,population weighted annual mean levels of fine particulate matter,19.5
2012,micrograms per qubic meters,pm10,population weighted annual mean levels of fine particulate matter,17.0
2013,micrograms per qubic meters,pm10,population weighted annual mean levels of fine particulate matter,17.6
2014,micrograms per qubic meters,pm10,population weighted annual mean levels of fine particulate matter,17.1
2015,micrograms per qubic meters,pm10,population weighted annual mean levels of fine particulate matter,15.9
2016,micrograms per qubic meters,pm10,population weighted annual mean levels of fine particulate matter,15.4
2017,micrograms per qubic meters,pm10,population weighted annual mean levels of fine particulate matter,15.3
2018,micrograms per qubic meters,pm10,population weighted annual mean levels of fine particulate matter,15.4
2019,micrograms per qubic meters,pm10,population weighted annual mean levels of fine particulate matter,13.2
2020,micrograms per qubic meters,pm10,population weighted annual mean levels of fine particulate matter,12.3
2010,micrograms per qubic meters,pm2.5,population weighted annual mean levels of fine particulate matter,13.7
2011,micrograms per qubic meters,pm2.5,population weighted annual mean levels of fine particulate matter,13.6
2012,micrograms per qubic meters,pm2.5,population weighted annual mean levels of fine particulate matter,11.9
2013,micrograms per qubic meters,pm2.5,population weighted annual mean levels of fine particulate matter,12.3
2014,micrograms per qubic meters,pm2.5,population weighted annual mean levels of fine particulate matter,12.0
2015,micrograms per qubic meters,pm2.5,population weighted annual mean levels of fine particulate matter,11.1
2016,micrograms per qubic meters,pm2.5,population weighted annual mean levels of fine particulate matter,10.8
2017,micrograms per qubic meters,pm2.5,population weighted annual mean levels of fine particulate matter,10.7
2018,micrograms per qubic meters,pm2.5,population weighted annual mean levels of fine particulate matter,10.8
2019,micrograms per qubic meters,pm2.5,population weighted annual mean levels of fine particulate matter,9.3
2020,micrograms per qubic meters,pm2.5,population weighted annual mean levels of fine particulate matter,8.6
2010,mn inhabitants,pm2.5,population with excessive exposure to fine particulate matter,76.9
2011,mn inhabitants,pm2.5,population with excessive exposure to fine particulate matter,75.8
2012,mn inhabitants,pm2.5,population with excessive exposure to fine particulate matter,64.9
2013,mn inhabitants,pm2.5,population with excessive exposure to fine particulate matter,71.5
2014,mn inhabitants,pm2.5,population with excessive exposure to fine particulate matter,65.0
2015,mn inhabitants,pm2.5,population with excessive exposure to fine particulate matter,59.3
2016,mn inhabitants,pm2.5,population with excessive exposure to fine particulate matter,55.1
2017,mn inhabitants,pm2.5,population with excessive exposure to fine particulate matter,54.0
2018,mn inhabitants,pm2.5,population with excessive exposure to fine particulate matter,53.9
2019,mn inhabitants,pm2.5,population with excessive exposure to fine particulate matter,25.3
2020,mn inhabitants,pm2.5,population with excessive exposure to fine particulate matter,14.7
2010,mn inhabitants,pm10,population with excessive exposure to fine particulate matter,34.61
2011,mn inhabitants,pm10,population with excessive exposure to fine particulate matter,36.37
2012,mn inhabitants,pm10,population with excessive exposure to fine particulate matter,12.51
2013,mn inhabitants,pm10,population with excessive exposure to fine particulate matter,17.18
2014,mn inhabitants,pm10,population with excessive exposure to fine particulate matter,11.9
2015,mn inhabitants,pm10,population with excessive exposure to fine particulate matter,4.99
2016,mn inhabitants,pm10,population with excessive exposure to fine particulate matter,3.84
2017,mn inhabitants,pm10,population with excessive exposure to fine particulate matter,2.54
2018,mn inhabitants,pm10,population with excessive exposure to fine particulate matter,2.9
2019,mn inhabitants,pm10,population with excessive exposure to fine particulate matter,
2020,mn inhabitants,pm10,population with excessive exposure to fine particulate matter,
