Year,Units,domain,Value
2019,"1,000 tonnes",,
2020,"1,000 tonnes",,9119.0
2021,"1,000 tonnes",,
2019,"1,000 tonnes",retail/distribution,
2020,"1,000 tonnes",retail/distribution,762.0
2021,"1,000 tonnes",retail/distribution,
2019,"1,000 tonnes",restaurants and catering services,
2020,"1,000 tonnes",restaurants and catering services,1861.0
2021,"1,000 tonnes",restaurants and catering services,
2019,"1,000 tonnes",private households,
2020,"1,000 tonnes",private households,6496.0
2021,"1,000 tonnes",private households,
2019,kilogram per capita,,
2020,kilogram per capita,,109.0
2021,kilogram per capita,,
2019,kilogram per capita,retail/distribution,
2020,kilogram per capita,retail/distribution,9.0
2021,kilogram per capita,retail/distribution,
2019,kilogram per capita,restaurants and catering services,
2020,kilogram per capita,restaurants and catering services,22.0
2021,kilogram per capita,restaurants and catering services,
2019,kilogram per capita,private households,
2020,kilogram per capita,private households,78.0
2021,kilogram per capita,private households,
