Year,Units,timeseries,type of waste,Value
2010,%,recycling rate,municipal waste,63
2011,%,recycling rate,municipal waste,63
2012,%,recycling rate,municipal waste,65
2013,%,recycling rate,municipal waste,64
2014,%,recycling rate,municipal waste,66
2015,%,recycling rate,municipal waste,67
2016,%,recycling rate,municipal waste,67
2017,%,recycling rate,municipal waste,67
2018,%,recycling rate,municipal waste,67
2019,%,recycling rate,municipal waste,68
2020,%,recycling rate,municipal waste,67
2010,1 000 t,material recovery,municipal waste,30774
2011,1 000 t,material recovery,municipal waste,31633
2012,1 000 t,material recovery,municipal waste,32460
2013,1 000 t,material recovery,municipal waste,31629
2014,1 000 t,material recovery,municipal waste,33544
2015,1 000 t,material recovery,municipal waste,34453
2016,1 000 t,material recovery,municipal waste,34958
2017,1 000 t,material recovery,municipal waste,34783
2018,1 000 t,material recovery,municipal waste,33723
2019,1 000 t,material recovery,municipal waste,34227
2020,1 000 t,material recovery,municipal waste,34379
2010,%,recycling rate,total waste,69
2011,%,recycling rate,total waste,69
2012,%,recycling rate,total waste,70
2013,%,recycling rate,total waste,69
2014,%,recycling rate,total waste,69
2015,%,recycling rate,total waste,68
2016,%,recycling rate,total waste,70
2017,%,recycling rate,total waste,69
2018,%,recycling rate,total waste,70
2019,%,recycling rate,total waste,70
2020,%,recycling rate,total waste,70
2010,1 000 t,material recovery,total waste,257350
2011,1 000 t,material recovery,total waste,267105
2012,1 000 t,material recovery,total waste,265363
2013,1 000 t,material recovery,total waste,265552
2014,1 000 t,material recovery,total waste,276265
2015,1 000 t,material recovery,total waste,274619
2016,1 000 t,material recovery,total waste,287631
2017,1 000 t,material recovery,total waste,284847
2018,1 000 t,material recovery,total waste,290456
2019,1 000 t,material recovery,total waste,292006
2020,1 000 t,material recovery,total waste,290157
