Year,Series,Value
2010,authorized imports and exports of protected species,43360
2011,authorized imports and exports of protected species,43358
2012,authorized imports and exports of protected species,48560
2013,authorized imports and exports of protected species,44725
2014,authorized imports and exports of protected species,49402
2015,authorized imports and exports of protected species,47345
2016,authorized imports and exports of protected species,49693
2017,authorized imports and exports of protected species,56142
2018,authorized imports and exports of protected species,59427
2019,authorized imports and exports of protected species,587277
2020,authorized imports and exports of protected species,42911
2021,authorized imports and exports of protected species,49399
2022,authorized imports and exports of protected species,49124
2023,authorized imports and exports of protected species,44728
2010,seizures by authorities concerning the protection of species,946
2011,seizures by authorities concerning the protection of species,935
2012,seizures by authorities concerning the protection of species,811
2013,seizures by authorities concerning the protection of species,748
2014,seizures by authorities concerning the protection of species,692
2015,seizures by authorities concerning the protection of species,1159
2016,seizures by authorities concerning the protection of species,833
2017,seizures by authorities concerning the protection of species,903
2018,seizures by authorities concerning the protection of species,1249
2019,seizures by authorities concerning the protection of species,1440
2020,seizures by authorities concerning the protection of species,1234
2021,seizures by authorities concerning the protection of species,1114
2022,seizures by authorities concerning the protection of species,1027
