Year,COMMENT_OBS_0,Series,Value
2010,,documents issued for the import and export of protected species,22601
2011,,documents issued for the import and export of protected species,20687
2012,,documents issued for the import and export of protected species,21045
2013,,documents issued for the import and export of protected species,21364
2014,,documents issued for the import and export of protected species,23170
2015,,documents issued for the import and export of protected species,23093
2016,r,documents issued for the import and export of protected species,24262
2017,r,documents issued for the import and export of protected species,29470
2018,,documents issued for the import and export of protected species,31830
2019,,documents issued for the import and export of protected species,30319
2020,r,documents issued for the import and export of protected species,19710
2021,,documents issued for the import and export of protected species,24001
2022,,documents issued for the import and export of protected species,21039
2023,,documents issued for the import and export of protected species,19032
2010,,seizures by authorities concerning the protection of species,946
2011,,seizures by authorities concerning the protection of species,935
2012,,seizures by authorities concerning the protection of species,811
2013,,seizures by authorities concerning the protection of species,748
2014,,seizures by authorities concerning the protection of species,692
2015,,seizures by authorities concerning the protection of species,1159
2016,,seizures by authorities concerning the protection of species,833
2017,,seizures by authorities concerning the protection of species,903
2018,,seizures by authorities concerning the protection of species,1249
2019,,seizures by authorities concerning the protection of species,1440
2020,,seizures by authorities concerning the protection of species,1234
2021,,seizures by authorities concerning the protection of species,1114
2022,,seizures by authorities concerning the protection of species,1027
2010,,authorized imports and exports of protected species,43360
2011,,authorized imports and exports of protected species,43358
2012,,authorized imports and exports of protected species,48560
2013,,authorized imports and exports of protected species,44725
2014,,authorized imports and exports of protected species,49402
2015,,authorized imports and exports of protected species,47345
2016,,authorized imports and exports of protected species,49693
2017,,authorized imports and exports of protected species,56142
2018,,authorized imports and exports of protected species,59427
2019,,authorized imports and exports of protected species,58727
2020,,authorized imports and exports of protected species,42911
2021,,authorized imports and exports of protected species,49399
2022,,authorized imports and exports of protected species,49124
2023,,authorized imports and exports of protected species,44728
