Year,Units,sex,age,form of exploitation,Value
2010,per 100 000 inhabitants,,,,0.81
2011,per 100 000 inhabitants,,,,0.84
2012,per 100 000 inhabitants,,,,0.78
2013,per 100 000 inhabitants,,,,0.75
2014,per 100 000 inhabitants,,,,0.72
2015,per 100 000 inhabitants,,,,0.57
2016,per 100 000 inhabitants,,,,0.65
2017,per 100 000 inhabitants,,,,0.81
2010,per 100 000 inhabitants,,,exploitation of labour,0.05
2011,per 100 000 inhabitants,,,exploitation of labour,0.04
2012,per 100 000 inhabitants,,,exploitation of labour,0.02
2013,per 100 000 inhabitants,,,exploitation of labour,0.08
2014,per 100 000 inhabitants,,,exploitation of labour,0.03
2015,per 100 000 inhabitants,,,exploitation of labour,0.07
2016,per 100 000 inhabitants,,,exploitation of labour,0.06
2017,per 100 000 inhabitants,,,exploitation of labour,0.22
2010,per 100 000 inhabitants,,,sexual exploitation,0.76
2011,per 100 000 inhabitants,,,sexual exploitation,0.8
2012,per 100 000 inhabitants,,,sexual exploitation,0.76
2013,per 100 000 inhabitants,,,sexual exploitation,0.67
2014,per 100 000 inhabitants,,,sexual exploitation,0.69
2015,per 100 000 inhabitants,,,sexual exploitation,0.51
2016,per 100 000 inhabitants,,,sexual exploitation,0.59
2017,per 100 000 inhabitants,,,sexual exploitation,0.59
2010,number,,,,651.0
2011,number,,,,672.0
2012,number,,,,626.0
2013,number,,,,603.0
2014,number,,,,583.0
2015,number,,,,470.0
2016,number,,,,536.0
2017,number,,,,669.0
2010,number,,,exploitation of labour,41.0
2011,number,,,exploitation of labour,32.0
2012,number,,,exploitation of labour,14.0
2013,number,,,exploitation of labour,61.0
2014,number,,,exploitation of labour,26.0
2015,number,,,exploitation of labour,54.0
2016,number,,,exploitation of labour,48.0
2017,number,,,exploitation of labour,180.0
2010,number,female,,exploitation of labour,10.0
2011,number,female,,exploitation of labour,24.0
2012,number,female,,exploitation of labour,
2013,number,female,,exploitation of labour,
2014,number,female,,exploitation of labour,
2015,number,female,,exploitation of labour,10.0
2016,number,female,,exploitation of labour,14.0
2017,number,female,,exploitation of labour,25.0
2010,number,male,,exploitation of labour,31.0
2011,number,male,,exploitation of labour,8.0
2012,number,male,,exploitation of labour,
2013,number,male,,exploitation of labour,
2014,number,male,,exploitation of labour,
2015,number,male,,exploitation of labour,44.0
2016,number,male,,exploitation of labour,34.0
2017,number,male,,exploitation of labour,155.0
2010,number,,,sexual exploitation,610.0
2011,number,,,sexual exploitation,640.0
2012,number,,,sexual exploitation,612.0
2013,number,,,sexual exploitation,542.0
2014,number,,,sexual exploitation,557.0
2015,number,,,sexual exploitation,416.0
2016,number,,,sexual exploitation,488.0
2017,number,,,sexual exploitation,489.0
2010,number,female,,sexual exploitation,586.0
2011,number,female,,sexual exploitation,602.0
2012,number,female,,sexual exploitation,588.0
2013,number,female,,sexual exploitation,520.0
2014,number,female,,sexual exploitation,529.0
2015,number,female,,sexual exploitation,399.0
2016,number,female,,sexual exploitation,464.0
2017,number,female,,sexual exploitation,484.0
2010,number,male,,sexual exploitation,24.0
2011,number,male,,sexual exploitation,38.0
2012,number,male,,sexual exploitation,24.0
2013,number,male,,sexual exploitation,22.0
2014,number,male,,sexual exploitation,28.0
2015,number,male,,sexual exploitation,17.0
2016,number,male,,sexual exploitation,24.0
2017,number,male,,sexual exploitation,5.0
2010,number,,under 14 years,sexual exploitation,8.0
2011,number,,under 14 years,sexual exploitation,13.0
2012,number,,under 14 years,sexual exploitation,12.0
2013,number,,under 14 years,sexual exploitation,9.0
2014,number,,under 14 years,sexual exploitation,5.0
2015,number,,under 14 years,sexual exploitation,6.0
2016,number,,under 14 years,sexual exploitation,12.0
2017,number,,under 14 years,sexual exploitation,16.0
2010,number,,14 to under 18 years,sexual exploitation,79.0
2011,number,,14 to under 18 years,sexual exploitation,77.0
2012,number,,14 to under 18 years,sexual exploitation,88.0
2013,number,,14 to under 18 years,sexual exploitation,61.0
2014,number,,14 to under 18 years,sexual exploitation,52.0
2015,number,,14 to under 18 years,sexual exploitation,71.0
2016,number,,14 to under 18 years,sexual exploitation,84.0
2017,number,,14 to under 18 years,sexual exploitation,46.0
2010,number,,18 to under 21 years,sexual exploitation,254.0
2011,number,,18 to under 21 years,sexual exploitation,269.0
2012,number,,18 to under 21 years,sexual exploitation,223.0
2013,number,,18 to under 21 years,sexual exploitation,209.0
2014,number,,18 to under 21 years,sexual exploitation,209.0
2015,number,,18 to under 21 years,sexual exploitation,148.0
2016,number,,18 to under 21 years,sexual exploitation,118.0
2017,number,,18 to under 21 years,sexual exploitation,157.0
2010,number,,21 to under 25 years,sexual exploitation,127.0
2011,number,,21 to under 25 years,sexual exploitation,135.0
2012,number,,21 to under 25 years,sexual exploitation,123.0
2013,number,,21 to under 25 years,sexual exploitation,111.0
2014,number,,21 to under 25 years,sexual exploitation,115.0
2015,number,,21 to under 25 years,sexual exploitation,68.0
2016,number,,21 to under 25 years,sexual exploitation,109.0
2017,number,,21 to under 25 years,sexual exploitation,110.0
2010,number,,25 years and over,sexual exploitation,134.0
2011,number,,25 years and over,sexual exploitation,133.0
2012,number,,25 years and over,sexual exploitation,156.0
2013,number,,25 years and over,sexual exploitation,142.0
2014,number,,25 years and over,sexual exploitation,164.0
2015,number,,25 years and over,sexual exploitation,98.0
2016,number,,25 years and over,sexual exploitation,142.0
2017,number,,25 years and over,sexual exploitation,149.0
2010,number,,unknown age,sexual exploitation,8.0
2011,number,,unknown age,sexual exploitation,13.0
2012,number,,unknown age,sexual exploitation,10.0
2013,number,,unknown age,sexual exploitation,10.0
2014,number,,unknown age,sexual exploitation,12.0
2015,number,,unknown age,sexual exploitation,25.0
2016,number,,unknown age,sexual exploitation,23.0
2017,number,,unknown age,sexual exploitation,11.0
