Year,timeseries,sex,Value
2013,children at acute risk of harm with signs of physical or psychological abuse (%),,0.07
2014,children at acute risk of harm with signs of physical or psychological abuse (%),,0.08
2015,children at acute risk of harm with signs of physical or psychological abuse (%),,0.08
2016,children at acute risk of harm with signs of physical or psychological abuse (%),,0.1
2017,children at acute risk of harm with signs of physical or psychological abuse (%),,0.1
2013,children at acute risk of harm with signs of physical or psychological abuse (%),female,0.08
2014,children at acute risk of harm with signs of physical or psychological abuse (%),female,0.08
2015,children at acute risk of harm with signs of physical or psychological abuse (%),female,0.09
2016,children at acute risk of harm with signs of physical or psychological abuse (%),female,0.1
2017,children at acute risk of harm with signs of physical or psychological abuse (%),female,0.1
2013,children at acute risk of harm with signs of physical or psychological abuse (%),male,0.07
2014,children at acute risk of harm with signs of physical or psychological abuse (%),male,0.08
2015,children at acute risk of harm with signs of physical or psychological abuse (%),male,0.08
2016,children at acute risk of harm with signs of physical or psychological abuse (%),male,0.09
2017,children at acute risk of harm with signs of physical or psychological abuse (%),male,0.1
2013,children at acute risk of harm with signs of physical abuse (%),,0.04
2014,children at acute risk of harm with signs of physical abuse (%),,0.04
2015,children at acute risk of harm with signs of physical abuse (%),,0.04
2016,children at acute risk of harm with signs of physical abuse (%),,0.05
2017,children at acute risk of harm with signs of physical abuse (%),,0.05
2013,children at acute risk of harm with signs of physical abuse (%),female,0.04
2014,children at acute risk of harm with signs of physical abuse (%),female,0.04
2015,children at acute risk of harm with signs of physical abuse (%),female,0.04
2016,children at acute risk of harm with signs of physical abuse (%),female,0.05
2017,children at acute risk of harm with signs of physical abuse (%),female,0.05
2013,children at acute risk of harm with signs of physical abuse (%),male,0.04
2014,children at acute risk of harm with signs of physical abuse (%),male,0.04
2015,children at acute risk of harm with signs of physical abuse (%),male,0.04
2016,children at acute risk of harm with signs of physical abuse (%),male,0.05
2017,children at acute risk of harm with signs of physical abuse (%),male,0.05
2013,children at acute risk of harm with signs of psychological abuse (%),,0.03
2014,children at acute risk of harm with signs of psychological abuse (%),,0.04
2015,children at acute risk of harm with signs of psychological abuse (%),,0.04
2016,children at acute risk of harm with signs of psychological abuse (%),,0.05
2017,children at acute risk of harm with signs of psychological abuse (%),,0.05
2013,children at acute risk of harm with signs of psychological abuse (%),female,0.04
2014,children at acute risk of harm with signs of psychological abuse (%),female,0.04
2015,children at acute risk of harm with signs of psychological abuse (%),female,0.05
2016,children at acute risk of harm with signs of psychological abuse (%),female,0.05
2017,children at acute risk of harm with signs of psychological abuse (%),female,0.05
2013,children at acute risk of harm with signs of psychological abuse (%),male,0.03
2014,children at acute risk of harm with signs of psychological abuse (%),male,0.04
2015,children at acute risk of harm with signs of psychological abuse (%),male,0.04
2016,children at acute risk of harm with signs of psychological abuse (%),male,0.04
2017,children at acute risk of harm with signs of psychological abuse (%),male,0.05
