Year,timeseries,Value
2015,population satisfied with their experience of government services during the previous two years (%),93.1
2016,population satisfied with their experience of government services during the previous two years (%),
2017,population satisfied with their experience of government services during the previous two years (%),94.7
2018,population satisfied with their experience of government services during the previous two years (%),
2019,population satisfied with their experience of government services during the previous two years (%),97.0
