Year,timeseries,Value
2010,children under 5 years of age whose births have been registered with a civil authority (%),100
2011,children under 5 years of age whose births have been registered with a civil authority (%),100
2012,children under 5 years of age whose births have been registered with a civil authority (%),100
2013,children under 5 years of age whose births have been registered with a civil authority (%),100
2014,children under 5 years of age whose births have been registered with a civil authority (%),100
2015,children under 5 years of age whose births have been registered with a civil authority (%),100
2016,children under 5 years of age whose births have been registered with a civil authority (%),100
2017,children under 5 years of age whose births have been registered with a civil authority (%),100
2018,children under 5 years of age whose births have been registered with a civil authority (%),100
