Year,Units,timeseries,Value
2010,mn eur,oda (commitments) to public-private partnerships (ppp) for infrastructure,0.0
2011,mn eur,oda (commitments) to public-private partnerships (ppp) for infrastructure,0.0
2012,mn eur,oda (commitments) to public-private partnerships (ppp) for infrastructure,0.0
2013,mn eur,oda (commitments) to public-private partnerships (ppp) for infrastructure,0.0
2014,mn eur,oda (commitments) to public-private partnerships (ppp) for infrastructure,0.0
2015,mn eur,oda (commitments) to public-private partnerships (ppp) for infrastructure,0.0
2016,mn eur,oda (commitments) to public-private partnerships (ppp) for infrastructure,9.0
2017,mn eur,oda (commitments) to public-private partnerships (ppp) for infrastructure,0.0
2018,mn eur,oda (commitments) to public-private partnerships (ppp) for infrastructure,0.0
2019,mn eur,oda (commitments) to public-private partnerships (ppp) for infrastructure,0.03
2010,"mn usd, constant prices (2019)",oda (commitments) to public-private partnerships (ppp) for infrastructure,0.0
2011,"mn usd, constant prices (2019)",oda (commitments) to public-private partnerships (ppp) for infrastructure,0.0
2012,"mn usd, constant prices (2019)",oda (commitments) to public-private partnerships (ppp) for infrastructure,0.0
2013,"mn usd, constant prices (2019)",oda (commitments) to public-private partnerships (ppp) for infrastructure,0.0
2014,"mn usd, constant prices (2019)",oda (commitments) to public-private partnerships (ppp) for infrastructure,0.0
2015,"mn usd, constant prices (2019)",oda (commitments) to public-private partnerships (ppp) for infrastructure,0.0
2016,"mn usd, constant prices (2019)",oda (commitments) to public-private partnerships (ppp) for infrastructure,10.61
2017,"mn usd, constant prices (2019)",oda (commitments) to public-private partnerships (ppp) for infrastructure,0.0
2018,"mn usd, constant prices (2019)",oda (commitments) to public-private partnerships (ppp) for infrastructure,0.0
2019,"mn usd, constant prices (2019)",oda (commitments) to public-private partnerships (ppp) for infrastructure,0.04
2010,mn eur,oda (gross disbursements) to public-private partnerships (ppp) for infrastructure,0.0
2011,mn eur,oda (gross disbursements) to public-private partnerships (ppp) for infrastructure,0.0
2012,mn eur,oda (gross disbursements) to public-private partnerships (ppp) for infrastructure,0.0
2013,mn eur,oda (gross disbursements) to public-private partnerships (ppp) for infrastructure,0.0
2014,mn eur,oda (gross disbursements) to public-private partnerships (ppp) for infrastructure,0.0
2015,mn eur,oda (gross disbursements) to public-private partnerships (ppp) for infrastructure,0.0
2016,mn eur,oda (gross disbursements) to public-private partnerships (ppp) for infrastructure,9.0
2017,mn eur,oda (gross disbursements) to public-private partnerships (ppp) for infrastructure,0.0
2018,mn eur,oda (gross disbursements) to public-private partnerships (ppp) for infrastructure,0.0
2019,mn eur,oda (gross disbursements) to public-private partnerships (ppp) for infrastructure,3.3
2010,"mn usd, constant prices (2019)",oda (gross disbursements) to public-private partnerships (ppp) for infrastructure,0.0
2011,"mn usd, constant prices (2019)",oda (gross disbursements) to public-private partnerships (ppp) for infrastructure,0.0
2012,"mn usd, constant prices (2019)",oda (gross disbursements) to public-private partnerships (ppp) for infrastructure,0.0
2013,"mn usd, constant prices (2019)",oda (gross disbursements) to public-private partnerships (ppp) for infrastructure,0.0
2014,"mn usd, constant prices (2019)",oda (gross disbursements) to public-private partnerships (ppp) for infrastructure,0.0
2015,"mn usd, constant prices (2019)",oda (gross disbursements) to public-private partnerships (ppp) for infrastructure,0.0
2016,"mn usd, constant prices (2019)",oda (gross disbursements) to public-private partnerships (ppp) for infrastructure,10.61
2017,"mn usd, constant prices (2019)",oda (gross disbursements) to public-private partnerships (ppp) for infrastructure,0.0
2018,"mn usd, constant prices (2019)",oda (gross disbursements) to public-private partnerships (ppp) for infrastructure,0.0
2019,"mn usd, constant prices (2019)",oda (gross disbursements) to public-private partnerships (ppp) for infrastructure,3.69
