Year,timeseries,Value
2015,proportion of new development interventions drawn from country-led result frameworks by providers of development cooperation (%),
2016,proportion of new development interventions drawn from country-led result frameworks by providers of development cooperation (%),83.0
2017,proportion of new development interventions drawn from country-led result frameworks by providers of development cooperation (%),
2015,proportion of results indicators drawn from country-led results frameworks by providers of development cooperation (%),
2016,proportion of results indicators drawn from country-led results frameworks by providers of development cooperation (%),55.0
2017,proportion of results indicators drawn from country-led results frameworks by providers of development cooperation (%),
2015,proportion of results indicators which will be monitored using government sources and monitoring systems by providers of development cooperation (%),
2016,proportion of results indicators which will be monitored using government sources and monitoring systems by providers of development cooperation (%),51.0
2017,proportion of results indicators which will be monitored using government sources and monitoring systems by providers of development cooperation (%),
