Year,timeseries,Value
2016,proportion of new development interventions drawn from country-led result frameworks by providers of development cooperation (%),83
2018,proportion of new development interventions drawn from country-led result frameworks by providers of development cooperation (%),66
2016,proportion of results indicators drawn from country-led results frameworks by providers of development cooperation (%),55
2018,proportion of results indicators drawn from country-led results frameworks by providers of development cooperation (%),92
2016,proportion of results indicators which will be monitored using government sources and monitoring systems by providers of development cooperation (%),51
2018,proportion of results indicators which will be monitored using government sources and monitoring systems by providers of development cooperation (%),64
