Year,timeseries,Value
2016,proportion of new development interventions drawn from country-led result frameworks by providers of development cooperation (%),83.0
2018,proportion of new development interventions drawn from country-led result frameworks by providers of development cooperation (%),92.0
2016,proportion of results indicators drawn from country-led results frameworks by providers of development cooperation (%),55.0
2018,proportion of results indicators drawn from country-led results frameworks by providers of development cooperation (%),64.0
2016,proportion of results indicators which will be monitored using government sources and monitoring systems by providers of development cooperation (%),51.0
2018,proportion of results indicators which will be monitored using government sources and monitoring systems by providers of development cooperation (%),40.0
2018,extent of use of country-owned results frameworks by providers of development co-operation,65.7
