Year,economic activity,COMMENT_OBS_0,Value
2010,agriculture,,91.5
2011,agriculture,,92.0
2012,agriculture,,90.6
2013,agriculture,,89.2
2014,agriculture,,101.0
2015,agriculture,,85.9
2016,agriculture,,90.6
2017,agriculture,,98.2
2018,agriculture,,80.8
2019,agriculture,,94.0
2020,agriculture,,100.0
2021,agriculture,p,115.7
2022,agriculture,p,115.3
2010,forestry,,106.9
2011,forestry,,134.7
2012,forestry,,153.7
2013,forestry,,155.5
2014,forestry,,161.8
2015,forestry,,167.8
2016,forestry,,181.5
2017,forestry,,182.0
2018,forestry,,209.3
2019,forestry,,171.4
2020,forestry,,100.0
2021,forestry,p,124.0
2022,forestry,p,177.0
