Year,COMMENT_OBS,economic activity,Value
2010,,agriculture,110.9
2011,,agriculture,101.6
2012,,agriculture,103.4
2013,,agriculture,108.0
2014,,agriculture,119.5
2015,,agriculture,100.0
2016,,agriculture,99.2
2017,,agriculture,108.3
2018,,agriculture,85.7
2019,p,agriculture,105.2
2020,p,agriculture,116.9
2010,,forestry,62.3
2011,,forestry,77.7
2012,,forestry,90.7
2013,,forestry,89.6
2014,,forestry,95.5
2015,,forestry,100.0
2016,,forestry,102.1
2017,,forestry,104.4
2018,,forestry,116.2
2019,p,forestry,90.1
2020,p,forestry,101.8
