Year,timeseries,Value
2010,maternal mortality (per 100 000 live births),5.5
2011,maternal mortality (per 100 000 live births),4.8
2012,maternal mortality (per 100 000 live births),4.6
2013,maternal mortality (per 100 000 live births),4.4
2014,maternal mortality (per 100 000 live births),4.1
2015,maternal mortality (per 100 000 live births),3.3
2016,maternal mortality (per 100 000 live births),2.9
2017,maternal mortality (per 100 000 live births),2.8
2018,maternal mortality (per 100 000 live births),3.2
