Year,age,Value
2010,under 1 year,3.4
2011,under 1 year,3.6
2012,under 1 year,3.3
2013,under 1 year,3.3
2014,under 1 year,3.2
2015,under 1 year,3.3
2016,under 1 year,3.4
2017,under 1 year,3.3
2018,under 1 year,3.2
2019,under 1 year,3.2
2020,under 1 year,3.1
2021,under 1 year,3.0
2010,under 5 years,4.1
2011,under 5 years,4.3
2012,under 5 years,3.9
2013,under 5 years,3.9
2014,under 5 years,3.8
2015,under 5 years,3.9
2016,under 5 years,4.0
2017,under 5 years,3.8
2018,under 5 years,3.7
2019,under 5 years,3.8
2020,under 5 years,3.6
2021,under 5 years,3.5
