Year,timeseries,Value
2010,tuberculosis incidence (per 100 000 inhabitants),5.37
2011,tuberculosis incidence (per 100 000 inhabitants),5.27
2012,tuberculosis incidence (per 100 000 inhabitants),5.24
2013,tuberculosis incidence (per 100 000 inhabitants),5.38
2014,tuberculosis incidence (per 100 000 inhabitants),5.58
2015,tuberculosis incidence (per 100 000 inhabitants),7.1
2016,tuberculosis incidence (per 100 000 inhabitants),7.18
2017,tuberculosis incidence (per 100 000 inhabitants),6.63
2018,tuberculosis incidence (per 100 000 inhabitants),6.55
