Year,Units,disease,Series,Value
2010,attributable deaths,,attributable deaths due to long-term exposure to fine particulate matter (pm2.5) in the population aged 25 years and older,26789
2011,attributable deaths,,attributable deaths due to long-term exposure to fine particulate matter (pm2.5) in the population aged 25 years and older,25134
2012,attributable deaths,,attributable deaths due to long-term exposure to fine particulate matter (pm2.5) in the population aged 25 years and older,22362
2013,attributable deaths,,attributable deaths due to long-term exposure to fine particulate matter (pm2.5) in the population aged 25 years and older,21946
2014,attributable deaths,,attributable deaths due to long-term exposure to fine particulate matter (pm2.5) in the population aged 25 years and older,20703
2015,attributable deaths,,attributable deaths due to long-term exposure to fine particulate matter (pm2.5) in the population aged 25 years and older,19233
2016,attributable deaths,,attributable deaths due to long-term exposure to fine particulate matter (pm2.5) in the population aged 25 years and older,18056
2017,attributable deaths,,attributable deaths due to long-term exposure to fine particulate matter (pm2.5) in the population aged 25 years and older,17534
2018,attributable deaths,,attributable deaths due to long-term exposure to fine particulate matter (pm2.5) in the population aged 25 years and older,18146
2019,attributable deaths,,attributable deaths due to long-term exposure to fine particulate matter (pm2.5) in the population aged 25 years and older,13057
2020,attributable deaths,,attributable deaths due to long-term exposure to fine particulate matter (pm2.5) in the population aged 25 years and older,11658
2021,attributable deaths,,attributable deaths due to long-term exposure to fine particulate matter (pm2.5) in the population aged 25 years and older,12818
2010,attributable deaths,chronic obstructive pulmonary disease (copd),attributable deaths due to long-term exposure to fine particulate matter(pm2.5) in the population aged 25 years and older by type of disease,2918
2011,attributable deaths,chronic obstructive pulmonary disease (copd),attributable deaths due to long-term exposure to fine particulate matter(pm2.5) in the population aged 25 years and older by type of disease,2796
2012,attributable deaths,chronic obstructive pulmonary disease (copd),attributable deaths due to long-term exposure to fine particulate matter(pm2.5) in the population aged 25 years and older by type of disease,2202
2013,attributable deaths,chronic obstructive pulmonary disease (copd),attributable deaths due to long-term exposure to fine particulate matter(pm2.5) in the population aged 25 years and older by type of disease,2603
2014,attributable deaths,chronic obstructive pulmonary disease (copd),attributable deaths due to long-term exposure to fine particulate matter(pm2.5) in the population aged 25 years and older by type of disease,2397
2015,attributable deaths,chronic obstructive pulmonary disease (copd),attributable deaths due to long-term exposure to fine particulate matter(pm2.5) in the population aged 25 years and older by type of disease,2402
2016,attributable deaths,chronic obstructive pulmonary disease (copd),attributable deaths due to long-term exposure to fine particulate matter(pm2.5) in the population aged 25 years and older by type of disease,2214
2017,attributable deaths,chronic obstructive pulmonary disease (copd),attributable deaths due to long-term exposure to fine particulate matter(pm2.5) in the population aged 25 years and older by type of disease,2301
2018,attributable deaths,chronic obstructive pulmonary disease (copd),attributable deaths due to long-term exposure to fine particulate matter(pm2.5) in the population aged 25 years and older by type of disease,2372
2019,attributable deaths,chronic obstructive pulmonary disease (copd),attributable deaths due to long-term exposure to fine particulate matter(pm2.5) in the population aged 25 years and older by type of disease,1769
2020,attributable deaths,chronic obstructive pulmonary disease (copd),attributable deaths due to long-term exposure to fine particulate matter(pm2.5) in the population aged 25 years and older by type of disease,1451
2021,attributable deaths,chronic obstructive pulmonary disease (copd),attributable deaths due to long-term exposure to fine particulate matter(pm2.5) in the population aged 25 years and older by type of disease,1572
2010,attributable deaths,lung cancer,attributable deaths due to long-term exposure to fine particulate matter(pm2.5) in the population aged 25 years and older by type of disease,5656
2011,attributable deaths,lung cancer,attributable deaths due to long-term exposure to fine particulate matter(pm2.5) in the population aged 25 years and older by type of disease,5524
2012,attributable deaths,lung cancer,attributable deaths due to long-term exposure to fine particulate matter(pm2.5) in the population aged 25 years and older by type of disease,4368
2013,attributable deaths,lung cancer,attributable deaths due to long-term exposure to fine particulate matter(pm2.5) in the population aged 25 years and older by type of disease,4805
2014,attributable deaths,lung cancer,attributable deaths due to long-term exposure to fine particulate matter(pm2.5) in the population aged 25 years and older by type of disease,4745
2015,attributable deaths,lung cancer,attributable deaths due to long-term exposure to fine particulate matter(pm2.5) in the population aged 25 years and older by type of disease,4216
2016,attributable deaths,lung cancer,attributable deaths due to long-term exposure to fine particulate matter(pm2.5) in the population aged 25 years and older by type of disease,4123
2017,attributable deaths,lung cancer,attributable deaths due to long-term exposure to fine particulate matter(pm2.5) in the population aged 25 years and older by type of disease,3863
2018,attributable deaths,lung cancer,attributable deaths due to long-term exposure to fine particulate matter(pm2.5) in the population aged 25 years and older by type of disease,3999
2019,attributable deaths,lung cancer,attributable deaths due to long-term exposure to fine particulate matter(pm2.5) in the population aged 25 years and older by type of disease,2609
2020,attributable deaths,lung cancer,attributable deaths due to long-term exposure to fine particulate matter(pm2.5) in the population aged 25 years and older by type of disease,2303
2021,attributable deaths,lung cancer,attributable deaths due to long-term exposure to fine particulate matter(pm2.5) in the population aged 25 years and older by type of disease,2556
2010,attributable deaths,stroke,attributable deaths due to long-term exposure to fine particulate matter(pm2.5) in the population aged 25 years and older by type of disease,2990
2011,attributable deaths,stroke,attributable deaths due to long-term exposure to fine particulate matter(pm2.5) in the population aged 25 years and older by type of disease,2814
2012,attributable deaths,stroke,attributable deaths due to long-term exposure to fine particulate matter(pm2.5) in the population aged 25 years and older by type of disease,2196
2013,attributable deaths,stroke,attributable deaths due to long-term exposure to fine particulate matter(pm2.5) in the population aged 25 years and older by type of disease,2389
2014,attributable deaths,stroke,attributable deaths due to long-term exposure to fine particulate matter(pm2.5) in the population aged 25 years and older by type of disease,2293
2015,attributable deaths,stroke,attributable deaths due to long-term exposure to fine particulate matter(pm2.5) in the population aged 25 years and older by type of disease,2079
2016,attributable deaths,stroke,attributable deaths due to long-term exposure to fine particulate matter(pm2.5) in the population aged 25 years and older by type of disease,2033
2017,attributable deaths,stroke,attributable deaths due to long-term exposure to fine particulate matter(pm2.5) in the population aged 25 years and older by type of disease,1887
2018,attributable deaths,stroke,attributable deaths due to long-term exposure to fine particulate matter(pm2.5) in the population aged 25 years and older by type of disease,1979
2019,attributable deaths,stroke,attributable deaths due to long-term exposure to fine particulate matter(pm2.5) in the population aged 25 years and older by type of disease,1487
2020,attributable deaths,stroke,attributable deaths due to long-term exposure to fine particulate matter(pm2.5) in the population aged 25 years and older by type of disease,1303
2021,attributable deaths,stroke,attributable deaths due to long-term exposure to fine particulate matter(pm2.5) in the population aged 25 years and older by type of disease,1352
2010,attributable deaths,ischemic heart diseases,attributable deaths due to long-term exposure to fine particulate matter(pm2.5) in the population aged 25 years and older by type of disease,12139
2011,attributable deaths,ischemic heart diseases,attributable deaths due to long-term exposure to fine particulate matter(pm2.5) in the population aged 25 years and older by type of disease,10970
2012,attributable deaths,ischemic heart diseases,attributable deaths due to long-term exposure to fine particulate matter(pm2.5) in the population aged 25 years and older by type of disease,11039
2013,attributable deaths,ischemic heart diseases,attributable deaths due to long-term exposure to fine particulate matter(pm2.5) in the population aged 25 years and older by type of disease,9390
2014,attributable deaths,ischemic heart diseases,attributable deaths due to long-term exposure to fine particulate matter(pm2.5) in the population aged 25 years and older by type of disease,8714
2015,attributable deaths,ischemic heart diseases,attributable deaths due to long-term exposure to fine particulate matter(pm2.5) in the population aged 25 years and older by type of disease,8041
2016,attributable deaths,ischemic heart diseases,attributable deaths due to long-term exposure to fine particulate matter(pm2.5) in the population aged 25 years and older by type of disease,7405
2017,attributable deaths,ischemic heart diseases,attributable deaths due to long-term exposure to fine particulate matter(pm2.5) in the population aged 25 years and older by type of disease,7120
2018,attributable deaths,ischemic heart diseases,attributable deaths due to long-term exposure to fine particulate matter(pm2.5) in the population aged 25 years and older by type of disease,7373
2019,attributable deaths,ischemic heart diseases,attributable deaths due to long-term exposure to fine particulate matter(pm2.5) in the population aged 25 years and older by type of disease,5353
2020,attributable deaths,ischemic heart diseases,attributable deaths due to long-term exposure to fine particulate matter(pm2.5) in the population aged 25 years and older by type of disease,4813
2021,attributable deaths,ischemic heart diseases,attributable deaths due to long-term exposure to fine particulate matter(pm2.5) in the population aged 25 years and older by type of disease,5354
2010,attributable deaths,diabetes mellitus type 2,attributable deaths due to long-term exposure to fine particulate matter(pm2.5) in the population aged 25 years and older by type of disease,3086
2011,attributable deaths,diabetes mellitus type 2,attributable deaths due to long-term exposure to fine particulate matter(pm2.5) in the population aged 25 years and older by type of disease,3030
2012,attributable deaths,diabetes mellitus type 2,attributable deaths due to long-term exposure to fine particulate matter(pm2.5) in the population aged 25 years and older by type of disease,2557
2013,attributable deaths,diabetes mellitus type 2,attributable deaths due to long-term exposure to fine particulate matter(pm2.5) in the population aged 25 years and older by type of disease,2759
2014,attributable deaths,diabetes mellitus type 2,attributable deaths due to long-term exposure to fine particulate matter(pm2.5) in the population aged 25 years and older by type of disease,2554
2015,attributable deaths,diabetes mellitus type 2,attributable deaths due to long-term exposure to fine particulate matter(pm2.5) in the population aged 25 years and older by type of disease,2495
2016,attributable deaths,diabetes mellitus type 2,attributable deaths due to long-term exposure to fine particulate matter(pm2.5) in the population aged 25 years and older by type of disease,2281
2017,attributable deaths,diabetes mellitus type 2,attributable deaths due to long-term exposure to fine particulate matter(pm2.5) in the population aged 25 years and older by type of disease,2363
2018,attributable deaths,diabetes mellitus type 2,attributable deaths due to long-term exposure to fine particulate matter(pm2.5) in the population aged 25 years and older by type of disease,2423
2019,attributable deaths,diabetes mellitus type 2,attributable deaths due to long-term exposure to fine particulate matter(pm2.5) in the population aged 25 years and older by type of disease,1839
2020,attributable deaths,diabetes mellitus type 2,attributable deaths due to long-term exposure to fine particulate matter(pm2.5) in the population aged 25 years and older by type of disease,1788
2021,attributable deaths,diabetes mellitus type 2,attributable deaths due to long-term exposure to fine particulate matter(pm2.5) in the population aged 25 years and older by type of disease,1984
2010,dalys,,dalys due to long-term exposure to fine particulate matter (pm2.5) in the population aged 25 years and older,466082
2011,dalys,,dalys due to long-term exposure to fine particulate matter (pm2.5) in the population aged 25 years and older,435290
2012,dalys,,dalys due to long-term exposure to fine particulate matter (pm2.5) in the population aged 25 years and older,375632
2013,dalys,,dalys due to long-term exposure to fine particulate matter (pm2.5) in the population aged 25 years and older,378623
2014,dalys,,dalys due to long-term exposure to fine particulate matter (pm2.5) in the population aged 25 years and older,362514
2015,dalys,,dalys due to long-term exposure to fine particulate matter (pm2.5) in the population aged 25 years and older,332666
2016,dalys,,dalys due to long-term exposure to fine particulate matter (pm2.5) in the population aged 25 years and older,315346
2017,dalys,,dalys due to long-term exposure to fine particulate matter (pm2.5) in the population aged 25 years and older,301737
2018,dalys,,dalys due to long-term exposure to fine particulate matter (pm2.5) in the population aged 25 years and older,324648
2019,dalys,,dalys due to long-term exposure to fine particulate matter (pm2.5) in the population aged 25 years and older,239209
2020,dalys,,dalys due to long-term exposure to fine particulate matter (pm2.5) in the population aged 25 years and older,239209
2021,dalys,,dalys due to long-term exposure to fine particulate matter (pm2.5) in the population aged 25 years and older,232863
2010,dalys,chronic obstructive pulmonary disease (copd),dalys due to long-term exposure to fine particulate matter (pm2.5) in the population aged 25 years and older by type of disease,61831
2011,dalys,chronic obstructive pulmonary disease (copd),dalys due to long-term exposure to fine particulate matter (pm2.5) in the population aged 25 years and older by type of disease,58609
2012,dalys,chronic obstructive pulmonary disease (copd),dalys due to long-term exposure to fine particulate matter (pm2.5) in the population aged 25 years and older by type of disease,45086
2013,dalys,chronic obstructive pulmonary disease (copd),dalys due to long-term exposure to fine particulate matter (pm2.5) in the population aged 25 years and older by type of disease,52240
2014,dalys,chronic obstructive pulmonary disease (copd),dalys due to long-term exposure to fine particulate matter (pm2.5) in the population aged 25 years and older by type of disease,49535
2015,dalys,chronic obstructive pulmonary disease (copd),dalys due to long-term exposure to fine particulate matter (pm2.5) in the population aged 25 years and older by type of disease,47272
2016,dalys,chronic obstructive pulmonary disease (copd),dalys due to long-term exposure to fine particulate matter (pm2.5) in the population aged 25 years and older by type of disease,44747
2017,dalys,chronic obstructive pulmonary disease (copd),dalys due to long-term exposure to fine particulate matter (pm2.5) in the population aged 25 years and older by type of disease,44603
2018,dalys,chronic obstructive pulmonary disease (copd),dalys due to long-term exposure to fine particulate matter (pm2.5) in the population aged 25 years and older by type of disease,47723
2019,dalys,chronic obstructive pulmonary disease (copd),dalys due to long-term exposure to fine particulate matter (pm2.5) in the population aged 25 years and older by type of disease,35891
2020,dalys,chronic obstructive pulmonary disease (copd),dalys due to long-term exposure to fine particulate matter (pm2.5) in the population aged 25 years and older by type of disease,30297
2021,dalys,chronic obstructive pulmonary disease (copd),dalys due to long-term exposure to fine particulate matter (pm2.5) in the population aged 25 years and older by type of disease,33208
2010,dalys,lung cancer,dalys due to long-term exposure to fine particulate matter (pm2.5) in the population aged 25 years and older by type of disease,93151
2011,dalys,lung cancer,dalys due to long-term exposure to fine particulate matter (pm2.5) in the population aged 25 years and older by type of disease,90789
2012,dalys,lung cancer,dalys due to long-term exposure to fine particulate matter (pm2.5) in the population aged 25 years and older by type of disease,71600
2013,dalys,lung cancer,dalys due to long-term exposure to fine particulate matter (pm2.5) in the population aged 25 years and older by type of disease,79126
2014,dalys,lung cancer,dalys due to long-term exposure to fine particulate matter (pm2.5) in the population aged 25 years and older by type of disease,77664
2015,dalys,lung cancer,dalys due to long-term exposure to fine particulate matter (pm2.5) in the population aged 25 years and older by type of disease,69196
2016,dalys,lung cancer,dalys due to long-term exposure to fine particulate matter (pm2.5) in the population aged 25 years and older by type of disease,67119
2017,dalys,lung cancer,dalys due to long-term exposure to fine particulate matter (pm2.5) in the population aged 25 years and older by type of disease,62554
2018,dalys,lung cancer,dalys due to long-term exposure to fine particulate matter (pm2.5) in the population aged 25 years and older by type of disease,64883
2019,dalys,lung cancer,dalys due to long-term exposure to fine particulate matter (pm2.5) in the population aged 25 years and older by type of disease,44184
2020,dalys,lung cancer,dalys due to long-term exposure to fine particulate matter (pm2.5) in the population aged 25 years and older by type of disease,38727
2021,dalys,lung cancer,dalys due to long-term exposure to fine particulate matter (pm2.5) in the population aged 25 years and older by type of disease,42369
2010,dalys,stroke,dalys due to long-term exposure to fine particulate matter (pm2.5) in the population aged 25 years and older by type of disease,62160
2011,dalys,stroke,dalys due to long-term exposure to fine particulate matter (pm2.5) in the population aged 25 years and older by type of disease,58210
2012,dalys,stroke,dalys due to long-term exposure to fine particulate matter (pm2.5) in the population aged 25 years and older by type of disease,44838
2013,dalys,stroke,dalys due to long-term exposure to fine particulate matter (pm2.5) in the population aged 25 years and older by type of disease,48829
2014,dalys,stroke,dalys due to long-term exposure to fine particulate matter (pm2.5) in the population aged 25 years and older by type of disease,47444
2015,dalys,stroke,dalys due to long-term exposure to fine particulate matter (pm2.5) in the population aged 25 years and older by type of disease,42715
2016,dalys,stroke,dalys due to long-term exposure to fine particulate matter (pm2.5) in the population aged 25 years and older by type of disease,41450
2017,dalys,stroke,dalys due to long-term exposure to fine particulate matter (pm2.5) in the population aged 25 years and older by type of disease,38548
2018,dalys,stroke,dalys due to long-term exposure to fine particulate matter (pm2.5) in the population aged 25 years and older by type of disease,45482
2019,dalys,stroke,dalys due to long-term exposure to fine particulate matter (pm2.5) in the population aged 25 years and older by type of disease,34343
2020,dalys,stroke,dalys due to long-term exposure to fine particulate matter (pm2.5) in the population aged 25 years and older by type of disease,30352
2021,dalys,stroke,dalys due to long-term exposure to fine particulate matter (pm2.5) in the population aged 25 years and older by type of disease,32740
2010,dalys,ischemic heart diseases,dalys due to long-term exposure to fine particulate matter (pm2.5) in the population aged 25 years and older by type of disease,163080
2011,dalys,ischemic heart diseases,dalys due to long-term exposure to fine particulate matter (pm2.5) in the population aged 25 years and older by type of disease,145398
2012,dalys,ischemic heart diseases,dalys due to long-term exposure to fine particulate matter (pm2.5) in the population aged 25 years and older by type of disease,145398
2013,dalys,ischemic heart diseases,dalys due to long-term exposure to fine particulate matter (pm2.5) in the population aged 25 years and older by type of disease,124202
2014,dalys,ischemic heart diseases,dalys due to long-term exposure to fine particulate matter (pm2.5) in the population aged 25 years and older by type of disease,115991
2015,dalys,ischemic heart diseases,dalys due to long-term exposure to fine particulate matter (pm2.5) in the population aged 25 years and older by type of disease,106496
2016,dalys,ischemic heart diseases,dalys due to long-term exposure to fine particulate matter (pm2.5) in the population aged 25 years and older by type of disease,98426
2017,dalys,ischemic heart diseases,dalys due to long-term exposure to fine particulate matter (pm2.5) in the population aged 25 years and older by type of disease,93285
2018,dalys,ischemic heart diseases,dalys due to long-term exposure to fine particulate matter (pm2.5) in the population aged 25 years and older by type of disease,97767
2019,dalys,ischemic heart diseases,dalys due to long-term exposure to fine particulate matter (pm2.5) in the population aged 25 years and older by type of disease,71055
2020,dalys,ischemic heart diseases,dalys due to long-term exposure to fine particulate matter (pm2.5) in the population aged 25 years and older by type of disease,63809
2021,dalys,ischemic heart diseases,dalys due to long-term exposure to fine particulate matter (pm2.5) in the population aged 25 years and older by type of disease,70197
2010,dalys,diabetes mellitus type 2,dalys due to long-term exposure to fine particulate matter (pm2.5) in the population aged 25 years and older by type of disease,85860
2011,dalys,diabetes mellitus type 2,dalys due to long-term exposure to fine particulate matter (pm2.5) in the population aged 25 years and older by type of disease,82284
2012,dalys,diabetes mellitus type 2,dalys due to long-term exposure to fine particulate matter (pm2.5) in the population aged 25 years and older by type of disease,74226
2013,dalys,diabetes mellitus type 2,dalys due to long-term exposure to fine particulate matter (pm2.5) in the population aged 25 years and older by type of disease,74226
2014,dalys,diabetes mellitus type 2,dalys due to long-term exposure to fine particulate matter (pm2.5) in the population aged 25 years and older by type of disease,71880
2015,dalys,diabetes mellitus type 2,dalys due to long-term exposure to fine particulate matter (pm2.5) in the population aged 25 years and older by type of disease,66987
2016,dalys,diabetes mellitus type 2,dalys due to long-term exposure to fine particulate matter (pm2.5) in the population aged 25 years and older by type of disease,63604
2017,dalys,diabetes mellitus type 2,dalys due to long-term exposure to fine particulate matter (pm2.5) in the population aged 25 years and older by type of disease,62747
2018,dalys,diabetes mellitus type 2,dalys due to long-term exposure to fine particulate matter (pm2.5) in the population aged 25 years and older by type of disease,68793
2019,dalys,diabetes mellitus type 2,dalys due to long-term exposure to fine particulate matter (pm2.5) in the population aged 25 years and older by type of disease,53736
2020,dalys,diabetes mellitus type 2,dalys due to long-term exposure to fine particulate matter (pm2.5) in the population aged 25 years and older by type of disease,49346
2021,dalys,diabetes mellitus type 2,dalys due to long-term exposure to fine particulate matter (pm2.5) in the population aged 25 years and older by type of disease,54349
