Year,Units,type of disease,Series,Value
2010,number,,attributable deaths due to long-term exposure to fine particulate matter (pm₅﮳₂) in the population aged 25 years and older,20837
2011,number,,attributable deaths due to long-term exposure to fine particulate matter (pm₅﮳₂) in the population aged 25 years and older,20385
2012,number,,attributable deaths due to long-term exposure to fine particulate matter (pm₅﮳₂) in the population aged 25 years and older,17303
2013,number,,attributable deaths due to long-term exposure to fine particulate matter (pm₅﮳₂) in the population aged 25 years and older,18494
2014,number,,attributable deaths due to long-term exposure to fine particulate matter (pm₅﮳₂) in the population aged 25 years and older,17011
2015,number,,attributable deaths due to long-term exposure to fine particulate matter (pm₅﮳₂) in the population aged 25 years and older,16298
2016,number,,attributable deaths due to long-term exposure to fine particulate matter (pm₅﮳₂) in the population aged 25 years and older,15277
2017,number,,attributable deaths due to long-term exposure to fine particulate matter (pm₅﮳₂) in the population aged 25 years and older,15467
2018,number,,attributable deaths due to long-term exposure to fine particulate matter (pm₅﮳₂) in the population aged 25 years and older,15652
2010,number,chronic obstructive pulmonary disease,attributable deaths due to long-term exposure to fine particulate matter (pm₅﮳₂) in the population aged 25 years and older by type of disease,2427
2011,number,chronic obstructive pulmonary disease,attributable deaths due to long-term exposure to fine particulate matter (pm₅﮳₂) in the population aged 25 years and older by type of disease,2443
2012,number,chronic obstructive pulmonary disease,attributable deaths due to long-term exposure to fine particulate matter (pm₅﮳₂) in the population aged 25 years and older by type of disease,2083
2013,number,chronic obstructive pulmonary disease,attributable deaths due to long-term exposure to fine particulate matter (pm₅﮳₂) in the population aged 25 years and older by type of disease,2389
2014,number,chronic obstructive pulmonary disease,attributable deaths due to long-term exposure to fine particulate matter (pm₅﮳₂) in the population aged 25 years and older by type of disease,2140
2015,number,chronic obstructive pulmonary disease,attributable deaths due to long-term exposure to fine particulate matter (pm₅﮳₂) in the population aged 25 years and older by type of disease,2219
2016,number,chronic obstructive pulmonary disease,attributable deaths due to long-term exposure to fine particulate matter (pm₅﮳₂) in the population aged 25 years and older by type of disease,2036
2017,number,chronic obstructive pulmonary disease,attributable deaths due to long-term exposure to fine particulate matter (pm₅﮳₂) in the population aged 25 years and older by type of disease,2232
2018,number,chronic obstructive pulmonary disease,attributable deaths due to long-term exposure to fine particulate matter (pm₅﮳₂) in the population aged 25 years and older by type of disease,2241
2010,number,lung cancer,attributable deaths due to long-term exposure to fine particulate matter (pm₅﮳₂) in the population aged 25 years and older by type of disease,4773
2011,number,lung cancer,attributable deaths due to long-term exposure to fine particulate matter (pm₅﮳₂) in the population aged 25 years and older by type of disease,4876
2012,number,lung cancer,attributable deaths due to long-term exposure to fine particulate matter (pm₅﮳₂) in the population aged 25 years and older by type of disease,4144
2013,number,lung cancer,attributable deaths due to long-term exposure to fine particulate matter (pm₅﮳₂) in the population aged 25 years and older by type of disease,4431
2014,number,lung cancer,attributable deaths due to long-term exposure to fine particulate matter (pm₅﮳₂) in the population aged 25 years and older by type of disease,4263
2015,number,lung cancer,attributable deaths due to long-term exposure to fine particulate matter (pm₅﮳₂) in the population aged 25 years and older by type of disease,3910
2016,number,lung cancer,attributable deaths due to long-term exposure to fine particulate matter (pm₅﮳₂) in the population aged 25 years and older by type of disease,3808
2017,number,lung cancer,attributable deaths due to long-term exposure to fine particulate matter (pm₅﮳₂) in the population aged 25 years and older by type of disease,3752
2018,number,lung cancer,attributable deaths due to long-term exposure to fine particulate matter (pm₅﮳₂) in the population aged 25 years and older by type of disease,3785
2010,number,stroke,attributable deaths due to long-term exposure to fine particulate matter (pm₅﮳₂) in the population aged 25 years and older by type of disease,2516
2011,number,stroke,attributable deaths due to long-term exposure to fine particulate matter (pm₅﮳₂) in the population aged 25 years and older by type of disease,2480
2012,number,stroke,attributable deaths due to long-term exposure to fine particulate matter (pm₅﮳₂) in the population aged 25 years and older by type of disease,2088
2013,number,stroke,attributable deaths due to long-term exposure to fine particulate matter (pm₅﮳₂) in the population aged 25 years and older by type of disease,2204
2014,number,stroke,attributable deaths due to long-term exposure to fine particulate matter (pm₅﮳₂) in the population aged 25 years and older by type of disease,2056
2015,number,stroke,attributable deaths due to long-term exposure to fine particulate matter (pm₅﮳₂) in the population aged 25 years and older by type of disease,1933
2016,number,stroke,attributable deaths due to long-term exposure to fine particulate matter (pm₅﮳₂) in the population aged 25 years and older by type of disease,1878
2017,number,stroke,attributable deaths due to long-term exposure to fine particulate matter (pm₅﮳₂) in the population aged 25 years and older by type of disease,1831
2018,number,stroke,attributable deaths due to long-term exposure to fine particulate matter (pm₅﮳₂) in the population aged 25 years and older by type of disease,1871
2010,number,ischemic heart disease,attributable deaths due to long-term exposure to fine particulate matter (pm₅﮳₂) in the population aged 25 years and older by type of disease,10295
2011,number,ischemic heart disease,attributable deaths due to long-term exposure to fine particulate matter (pm₅﮳₂) in the population aged 25 years and older by type of disease,9722
2012,number,ischemic heart disease,attributable deaths due to long-term exposure to fine particulate matter (pm₅﮳₂) in the population aged 25 years and older by type of disease,8236
2013,number,ischemic heart disease,attributable deaths due to long-term exposure to fine particulate matter (pm₅﮳₂) in the population aged 25 years and older by type of disease,8685
2014,number,ischemic heart disease,attributable deaths due to long-term exposure to fine particulate matter (pm₅﮳₂) in the population aged 25 years and older by type of disease,7842
2015,number,ischemic heart disease,attributable deaths due to long-term exposure to fine particulate matter (pm₅﮳₂) in the population aged 25 years and older by type of disease,7491
2016,number,ischemic heart disease,attributable deaths due to long-term exposure to fine particulate matter (pm₅﮳₂) in the population aged 25 years and older by type of disease,6857
2017,number,ischemic heart disease,attributable deaths due to long-term exposure to fine particulate matter (pm₅﮳₂) in the population aged 25 years and older by type of disease,6913
2018,number,ischemic heart disease,attributable deaths due to long-term exposure to fine particulate matter (pm₅﮳₂) in the population aged 25 years and older by type of disease,6977
2010,number,diabetes mellitus type 2,attributable deaths due to long-term exposure to fine particulate matter (pm₅﮳₂) in the population aged 25 years and older by type of disease,826
2011,number,diabetes mellitus type 2,attributable deaths due to long-term exposure to fine particulate matter (pm₅﮳₂) in the population aged 25 years and older by type of disease,864
2012,number,diabetes mellitus type 2,attributable deaths due to long-term exposure to fine particulate matter (pm₅﮳₂) in the population aged 25 years and older by type of disease,752
2013,number,diabetes mellitus type 2,attributable deaths due to long-term exposure to fine particulate matter (pm₅﮳₂) in the population aged 25 years and older by type of disease,785
2014,number,diabetes mellitus type 2,attributable deaths due to long-term exposure to fine particulate matter (pm₅﮳₂) in the population aged 25 years and older by type of disease,710
2015,number,diabetes mellitus type 2,attributable deaths due to long-term exposure to fine particulate matter (pm₅﮳₂) in the population aged 25 years and older by type of disease,745
2016,number,diabetes mellitus type 2,attributable deaths due to long-term exposure to fine particulate matter (pm₅﮳₂) in the population aged 25 years and older by type of disease,698
2017,number,diabetes mellitus type 2,attributable deaths due to long-term exposure to fine particulate matter (pm₅﮳₂) in the population aged 25 years and older by type of disease,739
2018,number,diabetes mellitus type 2,attributable deaths due to long-term exposure to fine particulate matter (pm₅﮳₂) in the population aged 25 years and older by type of disease,778
2010,dalys,,dalys due to long-term exposure to fine particulate matter (pm₅﮳₂) in the population aged 25 years and older,388024
2011,dalys,,dalys due to long-term exposure to fine particulate matter (pm₅﮳₂) in the population aged 25 years and older,378359
2012,dalys,,dalys due to long-term exposure to fine particulate matter (pm₅﮳₂) in the population aged 25 years and older,320267
2013,dalys,,dalys due to long-term exposure to fine particulate matter (pm₅﮳₂) in the population aged 25 years and older,341775
2014,dalys,,dalys due to long-term exposure to fine particulate matter (pm₅﮳₂) in the population aged 25 years and older,320022
2015,dalys,,dalys due to long-term exposure to fine particulate matter (pm₅﮳₂) in the population aged 25 years and older,302225
2016,dalys,,dalys due to long-term exposure to fine particulate matter (pm₅﮳₂) in the population aged 25 years and older,286350
2017,dalys,,dalys due to long-term exposure to fine particulate matter (pm₅﮳₂) in the population aged 25 years and older,285630
2018,dalys,,dalys due to long-term exposure to fine particulate matter (pm₅﮳₂) in the population aged 25 years and older,290702
2010,dalys,chronic obstructive pulmonary disease,dalys due to long-term exposure to fine particulate matter (pm₅﮳₂) in the population aged 25 years and older by type of disease,51415
2011,dalys,chronic obstructive pulmonary disease,dalys due to long-term exposure to fine particulate matter (pm₅﮳₂) in the population aged 25 years and older by type of disease,51215
2012,dalys,chronic obstructive pulmonary disease,dalys due to long-term exposure to fine particulate matter (pm₅﮳₂) in the population aged 25 years and older by type of disease,42652
2013,dalys,chronic obstructive pulmonary disease,dalys due to long-term exposure to fine particulate matter (pm₅﮳₂) in the population aged 25 years and older by type of disease,47602
2014,dalys,chronic obstructive pulmonary disease,dalys due to long-term exposure to fine particulate matter (pm₅﮳₂) in the population aged 25 years and older by type of disease,44219
2015,dalys,chronic obstructive pulmonary disease,dalys due to long-term exposure to fine particulate matter (pm₅﮳₂) in the population aged 25 years and older by type of disease,43673
2016,dalys,chronic obstructive pulmonary disease,dalys due to long-term exposure to fine particulate matter (pm₅﮳₂) in the population aged 25 years and older by type of disease,41143
2017,dalys,chronic obstructive pulmonary disease,dalys due to long-term exposure to fine particulate matter (pm₅﮳₂) in the population aged 25 years and older by type of disease,42790
2018,dalys,chronic obstructive pulmonary disease,dalys due to long-term exposure to fine particulate matter (pm₅﮳₂) in the population aged 25 years and older by type of disease,43778
2010,dalys,lung cancer,dalys due to long-term exposure to fine particulate matter (pm₅﮳₂) in the population aged 25 years and older by type of disease,78163
2011,dalys,lung cancer,dalys due to long-term exposure to fine particulate matter (pm₅﮳₂) in the population aged 25 years and older by type of disease,79777
2012,dalys,lung cancer,dalys due to long-term exposure to fine particulate matter (pm₅﮳₂) in the population aged 25 years and older by type of disease,67652
2013,dalys,lung cancer,dalys due to long-term exposure to fine particulate matter (pm₅﮳₂) in the population aged 25 years and older by type of disease,72690
2014,dalys,lung cancer,dalys due to long-term exposure to fine particulate matter (pm₅﮳₂) in the population aged 25 years and older by type of disease,69466
2015,dalys,lung cancer,dalys due to long-term exposure to fine particulate matter (pm₅﮳₂) in the population aged 25 years and older by type of disease,63881
2016,dalys,lung cancer,dalys due to long-term exposure to fine particulate matter (pm₅﮳₂) in the population aged 25 years and older by type of disease,61593
2017,dalys,lung cancer,dalys due to long-term exposure to fine particulate matter (pm₅﮳₂) in the population aged 25 years and older by type of disease,60268
2018,dalys,lung cancer,dalys due to long-term exposure to fine particulate matter (pm₅﮳₂) in the population aged 25 years and older by type of disease,60842
2010,dalys,stroke,dalys due to long-term exposure to fine particulate matter (pm₅﮳₂) in the population aged 25 years and older by type of disease,52395
2011,dalys,stroke,dalys due to long-term exposure to fine particulate matter (pm₅﮳₂) in the population aged 25 years and older by type of disease,51381
2012,dalys,stroke,dalys due to long-term exposure to fine particulate matter (pm₅﮳₂) in the population aged 25 years and older by type of disease,42603
2013,dalys,stroke,dalys due to long-term exposure to fine particulate matter (pm₅﮳₂) in the population aged 25 years and older by type of disease,45064
2014,dalys,stroke,dalys due to long-term exposure to fine particulate matter (pm₅﮳₂) in the population aged 25 years and older by type of disease,42624
2015,dalys,stroke,dalys due to long-term exposure to fine particulate matter (pm₅﮳₂) in the population aged 25 years and older by type of disease,39719
2016,dalys,stroke,dalys due to long-term exposure to fine particulate matter (pm₅﮳₂) in the population aged 25 years and older by type of disease,38335
2017,dalys,stroke,dalys due to long-term exposure to fine particulate matter (pm₅﮳₂) in the population aged 25 years and older by type of disease,37437
2018,dalys,stroke,dalys due to long-term exposure to fine particulate matter (pm₅﮳₂) in the population aged 25 years and older by type of disease,38418
2010,dalys,ischemic heart disease,dalys due to long-term exposure to fine particulate matter (pm₅﮳₂) in the population aged 25 years and older by type of disease,151264
2011,dalys,ischemic heart disease,dalys due to long-term exposure to fine particulate matter (pm₅﮳₂) in the population aged 25 years and older by type of disease,141532
2012,dalys,ischemic heart disease,dalys due to long-term exposure to fine particulate matter (pm₅﮳₂) in the population aged 25 years and older by type of disease,119840
2013,dalys,ischemic heart disease,dalys due to long-term exposure to fine particulate matter (pm₅﮳₂) in the population aged 25 years and older by type of disease,126023
2014,dalys,ischemic heart disease,dalys due to long-term exposure to fine particulate matter (pm₅﮳₂) in the population aged 25 years and older by type of disease,115213
2015,dalys,ischemic heart disease,dalys due to long-term exposure to fine particulate matter (pm₅﮳₂) in the population aged 25 years and older by type of disease,109005
2016,dalys,ischemic heart disease,dalys due to long-term exposure to fine particulate matter (pm₅﮳₂) in the population aged 25 years and older by type of disease,100854
2017,dalys,ischemic heart disease,dalys due to long-term exposure to fine particulate matter (pm₅﮳₂) in the population aged 25 years and older by type of disease,100345
2018,dalys,ischemic heart disease,dalys due to long-term exposure to fine particulate matter (pm₅﮳₂) in the population aged 25 years and older by type of disease,101776
2010,dalys,diabetes mellitus type 2,dalys due to long-term exposure to fine particulate matter (pm₅﮳₂) in the population aged 25 years and older by type of disease,54787
2011,dalys,diabetes mellitus type 2,dalys due to long-term exposure to fine particulate matter (pm₅﮳₂) in the population aged 25 years and older by type of disease,54453
2012,dalys,diabetes mellitus type 2,dalys due to long-term exposure to fine particulate matter (pm₅﮳₂) in the population aged 25 years and older by type of disease,47520
2013,dalys,diabetes mellitus type 2,dalys due to long-term exposure to fine particulate matter (pm₅﮳₂) in the population aged 25 years and older by type of disease,50397
2014,dalys,diabetes mellitus type 2,dalys due to long-term exposure to fine particulate matter (pm₅﮳₂) in the population aged 25 years and older by type of disease,48500
2015,dalys,diabetes mellitus type 2,dalys due to long-term exposure to fine particulate matter (pm₅﮳₂) in the population aged 25 years and older by type of disease,45947
2016,dalys,diabetes mellitus type 2,dalys due to long-term exposure to fine particulate matter (pm₅﮳₂) in the population aged 25 years and older by type of disease,44423
2017,dalys,diabetes mellitus type 2,dalys due to long-term exposure to fine particulate matter (pm₅﮳₂) in the population aged 25 years and older by type of disease,44790
2018,dalys,diabetes mellitus type 2,dalys due to long-term exposure to fine particulate matter (pm₅﮳₂) in the population aged 25 years and older by type of disease,45888
