Year,timeseries,Value
2011,female victims of criminal offences having/ had an intimate relationship with the suspect (number),105907
2012,female victims of criminal offences having/ had an intimate relationship with the suspect (number),107929
2013,female victims of criminal offences having/ had an intimate relationship with the suspect (number),108104
2014,female victims of criminal offences having/ had an intimate relationship with the suspect (number),112060
2015,female victims of criminal offences having/ had an intimate relationship with the suspect (number),112118
2016,female victims of criminal offences having/ had an intimate relationship with the suspect (number),117049
2017,female victims of criminal offences having/ had an intimate relationship with the suspect (number),116141
2018,female victims of criminal offences having/ had an intimate relationship with the suspect (number),116756
