Year,Units,timeseries,political institution,länder,GeoCode,Value
2010,percentage,proportion of women in national parliaments and local governments,bundestag (lower chamber),,,32.8
2011,percentage,proportion of women in national parliaments and local governments,bundestag (lower chamber),,,33.1
2012,percentage,proportion of women in national parliaments and local governments,bundestag (lower chamber),,,32.9
2013,percentage,proportion of women in national parliaments and local governments,bundestag (lower chamber),,,32.9
2014,percentage,proportion of women in national parliaments and local governments,bundestag (lower chamber),,,36.5
2015,percentage,proportion of women in national parliaments and local governments,bundestag (lower chamber),,,36.3
2016,percentage,proportion of women in national parliaments and local governments,bundestag (lower chamber),,,36.8
2017,percentage,proportion of women in national parliaments and local governments,bundestag (lower chamber),,,37.1
2018,percentage,proportion of women in national parliaments and local governments,bundestag (lower chamber),,,30.9
2019,percentage,proportion of women in national parliaments and local governments,bundestag (lower chamber),,,31.2
2020,percentage,proportion of women in national parliaments and local governments,bundestag (lower chamber),,,31.3
2021,percentage,proportion of women in national parliaments and local governments,bundestag (lower chamber),,,31.5
2022,percentage,proportion of women in national parliaments and local governments,bundestag (lower chamber),,,34.9
2023,percentage,proportion of women in national parliaments and local governments,bundestag (lower chamber),,,35.1
2024,percentage,proportion of women in national parliaments and local governments,bundestag (lower chamber),,,35.3
2010,number,proportion of women in national parliaments and local governments,bundestag (lower chamber),,,204.0
2011,number,proportion of women in national parliaments and local governments,bundestag (lower chamber),,,206.0
2012,number,proportion of women in national parliaments and local governments,bundestag (lower chamber),,,204.0
2013,number,proportion of women in national parliaments and local governments,bundestag (lower chamber),,,204.0
2014,number,proportion of women in national parliaments and local governments,bundestag (lower chamber),,,230.0
2015,number,proportion of women in national parliaments and local governments,bundestag (lower chamber),,,229.0
2016,number,proportion of women in national parliaments and local governments,bundestag (lower chamber),,,232.0
2017,number,proportion of women in national parliaments and local governments,bundestag (lower chamber),,,234.0
2018,number,proportion of women in national parliaments and local governments,bundestag (lower chamber),,,219.0
2019,number,proportion of women in national parliaments and local governments,bundestag (lower chamber),,,221.0
2020,number,proportion of women in national parliaments and local governments,bundestag (lower chamber),,,222.0
2021,number,proportion of women in national parliaments and local governments,bundestag (lower chamber),,,223.0
2022,number,proportion of women in national parliaments and local governments,bundestag (lower chamber),,,257.0
2023,number,proportion of women in national parliaments and local governments,bundestag (lower chamber),,,258.0
2024,number,proportion of women in national parliaments and local governments,bundestag (lower chamber),,,259.0
2010,percentage,proportion of women in national parliaments and local governments,bundesrat (upper chamber),,,18.8
2011,percentage,proportion of women in national parliaments and local governments,bundesrat (upper chamber),,,24.6
2012,percentage,proportion of women in national parliaments and local governments,bundesrat (upper chamber),,,27.5
2013,percentage,proportion of women in national parliaments and local governments,bundesrat (upper chamber),,,29.0
2014,percentage,proportion of women in national parliaments and local governments,bundesrat (upper chamber),,,34.8
2015,percentage,proportion of women in national parliaments and local governments,bundesrat (upper chamber),,,40.6
2016,percentage,proportion of women in national parliaments and local governments,bundesrat (upper chamber),,,37.7
2017,percentage,proportion of women in national parliaments and local governments,bundesrat (upper chamber),,,39.1
2018,percentage,proportion of women in national parliaments and local governments,bundesrat (upper chamber),,,39.1
2019,percentage,proportion of women in national parliaments and local governments,bundesrat (upper chamber),,,36.2
2020,percentage,proportion of women in national parliaments and local governments,bundesrat (upper chamber),,,34.8
2021,percentage,proportion of women in national parliaments and local governments,bundesrat (upper chamber),,,33.3
2022,percentage,proportion of women in national parliaments and local governments,bundesrat (upper chamber),,,31.9
2023,percentage,proportion of women in national parliaments and local governments,bundesrat (upper chamber),,,37.7
2024,percentage,proportion of women in national parliaments and local governments,bundesrat (upper chamber),,,37.7
2010,number,proportion of women in national parliaments and local governments,bundesrat (upper chamber),,,13.0
2011,number,proportion of women in national parliaments and local governments,bundesrat (upper chamber),,,17.0
2012,number,proportion of women in national parliaments and local governments,bundesrat (upper chamber),,,19.0
2013,number,proportion of women in national parliaments and local governments,bundesrat (upper chamber),,,20.0
2014,number,proportion of women in national parliaments and local governments,bundesrat (upper chamber),,,24.0
2015,number,proportion of women in national parliaments and local governments,bundesrat (upper chamber),,,28.0
2016,number,proportion of women in national parliaments and local governments,bundesrat (upper chamber),,,26.0
2017,number,proportion of women in national parliaments and local governments,bundesrat (upper chamber),,,27.0
2018,number,proportion of women in national parliaments and local governments,bundesrat (upper chamber),,,27.0
2019,number,proportion of women in national parliaments and local governments,bundesrat (upper chamber),,,25.0
2020,number,proportion of women in national parliaments and local governments,bundesrat (upper chamber),,,24.0
2021,number,proportion of women in national parliaments and local governments,bundesrat (upper chamber),,,23.0
2022,number,proportion of women in national parliaments and local governments,bundesrat (upper chamber),,,22.0
2023,number,proportion of women in national parliaments and local governments,bundesrat (upper chamber),,,26.0
2024,number,proportion of women in national parliaments and local governments,bundesrat (upper chamber),,,26.0
2010,percentage,proportion of women in national parliaments and local governments,länder parliaments,baden-württemberg,code08,23.7
2011,percentage,proportion of women in national parliaments and local governments,länder parliaments,baden-württemberg,code08,18.1
2012,percentage,proportion of women in national parliaments and local governments,länder parliaments,baden-württemberg,code08,18.1
2013,percentage,proportion of women in national parliaments and local governments,länder parliaments,baden-württemberg,code08,18.1
2014,percentage,proportion of women in national parliaments and local governments,länder parliaments,baden-württemberg,code08,18.1
2015,percentage,proportion of women in national parliaments and local governments,länder parliaments,baden-württemberg,code08,18.1
2016,percentage,proportion of women in national parliaments and local governments,länder parliaments,baden-württemberg,code08,24.5
2017,percentage,proportion of women in national parliaments and local governments,länder parliaments,baden-württemberg,code08,24.5
2018,percentage,proportion of women in national parliaments and local governments,länder parliaments,baden-württemberg,code08,24.5
2019,percentage,proportion of women in national parliaments and local governments,länder parliaments,baden-württemberg,code08,24.5
2020,percentage,proportion of women in national parliaments and local governments,länder parliaments,baden-württemberg,code08,24.5
2021,percentage,proportion of women in national parliaments and local governments,länder parliaments,baden-württemberg,code08,29.2
2022,percentage,proportion of women in national parliaments and local governments,länder parliaments,baden-württemberg,code08,29.2
2023,percentage,proportion of women in national parliaments and local governments,länder parliaments,baden-württemberg,code08,29.2
2024,percentage,proportion of women in national parliaments and local governments,länder parliaments,baden-württemberg,code08,29.2
2010,number,proportion of women in national parliaments and local governments,länder parliaments,baden-württemberg,code08,33.0
2011,number,proportion of women in national parliaments and local governments,länder parliaments,baden-württemberg,code08,25.0
2012,number,proportion of women in national parliaments and local governments,länder parliaments,baden-württemberg,code08,25.0
2013,number,proportion of women in national parliaments and local governments,länder parliaments,baden-württemberg,code08,25.0
2014,number,proportion of women in national parliaments and local governments,länder parliaments,baden-württemberg,code08,25.0
2015,number,proportion of women in national parliaments and local governments,länder parliaments,baden-württemberg,code08,25.0
2016,number,proportion of women in national parliaments and local governments,länder parliaments,baden-württemberg,code08,35.0
2017,number,proportion of women in national parliaments and local governments,länder parliaments,baden-württemberg,code08,35.0
2018,number,proportion of women in national parliaments and local governments,länder parliaments,baden-württemberg,code08,35.0
2019,number,proportion of women in national parliaments and local governments,länder parliaments,baden-württemberg,code08,35.0
2020,number,proportion of women in national parliaments and local governments,länder parliaments,baden-württemberg,code08,35.0
2021,number,proportion of women in national parliaments and local governments,länder parliaments,baden-württemberg,code08,45.0
2022,number,proportion of women in national parliaments and local governments,länder parliaments,baden-württemberg,code08,45.0
2023,number,proportion of women in national parliaments and local governments,länder parliaments,baden-württemberg,code08,45.0
2024,number,proportion of women in national parliaments and local governments,länder parliaments,baden-württemberg,code08,45.0
2010,percentage,proportion of women in national parliaments and local governments,länder parliaments,bavaria,code09,31.0
2011,percentage,proportion of women in national parliaments and local governments,länder parliaments,bavaria,code09,31.0
2012,percentage,proportion of women in national parliaments and local governments,länder parliaments,bavaria,code09,31.0
2013,percentage,proportion of women in national parliaments and local governments,länder parliaments,bavaria,code09,29.4
2014,percentage,proportion of women in national parliaments and local governments,länder parliaments,bavaria,code09,29.4
2015,percentage,proportion of women in national parliaments and local governments,länder parliaments,bavaria,code09,29.4
2016,percentage,proportion of women in national parliaments and local governments,länder parliaments,bavaria,code09,29.4
2017,percentage,proportion of women in national parliaments and local governments,länder parliaments,bavaria,code09,29.4
2018,percentage,proportion of women in national parliaments and local governments,länder parliaments,bavaria,code09,26.8
2019,percentage,proportion of women in national parliaments and local governments,länder parliaments,bavaria,code09,26.8
2020,percentage,proportion of women in national parliaments and local governments,länder parliaments,bavaria,code09,26.8
2021,percentage,proportion of women in national parliaments and local governments,länder parliaments,bavaria,code09,26.8
2022,percentage,proportion of women in national parliaments and local governments,länder parliaments,bavaria,code09,26.8
2023,percentage,proportion of women in national parliaments and local governments,länder parliaments,bavaria,code09,24.6
2024,percentage,proportion of women in national parliaments and local governments,länder parliaments,bavaria,code09,24.6
2010,number,proportion of women in national parliaments and local governments,länder parliaments,bavaria,code09,58.0
2011,number,proportion of women in national parliaments and local governments,länder parliaments,bavaria,code09,58.0
2012,number,proportion of women in national parliaments and local governments,länder parliaments,bavaria,code09,58.0
2013,number,proportion of women in national parliaments and local governments,länder parliaments,bavaria,code09,53.0
2014,number,proportion of women in national parliaments and local governments,länder parliaments,bavaria,code09,53.0
2015,number,proportion of women in national parliaments and local governments,länder parliaments,bavaria,code09,53.0
2016,number,proportion of women in national parliaments and local governments,länder parliaments,bavaria,code09,53.0
2017,number,proportion of women in national parliaments and local governments,länder parliaments,bavaria,code09,53.0
2018,number,proportion of women in national parliaments and local governments,länder parliaments,bavaria,code09,55.0
2019,number,proportion of women in national parliaments and local governments,länder parliaments,bavaria,code09,55.0
2020,number,proportion of women in national parliaments and local governments,länder parliaments,bavaria,code09,55.0
2021,number,proportion of women in national parliaments and local governments,länder parliaments,bavaria,code09,55.0
2022,number,proportion of women in national parliaments and local governments,länder parliaments,bavaria,code09,55.0
2023,number,proportion of women in national parliaments and local governments,länder parliaments,bavaria,code09,50.0
2024,number,proportion of women in national parliaments and local governments,länder parliaments,bavaria,code09,50.0
2010,percentage,proportion of women in national parliaments and local governments,länder parliaments,berlin,code11,39.6
2011,percentage,proportion of women in national parliaments and local governments,länder parliaments,berlin,code11,34.9
2012,percentage,proportion of women in national parliaments and local governments,länder parliaments,berlin,code11,34.9
2013,percentage,proportion of women in national parliaments and local governments,länder parliaments,berlin,code11,34.9
2014,percentage,proportion of women in national parliaments and local governments,länder parliaments,berlin,code11,34.9
2015,percentage,proportion of women in national parliaments and local governments,länder parliaments,berlin,code11,34.9
2016,percentage,proportion of women in national parliaments and local governments,länder parliaments,berlin,code11,33.1
2017,percentage,proportion of women in national parliaments and local governments,länder parliaments,berlin,code11,33.1
2018,percentage,proportion of women in national parliaments and local governments,länder parliaments,berlin,code11,33.1
2019,percentage,proportion of women in national parliaments and local governments,länder parliaments,berlin,code11,33.1
2020,percentage,proportion of women in national parliaments and local governments,länder parliaments,berlin,code11,33.1
2021,percentage,proportion of women in national parliaments and local governments,länder parliaments,berlin,code11,37.7
2022,percentage,proportion of women in national parliaments and local governments,länder parliaments,berlin,code11,37.7
2023,percentage,proportion of women in national parliaments and local governments,länder parliaments,berlin,code11,37.7
2024,percentage,proportion of women in national parliaments and local governments,länder parliaments,berlin,code11,37.7
2010,number,proportion of women in national parliaments and local governments,länder parliaments,berlin,code11,59.0
2011,number,proportion of women in national parliaments and local governments,länder parliaments,berlin,code11,52.0
2012,number,proportion of women in national parliaments and local governments,länder parliaments,berlin,code11,52.0
2013,number,proportion of women in national parliaments and local governments,länder parliaments,berlin,code11,52.0
2014,number,proportion of women in national parliaments and local governments,länder parliaments,berlin,code11,52.0
2015,number,proportion of women in national parliaments and local governments,länder parliaments,berlin,code11,52.0
2016,number,proportion of women in national parliaments and local governments,länder parliaments,berlin,code11,53.0
2017,number,proportion of women in national parliaments and local governments,länder parliaments,berlin,code11,53.0
2018,number,proportion of women in national parliaments and local governments,länder parliaments,berlin,code11,53.0
2019,number,proportion of women in national parliaments and local governments,länder parliaments,berlin,code11,53.0
2020,number,proportion of women in national parliaments and local governments,länder parliaments,berlin,code11,53.0
2021,number,proportion of women in national parliaments and local governments,länder parliaments,berlin,code11,60.0
2022,number,proportion of women in national parliaments and local governments,länder parliaments,berlin,code11,60.0
2023,number,proportion of women in national parliaments and local governments,länder parliaments,berlin,code11,60.0
2024,number,proportion of women in national parliaments and local governments,länder parliaments,berlin,code11,60.0
2010,percentage,proportion of women in national parliaments and local governments,länder parliaments,brandenburg,code12,38.6
2011,percentage,proportion of women in national parliaments and local governments,länder parliaments,brandenburg,code12,38.6
2012,percentage,proportion of women in national parliaments and local governments,länder parliaments,brandenburg,code12,38.6
2013,percentage,proportion of women in national parliaments and local governments,länder parliaments,brandenburg,code12,38.6
2014,percentage,proportion of women in national parliaments and local governments,länder parliaments,brandenburg,code12,34.1
2015,percentage,proportion of women in national parliaments and local governments,länder parliaments,brandenburg,code12,34.1
2016,percentage,proportion of women in national parliaments and local governments,länder parliaments,brandenburg,code12,34.1
2017,percentage,proportion of women in national parliaments and local governments,länder parliaments,brandenburg,code12,34.1
2018,percentage,proportion of women in national parliaments and local governments,länder parliaments,brandenburg,code12,34.1
2019,percentage,proportion of women in national parliaments and local governments,länder parliaments,brandenburg,code12,31.8
2020,percentage,proportion of women in national parliaments and local governments,länder parliaments,brandenburg,code12,31.8
2021,percentage,proportion of women in national parliaments and local governments,länder parliaments,brandenburg,code12,31.8
2022,percentage,proportion of women in national parliaments and local governments,länder parliaments,brandenburg,code12,31.8
2023,percentage,proportion of women in national parliaments and local governments,länder parliaments,brandenburg,code12,31.8
2024,percentage,proportion of women in national parliaments and local governments,länder parliaments,brandenburg,code12,
2010,number,proportion of women in national parliaments and local governments,länder parliaments,brandenburg,code12,34.0
2011,number,proportion of women in national parliaments and local governments,länder parliaments,brandenburg,code12,34.0
2012,number,proportion of women in national parliaments and local governments,länder parliaments,brandenburg,code12,34.0
2013,number,proportion of women in national parliaments and local governments,länder parliaments,brandenburg,code12,34.0
2014,number,proportion of women in national parliaments and local governments,länder parliaments,brandenburg,code12,30.0
2015,number,proportion of women in national parliaments and local governments,länder parliaments,brandenburg,code12,30.0
2016,number,proportion of women in national parliaments and local governments,länder parliaments,brandenburg,code12,30.0
2017,number,proportion of women in national parliaments and local governments,länder parliaments,brandenburg,code12,30.0
2018,number,proportion of women in national parliaments and local governments,länder parliaments,brandenburg,code12,30.0
2019,number,proportion of women in national parliaments and local governments,länder parliaments,brandenburg,code12,28.0
2020,number,proportion of women in national parliaments and local governments,länder parliaments,brandenburg,code12,28.0
2021,number,proportion of women in national parliaments and local governments,länder parliaments,brandenburg,code12,28.0
2022,number,proportion of women in national parliaments and local governments,länder parliaments,brandenburg,code12,28.0
2023,number,proportion of women in national parliaments and local governments,länder parliaments,brandenburg,code12,28.0
2024,number,proportion of women in national parliaments and local governments,länder parliaments,brandenburg,code12,
2010,percentage,proportion of women in national parliaments and local governments,länder parliaments,bremen,code04,38.6
2011,percentage,proportion of women in national parliaments and local governments,länder parliaments,bremen,code04,43.4
2012,percentage,proportion of women in national parliaments and local governments,länder parliaments,bremen,code04,43.4
2013,percentage,proportion of women in national parliaments and local governments,länder parliaments,bremen,code04,43.4
2014,percentage,proportion of women in national parliaments and local governments,länder parliaments,bremen,code04,43.4
2015,percentage,proportion of women in national parliaments and local governments,länder parliaments,bremen,code04,33.7
2016,percentage,proportion of women in national parliaments and local governments,länder parliaments,bremen,code04,33.7
2017,percentage,proportion of women in national parliaments and local governments,länder parliaments,bremen,code04,33.7
2018,percentage,proportion of women in national parliaments and local governments,länder parliaments,bremen,code04,33.7
2019,percentage,proportion of women in national parliaments and local governments,länder parliaments,bremen,code04,40.5
2020,percentage,proportion of women in national parliaments and local governments,länder parliaments,bremen,code04,40.5
2021,percentage,proportion of women in national parliaments and local governments,länder parliaments,bremen,code04,40.5
2022,percentage,proportion of women in national parliaments and local governments,länder parliaments,bremen,code04,40.5
2023,percentage,proportion of women in national parliaments and local governments,länder parliaments,bremen,code04,42.5
2024,percentage,proportion of women in national parliaments and local governments,länder parliaments,bremen,code04,42.5
2010,number,proportion of women in national parliaments and local governments,länder parliaments,bremen,code04,32.0
2011,number,proportion of women in national parliaments and local governments,länder parliaments,bremen,code04,36.0
2012,number,proportion of women in national parliaments and local governments,länder parliaments,bremen,code04,36.0
2013,number,proportion of women in national parliaments and local governments,länder parliaments,bremen,code04,36.0
2014,number,proportion of women in national parliaments and local governments,länder parliaments,bremen,code04,36.0
2015,number,proportion of women in national parliaments and local governments,länder parliaments,bremen,code04,28.0
2016,number,proportion of women in national parliaments and local governments,länder parliaments,bremen,code04,28.0
2017,number,proportion of women in national parliaments and local governments,länder parliaments,bremen,code04,28.0
2018,number,proportion of women in national parliaments and local governments,länder parliaments,bremen,code04,28.0
2019,number,proportion of women in national parliaments and local governments,länder parliaments,bremen,code04,34.0
2020,number,proportion of women in national parliaments and local governments,länder parliaments,bremen,code04,34.0
2021,number,proportion of women in national parliaments and local governments,länder parliaments,bremen,code04,34.0
2022,number,proportion of women in national parliaments and local governments,länder parliaments,bremen,code04,34.0
2023,number,proportion of women in national parliaments and local governments,länder parliaments,bremen,code04,37.0
2024,number,proportion of women in national parliaments and local governments,länder parliaments,bremen,code04,37.0
2010,percentage,proportion of women in national parliaments and local governments,länder parliaments,hamburg,code02,33.1
2011,percentage,proportion of women in national parliaments and local governments,länder parliaments,hamburg,code02,38.8
2012,percentage,proportion of women in national parliaments and local governments,länder parliaments,hamburg,code02,38.8
2013,percentage,proportion of women in national parliaments and local governments,länder parliaments,hamburg,code02,38.8
2014,percentage,proportion of women in national parliaments and local governments,länder parliaments,hamburg,code02,38.8
2015,percentage,proportion of women in national parliaments and local governments,länder parliaments,hamburg,code02,38.8
2016,percentage,proportion of women in national parliaments and local governments,länder parliaments,hamburg,code02,38.8
2017,percentage,proportion of women in national parliaments and local governments,länder parliaments,hamburg,code02,38.8
2018,percentage,proportion of women in national parliaments and local governments,länder parliaments,hamburg,code02,38.8
2019,percentage,proportion of women in national parliaments and local governments,länder parliaments,hamburg,code02,38.8
2020,percentage,proportion of women in national parliaments and local governments,länder parliaments,hamburg,code02,43.9
2021,percentage,proportion of women in national parliaments and local governments,länder parliaments,hamburg,code02,43.9
2022,percentage,proportion of women in national parliaments and local governments,länder parliaments,hamburg,code02,43.9
2023,percentage,proportion of women in national parliaments and local governments,länder parliaments,hamburg,code02,43.9
2024,percentage,proportion of women in national parliaments and local governments,länder parliaments,hamburg,code02,43.9
2010,number,proportion of women in national parliaments and local governments,länder parliaments,hamburg,code02,40.0
2011,number,proportion of women in national parliaments and local governments,länder parliaments,hamburg,code02,47.0
2012,number,proportion of women in national parliaments and local governments,länder parliaments,hamburg,code02,47.0
2013,number,proportion of women in national parliaments and local governments,länder parliaments,hamburg,code02,47.0
2014,number,proportion of women in national parliaments and local governments,länder parliaments,hamburg,code02,47.0
2015,number,proportion of women in national parliaments and local governments,länder parliaments,hamburg,code02,47.0
2016,number,proportion of women in national parliaments and local governments,länder parliaments,hamburg,code02,47.0
2017,number,proportion of women in national parliaments and local governments,länder parliaments,hamburg,code02,47.0
2018,number,proportion of women in national parliaments and local governments,länder parliaments,hamburg,code02,47.0
2019,number,proportion of women in national parliaments and local governments,länder parliaments,hamburg,code02,47.0
2020,number,proportion of women in national parliaments and local governments,länder parliaments,hamburg,code02,54.0
2021,number,proportion of women in national parliaments and local governments,länder parliaments,hamburg,code02,54.0
2022,number,proportion of women in national parliaments and local governments,länder parliaments,hamburg,code02,54.0
2023,number,proportion of women in national parliaments and local governments,länder parliaments,hamburg,code02,54.0
2024,number,proportion of women in national parliaments and local governments,länder parliaments,hamburg,code02,54.0
2010,percentage,proportion of women in national parliaments and local governments,länder parliaments,hesse,code06,28.0
2011,percentage,proportion of women in national parliaments and local governments,länder parliaments,hesse,code06,28.0
2012,percentage,proportion of women in national parliaments and local governments,länder parliaments,hesse,code06,28.0
2013,percentage,proportion of women in national parliaments and local governments,länder parliaments,hesse,code06,31.8
2014,percentage,proportion of women in national parliaments and local governments,länder parliaments,hesse,code06,31.8
2015,percentage,proportion of women in national parliaments and local governments,länder parliaments,hesse,code06,31.8
2016,percentage,proportion of women in national parliaments and local governments,länder parliaments,hesse,code06,31.8
2017,percentage,proportion of women in national parliaments and local governments,länder parliaments,hesse,code06,31.8
2018,percentage,proportion of women in national parliaments and local governments,länder parliaments,hesse,code06,33.6
2019,percentage,proportion of women in national parliaments and local governments,länder parliaments,hesse,code06,33.6
2020,percentage,proportion of women in national parliaments and local governments,länder parliaments,hesse,code06,33.6
2021,percentage,proportion of women in national parliaments and local governments,länder parliaments,hesse,code06,33.6
2022,percentage,proportion of women in national parliaments and local governments,länder parliaments,hesse,code06,33.6
2023,percentage,proportion of women in national parliaments and local governments,länder parliaments,hesse,code06,33.1
2024,percentage,proportion of women in national parliaments and local governments,länder parliaments,hesse,code06,33.1
2010,number,proportion of women in national parliaments and local governments,länder parliaments,hesse,code06,33.0
2011,number,proportion of women in national parliaments and local governments,länder parliaments,hesse,code06,33.0
2012,number,proportion of women in national parliaments and local governments,länder parliaments,hesse,code06,33.0
2013,number,proportion of women in national parliaments and local governments,länder parliaments,hesse,code06,35.0
2014,number,proportion of women in national parliaments and local governments,länder parliaments,hesse,code06,35.0
2015,number,proportion of women in national parliaments and local governments,länder parliaments,hesse,code06,35.0
2016,number,proportion of women in national parliaments and local governments,länder parliaments,hesse,code06,35.0
2017,number,proportion of women in national parliaments and local governments,länder parliaments,hesse,code06,35.0
2018,number,proportion of women in national parliaments and local governments,länder parliaments,hesse,code06,46.0
2019,number,proportion of women in national parliaments and local governments,länder parliaments,hesse,code06,46.0
2020,number,proportion of women in national parliaments and local governments,länder parliaments,hesse,code06,46.0
2021,number,proportion of women in national parliaments and local governments,länder parliaments,hesse,code06,46.0
2022,number,proportion of women in national parliaments and local governments,länder parliaments,hesse,code06,46.0
2023,number,proportion of women in national parliaments and local governments,länder parliaments,hesse,code06,44.0
2024,number,proportion of women in national parliaments and local governments,länder parliaments,hesse,code06,44.0
2010,percentage,proportion of women in national parliaments and local governments,länder parliaments,mecklenburg western pomerania,code13,32.4
2011,percentage,proportion of women in national parliaments and local governments,länder parliaments,mecklenburg western pomerania,code13,28.2
2012,percentage,proportion of women in national parliaments and local governments,länder parliaments,mecklenburg western pomerania,code13,28.2
2013,percentage,proportion of women in national parliaments and local governments,länder parliaments,mecklenburg western pomerania,code13,28.2
2014,percentage,proportion of women in national parliaments and local governments,länder parliaments,mecklenburg western pomerania,code13,28.2
2015,percentage,proportion of women in national parliaments and local governments,länder parliaments,mecklenburg western pomerania,code13,28.2
2016,percentage,proportion of women in national parliaments and local governments,länder parliaments,mecklenburg western pomerania,code13,25.4
2017,percentage,proportion of women in national parliaments and local governments,länder parliaments,mecklenburg western pomerania,code13,25.4
2018,percentage,proportion of women in national parliaments and local governments,länder parliaments,mecklenburg western pomerania,code13,25.4
2019,percentage,proportion of women in national parliaments and local governments,länder parliaments,mecklenburg western pomerania,code13,25.4
2020,percentage,proportion of women in national parliaments and local governments,länder parliaments,mecklenburg western pomerania,code13,25.4
2021,percentage,proportion of women in national parliaments and local governments,länder parliaments,mecklenburg western pomerania,code13,36.7
2022,percentage,proportion of women in national parliaments and local governments,länder parliaments,mecklenburg western pomerania,code13,36.7
2023,percentage,proportion of women in national parliaments and local governments,länder parliaments,mecklenburg western pomerania,code13,36.7
2024,percentage,proportion of women in national parliaments and local governments,länder parliaments,mecklenburg western pomerania,code13,36.7
2010,number,proportion of women in national parliaments and local governments,länder parliaments,mecklenburg western pomerania,code13,23.0
2011,number,proportion of women in national parliaments and local governments,länder parliaments,mecklenburg western pomerania,code13,20.0
2012,number,proportion of women in national parliaments and local governments,länder parliaments,mecklenburg western pomerania,code13,20.0
2013,number,proportion of women in national parliaments and local governments,länder parliaments,mecklenburg western pomerania,code13,20.0
2014,number,proportion of women in national parliaments and local governments,länder parliaments,mecklenburg western pomerania,code13,20.0
2015,number,proportion of women in national parliaments and local governments,länder parliaments,mecklenburg western pomerania,code13,20.0
2016,number,proportion of women in national parliaments and local governments,länder parliaments,mecklenburg western pomerania,code13,18.0
2017,number,proportion of women in national parliaments and local governments,länder parliaments,mecklenburg western pomerania,code13,18.0
2018,number,proportion of women in national parliaments and local governments,länder parliaments,mecklenburg western pomerania,code13,18.0
2019,number,proportion of women in national parliaments and local governments,länder parliaments,mecklenburg western pomerania,code13,18.0
2020,number,proportion of women in national parliaments and local governments,länder parliaments,mecklenburg western pomerania,code13,18.0
2021,number,proportion of women in national parliaments and local governments,länder parliaments,mecklenburg western pomerania,code13,29.0
2022,number,proportion of women in national parliaments and local governments,länder parliaments,mecklenburg western pomerania,code13,29.0
2023,number,proportion of women in national parliaments and local governments,länder parliaments,mecklenburg western pomerania,code13,29.0
2024,number,proportion of women in national parliaments and local governments,länder parliaments,mecklenburg western pomerania,code13,29.0
2010,percentage,proportion of women in national parliaments and local governments,länder parliaments,lower saxony,code03,30.9
2011,percentage,proportion of women in national parliaments and local governments,länder parliaments,lower saxony,code03,30.9
2012,percentage,proportion of women in national parliaments and local governments,länder parliaments,lower saxony,code03,30.9
2013,percentage,proportion of women in national parliaments and local governments,länder parliaments,lower saxony,code03,29.2
2014,percentage,proportion of women in national parliaments and local governments,länder parliaments,lower saxony,code03,29.2
2015,percentage,proportion of women in national parliaments and local governments,länder parliaments,lower saxony,code03,29.2
2016,percentage,proportion of women in national parliaments and local governments,länder parliaments,lower saxony,code03,29.2
2017,percentage,proportion of women in national parliaments and local governments,länder parliaments,lower saxony,code03,27.7
2018,percentage,proportion of women in national parliaments and local governments,länder parliaments,lower saxony,code03,27.7
2019,percentage,proportion of women in national parliaments and local governments,länder parliaments,lower saxony,code03,27.7
2020,percentage,proportion of women in national parliaments and local governments,länder parliaments,lower saxony,code03,27.7
2021,percentage,proportion of women in national parliaments and local governments,länder parliaments,lower saxony,code03,27.7
2022,percentage,proportion of women in national parliaments and local governments,länder parliaments,lower saxony,code03,34.2
2023,percentage,proportion of women in national parliaments and local governments,länder parliaments,lower saxony,code03,34.2
2024,percentage,proportion of women in national parliaments and local governments,länder parliaments,lower saxony,code03,34.2
2010,number,proportion of women in national parliaments and local governments,länder parliaments,lower saxony,code03,47.0
2011,number,proportion of women in national parliaments and local governments,länder parliaments,lower saxony,code03,47.0
2012,number,proportion of women in national parliaments and local governments,länder parliaments,lower saxony,code03,47.0
2013,number,proportion of women in national parliaments and local governments,länder parliaments,lower saxony,code03,40.0
2014,number,proportion of women in national parliaments and local governments,länder parliaments,lower saxony,code03,40.0
2015,number,proportion of women in national parliaments and local governments,länder parliaments,lower saxony,code03,40.0
2016,number,proportion of women in national parliaments and local governments,länder parliaments,lower saxony,code03,40.0
2017,number,proportion of women in national parliaments and local governments,länder parliaments,lower saxony,code03,38.0
2018,number,proportion of women in national parliaments and local governments,länder parliaments,lower saxony,code03,38.0
2019,number,proportion of women in national parliaments and local governments,länder parliaments,lower saxony,code03,38.0
2020,number,proportion of women in national parliaments and local governments,länder parliaments,lower saxony,code03,38.0
2021,number,proportion of women in national parliaments and local governments,länder parliaments,lower saxony,code03,38.0
2022,number,proportion of women in national parliaments and local governments,länder parliaments,lower saxony,code03,50.0
2023,number,proportion of women in national parliaments and local governments,länder parliaments,lower saxony,code03,50.0
2024,number,proportion of women in national parliaments and local governments,länder parliaments,lower saxony,code03,50.0
2010,percentage,proportion of women in national parliaments and local governments,länder parliaments,north rhine-westphalia,code05,27.1
2011,percentage,proportion of women in national parliaments and local governments,länder parliaments,north rhine-westphalia,code05,27.1
2012,percentage,proportion of women in national parliaments and local governments,länder parliaments,north rhine-westphalia,code05,30.0
2013,percentage,proportion of women in national parliaments and local governments,länder parliaments,north rhine-westphalia,code05,30.0
2014,percentage,proportion of women in national parliaments and local governments,länder parliaments,north rhine-westphalia,code05,30.0
2015,percentage,proportion of women in national parliaments and local governments,länder parliaments,north rhine-westphalia,code05,30.0
2016,percentage,proportion of women in national parliaments and local governments,länder parliaments,north rhine-westphalia,code05,30.0
2017,percentage,proportion of women in national parliaments and local governments,länder parliaments,north rhine-westphalia,code05,27.1
2018,percentage,proportion of women in national parliaments and local governments,länder parliaments,north rhine-westphalia,code05,27.1
2019,percentage,proportion of women in national parliaments and local governments,länder parliaments,north rhine-westphalia,code05,27.1
2020,percentage,proportion of women in national parliaments and local governments,länder parliaments,north rhine-westphalia,code05,27.1
2021,percentage,proportion of women in national parliaments and local governments,länder parliaments,north rhine-westphalia,code05,27.1
2022,percentage,proportion of women in national parliaments and local governments,länder parliaments,north rhine-westphalia,code05,33.8
2023,percentage,proportion of women in national parliaments and local governments,länder parliaments,north rhine-westphalia,code05,33.8
2024,percentage,proportion of women in national parliaments and local governments,länder parliaments,north rhine-westphalia,code05,33.8
2010,number,proportion of women in national parliaments and local governments,länder parliaments,north rhine-westphalia,code05,49.0
2011,number,proportion of women in national parliaments and local governments,länder parliaments,north rhine-westphalia,code05,49.0
2012,number,proportion of women in national parliaments and local governments,länder parliaments,north rhine-westphalia,code05,71.0
2013,number,proportion of women in national parliaments and local governments,länder parliaments,north rhine-westphalia,code05,71.0
2014,number,proportion of women in national parliaments and local governments,länder parliaments,north rhine-westphalia,code05,71.0
2015,number,proportion of women in national parliaments and local governments,länder parliaments,north rhine-westphalia,code05,71.0
2016,number,proportion of women in national parliaments and local governments,länder parliaments,north rhine-westphalia,code05,71.0
2017,number,proportion of women in national parliaments and local governments,länder parliaments,north rhine-westphalia,code05,54.0
2018,number,proportion of women in national parliaments and local governments,länder parliaments,north rhine-westphalia,code05,54.0
2019,number,proportion of women in national parliaments and local governments,länder parliaments,north rhine-westphalia,code05,54.0
2020,number,proportion of women in national parliaments and local governments,länder parliaments,north rhine-westphalia,code05,54.0
2021,number,proportion of women in national parliaments and local governments,länder parliaments,north rhine-westphalia,code05,54.0
2022,number,proportion of women in national parliaments and local governments,länder parliaments,north rhine-westphalia,code05,66.0
2023,number,proportion of women in national parliaments and local governments,länder parliaments,north rhine-westphalia,code05,66.0
2024,number,proportion of women in national parliaments and local governments,länder parliaments,north rhine-westphalia,code05,66.0
2010,percentage,proportion of women in national parliaments and local governments,länder parliaments,rhineland palatinate,code07,37.6
2011,percentage,proportion of women in national parliaments and local governments,länder parliaments,rhineland palatinate,code07,41.6
2012,percentage,proportion of women in national parliaments and local governments,länder parliaments,rhineland palatinate,code07,41.6
2013,percentage,proportion of women in national parliaments and local governments,länder parliaments,rhineland palatinate,code07,41.6
2014,percentage,proportion of women in national parliaments and local governments,länder parliaments,rhineland palatinate,code07,41.6
2015,percentage,proportion of women in national parliaments and local governments,länder parliaments,rhineland palatinate,code07,41.6
2016,percentage,proportion of women in national parliaments and local governments,länder parliaments,rhineland palatinate,code07,35.6
2017,percentage,proportion of women in national parliaments and local governments,länder parliaments,rhineland palatinate,code07,35.6
2018,percentage,proportion of women in national parliaments and local governments,länder parliaments,rhineland palatinate,code07,35.6
2019,percentage,proportion of women in national parliaments and local governments,länder parliaments,rhineland palatinate,code07,35.6
2020,percentage,proportion of women in national parliaments and local governments,länder parliaments,rhineland palatinate,code07,35.6
2021,percentage,proportion of women in national parliaments and local governments,länder parliaments,rhineland palatinate,code07,31.7
2022,percentage,proportion of women in national parliaments and local governments,länder parliaments,rhineland palatinate,code07,31.7
2023,percentage,proportion of women in national parliaments and local governments,länder parliaments,rhineland palatinate,code07,31.7
2024,percentage,proportion of women in national parliaments and local governments,länder parliaments,rhineland palatinate,code07,31.7
2010,number,proportion of women in national parliaments and local governments,länder parliaments,rhineland palatinate,code07,38.0
2011,number,proportion of women in national parliaments and local governments,länder parliaments,rhineland palatinate,code07,42.0
2012,number,proportion of women in national parliaments and local governments,länder parliaments,rhineland palatinate,code07,42.0
2013,number,proportion of women in national parliaments and local governments,länder parliaments,rhineland palatinate,code07,42.0
2014,number,proportion of women in national parliaments and local governments,länder parliaments,rhineland palatinate,code07,42.0
2015,number,proportion of women in national parliaments and local governments,länder parliaments,rhineland palatinate,code07,42.0
2016,number,proportion of women in national parliaments and local governments,länder parliaments,rhineland palatinate,code07,36.0
2017,number,proportion of women in national parliaments and local governments,länder parliaments,rhineland palatinate,code07,36.0
2018,number,proportion of women in national parliaments and local governments,länder parliaments,rhineland palatinate,code07,36.0
2019,number,proportion of women in national parliaments and local governments,länder parliaments,rhineland palatinate,code07,36.0
2020,number,proportion of women in national parliaments and local governments,länder parliaments,rhineland palatinate,code07,36.0
2021,number,proportion of women in national parliaments and local governments,länder parliaments,rhineland palatinate,code07,32.0
2022,number,proportion of women in national parliaments and local governments,länder parliaments,rhineland palatinate,code07,32.0
2023,number,proportion of women in national parliaments and local governments,länder parliaments,rhineland palatinate,code07,32.0
2024,number,proportion of women in national parliaments and local governments,länder parliaments,rhineland palatinate,code07,32.0
2010,percentage,proportion of women in national parliaments and local governments,länder parliaments,saarland,code10,33.3
2011,percentage,proportion of women in national parliaments and local governments,länder parliaments,saarland,code10,33.3
2012,percentage,proportion of women in national parliaments and local governments,länder parliaments,saarland,code10,39.2
2013,percentage,proportion of women in national parliaments and local governments,länder parliaments,saarland,code10,39.2
2014,percentage,proportion of women in national parliaments and local governments,länder parliaments,saarland,code10,39.2
2015,percentage,proportion of women in national parliaments and local governments,länder parliaments,saarland,code10,39.2
2016,percentage,proportion of women in national parliaments and local governments,länder parliaments,saarland,code10,39.2
2017,percentage,proportion of women in national parliaments and local governments,länder parliaments,saarland,code10,35.3
2018,percentage,proportion of women in national parliaments and local governments,länder parliaments,saarland,code10,35.3
2019,percentage,proportion of women in national parliaments and local governments,länder parliaments,saarland,code10,35.3
2020,percentage,proportion of women in national parliaments and local governments,länder parliaments,saarland,code10,35.3
2021,percentage,proportion of women in national parliaments and local governments,länder parliaments,saarland,code10,35.3
2022,percentage,proportion of women in national parliaments and local governments,länder parliaments,saarland,code10,37.3
2023,percentage,proportion of women in national parliaments and local governments,länder parliaments,saarland,code10,37.3
2024,percentage,proportion of women in national parliaments and local governments,länder parliaments,saarland,code10,37.3
2010,number,proportion of women in national parliaments and local governments,länder parliaments,saarland,code10,17.0
2011,number,proportion of women in national parliaments and local governments,länder parliaments,saarland,code10,17.0
2012,number,proportion of women in national parliaments and local governments,länder parliaments,saarland,code10,20.0
2013,number,proportion of women in national parliaments and local governments,länder parliaments,saarland,code10,20.0
2014,number,proportion of women in national parliaments and local governments,länder parliaments,saarland,code10,20.0
2015,number,proportion of women in national parliaments and local governments,länder parliaments,saarland,code10,20.0
2016,number,proportion of women in national parliaments and local governments,länder parliaments,saarland,code10,20.0
2017,number,proportion of women in national parliaments and local governments,länder parliaments,saarland,code10,18.0
2018,number,proportion of women in national parliaments and local governments,länder parliaments,saarland,code10,18.0
2019,number,proportion of women in national parliaments and local governments,länder parliaments,saarland,code10,18.0
2020,number,proportion of women in national parliaments and local governments,länder parliaments,saarland,code10,18.0
2021,number,proportion of women in national parliaments and local governments,länder parliaments,saarland,code10,18.0
2022,number,proportion of women in national parliaments and local governments,länder parliaments,saarland,code10,19.0
2023,number,proportion of women in national parliaments and local governments,länder parliaments,saarland,code10,19.0
2024,number,proportion of women in national parliaments and local governments,länder parliaments,saarland,code10,19.0
2010,percentage,proportion of women in national parliaments and local governments,länder parliaments,saxony,code14,31.1
2011,percentage,proportion of women in national parliaments and local governments,länder parliaments,saxony,code14,31.1
2012,percentage,proportion of women in national parliaments and local governments,länder parliaments,saxony,code14,31.1
2013,percentage,proportion of women in national parliaments and local governments,länder parliaments,saxony,code14,31.1
2014,percentage,proportion of women in national parliaments and local governments,länder parliaments,saxony,code14,31.7
2015,percentage,proportion of women in national parliaments and local governments,länder parliaments,saxony,code14,31.7
2016,percentage,proportion of women in national parliaments and local governments,länder parliaments,saxony,code14,31.7
2017,percentage,proportion of women in national parliaments and local governments,länder parliaments,saxony,code14,31.7
2018,percentage,proportion of women in national parliaments and local governments,länder parliaments,saxony,code14,31.7
2019,percentage,proportion of women in national parliaments and local governments,länder parliaments,saxony,code14,27.7
2020,percentage,proportion of women in national parliaments and local governments,länder parliaments,saxony,code14,27.7
2021,percentage,proportion of women in national parliaments and local governments,länder parliaments,saxony,code14,27.7
2022,percentage,proportion of women in national parliaments and local governments,länder parliaments,saxony,code14,27.7
2023,percentage,proportion of women in national parliaments and local governments,länder parliaments,saxony,code14,27.7
2024,percentage,proportion of women in national parliaments and local governments,länder parliaments,saxony,code14,
2010,number,proportion of women in national parliaments and local governments,länder parliaments,saxony,code14,41.0
2011,number,proportion of women in national parliaments and local governments,länder parliaments,saxony,code14,41.0
2012,number,proportion of women in national parliaments and local governments,länder parliaments,saxony,code14,41.0
2013,number,proportion of women in national parliaments and local governments,länder parliaments,saxony,code14,41.0
2014,number,proportion of women in national parliaments and local governments,länder parliaments,saxony,code14,40.0
2015,number,proportion of women in national parliaments and local governments,länder parliaments,saxony,code14,40.0
2016,number,proportion of women in national parliaments and local governments,länder parliaments,saxony,code14,40.0
2017,number,proportion of women in national parliaments and local governments,länder parliaments,saxony,code14,40.0
2018,number,proportion of women in national parliaments and local governments,länder parliaments,saxony,code14,40.0
2019,number,proportion of women in national parliaments and local governments,länder parliaments,saxony,code14,33.0
2020,number,proportion of women in national parliaments and local governments,länder parliaments,saxony,code14,33.0
2021,number,proportion of women in national parliaments and local governments,länder parliaments,saxony,code14,33.0
2022,number,proportion of women in national parliaments and local governments,länder parliaments,saxony,code14,33.0
2023,number,proportion of women in national parliaments and local governments,länder parliaments,saxony,code14,33.0
2024,number,proportion of women in national parliaments and local governments,länder parliaments,saxony,code14,
2010,percentage,proportion of women in national parliaments and local governments,länder parliaments,saxony-anhalt,code15,30.9
2011,percentage,proportion of women in national parliaments and local governments,länder parliaments,saxony-anhalt,code15,31.4
2012,percentage,proportion of women in national parliaments and local governments,länder parliaments,saxony-anhalt,code15,31.4
2013,percentage,proportion of women in national parliaments and local governments,länder parliaments,saxony-anhalt,code15,31.4
2014,percentage,proportion of women in national parliaments and local governments,länder parliaments,saxony-anhalt,code15,31.4
2015,percentage,proportion of women in national parliaments and local governments,länder parliaments,saxony-anhalt,code15,31.4
2016,percentage,proportion of women in national parliaments and local governments,länder parliaments,saxony-anhalt,code15,26.4
2017,percentage,proportion of women in national parliaments and local governments,länder parliaments,saxony-anhalt,code15,26.4
2018,percentage,proportion of women in national parliaments and local governments,länder parliaments,saxony-anhalt,code15,26.4
2019,percentage,proportion of women in national parliaments and local governments,länder parliaments,saxony-anhalt,code15,26.4
2020,percentage,proportion of women in national parliaments and local governments,länder parliaments,saxony-anhalt,code15,26.4
2021,percentage,proportion of women in national parliaments and local governments,länder parliaments,saxony-anhalt,code15,27.8
2022,percentage,proportion of women in national parliaments and local governments,länder parliaments,saxony-anhalt,code15,27.8
2023,percentage,proportion of women in national parliaments and local governments,länder parliaments,saxony-anhalt,code15,27.8
2024,percentage,proportion of women in national parliaments and local governments,länder parliaments,saxony-anhalt,code15,27.8
2010,number,proportion of women in national parliaments and local governments,länder parliaments,saxony-anhalt,code15,30.0
2011,number,proportion of women in national parliaments and local governments,länder parliaments,saxony-anhalt,code15,33.0
2012,number,proportion of women in national parliaments and local governments,länder parliaments,saxony-anhalt,code15,33.0
2013,number,proportion of women in national parliaments and local governments,länder parliaments,saxony-anhalt,code15,33.0
2014,number,proportion of women in national parliaments and local governments,länder parliaments,saxony-anhalt,code15,33.0
2015,number,proportion of women in national parliaments and local governments,länder parliaments,saxony-anhalt,code15,33.0
2016,number,proportion of women in national parliaments and local governments,länder parliaments,saxony-anhalt,code15,23.0
2017,number,proportion of women in national parliaments and local governments,länder parliaments,saxony-anhalt,code15,23.0
2018,number,proportion of women in national parliaments and local governments,länder parliaments,saxony-anhalt,code15,23.0
2019,number,proportion of women in national parliaments and local governments,länder parliaments,saxony-anhalt,code15,23.0
2020,number,proportion of women in national parliaments and local governments,länder parliaments,saxony-anhalt,code15,23.0
2021,number,proportion of women in national parliaments and local governments,länder parliaments,saxony-anhalt,code15,27.0
2022,number,proportion of women in national parliaments and local governments,länder parliaments,saxony-anhalt,code15,27.0
2023,number,proportion of women in national parliaments and local governments,länder parliaments,saxony-anhalt,code15,27.0
2024,number,proportion of women in national parliaments and local governments,länder parliaments,saxony-anhalt,code15,27.0
2010,percentage,proportion of women in national parliaments and local governments,länder parliaments,schleswig-holstein,code01,35.8
2011,percentage,proportion of women in national parliaments and local governments,länder parliaments,schleswig-holstein,code01,35.8
2012,percentage,proportion of women in national parliaments and local governments,länder parliaments,schleswig-holstein,code01,31.9
2013,percentage,proportion of women in national parliaments and local governments,länder parliaments,schleswig-holstein,code01,31.9
2014,percentage,proportion of women in national parliaments and local governments,länder parliaments,schleswig-holstein,code01,31.9
2015,percentage,proportion of women in national parliaments and local governments,länder parliaments,schleswig-holstein,code01,31.9
2016,percentage,proportion of women in national parliaments and local governments,länder parliaments,schleswig-holstein,code01,31.9
2017,percentage,proportion of women in national parliaments and local governments,länder parliaments,schleswig-holstein,code01,30.1
2018,percentage,proportion of women in national parliaments and local governments,länder parliaments,schleswig-holstein,code01,30.1
2019,percentage,proportion of women in national parliaments and local governments,länder parliaments,schleswig-holstein,code01,30.1
2020,percentage,proportion of women in national parliaments and local governments,länder parliaments,schleswig-holstein,code01,30.1
2021,percentage,proportion of women in national parliaments and local governments,länder parliaments,schleswig-holstein,code01,30.1
2022,percentage,proportion of women in national parliaments and local governments,länder parliaments,schleswig-holstein,code01,37.7
2023,percentage,proportion of women in national parliaments and local governments,länder parliaments,schleswig-holstein,code01,37.7
2024,percentage,proportion of women in national parliaments and local governments,länder parliaments,schleswig-holstein,code01,37.7
2010,number,proportion of women in national parliaments and local governments,länder parliaments,schleswig-holstein,code01,34.0
2011,number,proportion of women in national parliaments and local governments,länder parliaments,schleswig-holstein,code01,34.0
2012,number,proportion of women in national parliaments and local governments,länder parliaments,schleswig-holstein,code01,22.0
2013,number,proportion of women in national parliaments and local governments,länder parliaments,schleswig-holstein,code01,22.0
2014,number,proportion of women in national parliaments and local governments,länder parliaments,schleswig-holstein,code01,22.0
2015,number,proportion of women in national parliaments and local governments,länder parliaments,schleswig-holstein,code01,22.0
2016,number,proportion of women in national parliaments and local governments,länder parliaments,schleswig-holstein,code01,22.0
2017,number,proportion of women in national parliaments and local governments,länder parliaments,schleswig-holstein,code01,22.0
2018,number,proportion of women in national parliaments and local governments,länder parliaments,schleswig-holstein,code01,22.0
2019,number,proportion of women in national parliaments and local governments,länder parliaments,schleswig-holstein,code01,22.0
2020,number,proportion of women in national parliaments and local governments,länder parliaments,schleswig-holstein,code01,22.0
2021,number,proportion of women in national parliaments and local governments,länder parliaments,schleswig-holstein,code01,22.0
2022,number,proportion of women in national parliaments and local governments,länder parliaments,schleswig-holstein,code01,26.0
2023,number,proportion of women in national parliaments and local governments,länder parliaments,schleswig-holstein,code01,26.0
2024,number,proportion of women in national parliaments and local governments,länder parliaments,schleswig-holstein,code01,26.0
2010,percentage,proportion of women in national parliaments and local governments,länder parliaments,thuringia,code16,26.1
2011,percentage,proportion of women in national parliaments and local governments,länder parliaments,thuringia,code16,26.1
2012,percentage,proportion of women in national parliaments and local governments,länder parliaments,thuringia,code16,26.1
2013,percentage,proportion of women in national parliaments and local governments,länder parliaments,thuringia,code16,26.1
2014,percentage,proportion of women in national parliaments and local governments,länder parliaments,thuringia,code16,38.5
2015,percentage,proportion of women in national parliaments and local governments,länder parliaments,thuringia,code16,38.5
2016,percentage,proportion of women in national parliaments and local governments,länder parliaments,thuringia,code16,38.5
2017,percentage,proportion of women in national parliaments and local governments,länder parliaments,thuringia,code16,38.5
2018,percentage,proportion of women in national parliaments and local governments,länder parliaments,thuringia,code16,38.5
2019,percentage,proportion of women in national parliaments and local governments,länder parliaments,thuringia,code16,31.1
2020,percentage,proportion of women in national parliaments and local governments,länder parliaments,thuringia,code16,31.1
2021,percentage,proportion of women in national parliaments and local governments,länder parliaments,thuringia,code16,31.1
2022,percentage,proportion of women in national parliaments and local governments,länder parliaments,thuringia,code16,31.1
2023,percentage,proportion of women in national parliaments and local governments,länder parliaments,thuringia,code16,31.1
2024,percentage,proportion of women in national parliaments and local governments,länder parliaments,thuringia,code16,
2010,number,proportion of women in national parliaments and local governments,länder parliaments,thuringia,code16,34.0
2011,number,proportion of women in national parliaments and local governments,länder parliaments,thuringia,code16,34.0
2012,number,proportion of women in national parliaments and local governments,länder parliaments,thuringia,code16,34.0
2013,number,proportion of women in national parliaments and local governments,länder parliaments,thuringia,code16,34.0
2014,number,proportion of women in national parliaments and local governments,länder parliaments,thuringia,code16,35.0
2015,number,proportion of women in national parliaments and local governments,länder parliaments,thuringia,code16,35.0
2016,number,proportion of women in national parliaments and local governments,länder parliaments,thuringia,code16,35.0
2017,number,proportion of women in national parliaments and local governments,länder parliaments,thuringia,code16,35.0
2018,number,proportion of women in national parliaments and local governments,länder parliaments,thuringia,code16,35.0
2019,number,proportion of women in national parliaments and local governments,länder parliaments,thuringia,code16,28.0
2020,number,proportion of women in national parliaments and local governments,länder parliaments,thuringia,code16,28.0
2021,number,proportion of women in national parliaments and local governments,länder parliaments,thuringia,code16,28.0
2022,number,proportion of women in national parliaments and local governments,länder parliaments,thuringia,code16,28.0
2023,number,proportion of women in national parliaments and local governments,länder parliaments,thuringia,code16,28.0
2024,number,proportion of women in national parliaments and local governments,länder parliaments,thuringia,code16,
2010,percentage,proportion of women in national parliaments and local governments,länder parliaments,,,31.768
2011,percentage,proportion of women in national parliaments and local governments,länder parliaments,,,31.651
2012,percentage,proportion of women in national parliaments and local governments,länder parliaments,,,31.832
2013,percentage,proportion of women in national parliaments and local governments,länder parliaments,,,31.809
2014,percentage,proportion of women in national parliaments and local governments,länder parliaments,,,32.364
2015,percentage,proportion of women in national parliaments and local governments,länder parliaments,,,31.933
2016,percentage,proportion of women in national parliaments and local governments,länder parliaments,,,31.59
2017,percentage,proportion of women in national parliaments and local governments,länder parliaments,,,31.027
2018,percentage,proportion of women in national parliaments and local governments,länder parliaments,,,30.86
2019,percentage,proportion of women in national parliaments and local governments,länder parliaments,,,30.439
2020,percentage,proportion of women in national parliaments and local governments,länder parliaments,,,30.782
2021,percentage,proportion of women in national parliaments and local governments,länder parliaments,,,31.804
2022,percentage,proportion of women in national parliaments and local governments,länder parliaments,,,33.316
2023,percentage,proportion of women in national parliaments and local governments,länder parliaments,,,33.157
2024,percentage,proportion of women in national parliaments and local governments,länder parliaments,,,
2010,number,proportion of women in national parliaments and local governments,länder parliaments,,,602.0
2011,number,proportion of women in national parliaments and local governments,länder parliaments,,,602.0
2012,number,proportion of women in national parliaments and local governments,länder parliaments,,,615.0
2013,number,proportion of women in national parliaments and local governments,länder parliaments,,,605.0
2014,number,proportion of women in national parliaments and local governments,länder parliaments,,,601.0
2015,number,proportion of women in national parliaments and local governments,länder parliaments,,,593.0
2016,number,proportion of women in national parliaments and local governments,länder parliaments,,,586.0
2017,number,proportion of women in national parliaments and local governments,länder parliaments,,,565.0
2018,number,proportion of women in national parliaments and local governments,länder parliaments,,,578.0
2019,number,proportion of women in national parliaments and local governments,länder parliaments,,,568.0
2020,number,proportion of women in national parliaments and local governments,länder parliaments,,,575.0
2021,number,proportion of women in national parliaments and local governments,länder parliaments,,,603.0
2022,number,proportion of women in national parliaments and local governments,länder parliaments,,,632.0
2023,number,proportion of women in national parliaments and local governments,länder parliaments,,,628.0
2024,number,proportion of women in national parliaments and local governments,länder parliaments,,,
2010,percentage,proportion of women in national parliaments and local governments,councils of districts and district-free cities,,,
2011,percentage,proportion of women in national parliaments and local governments,councils of districts and district-free cities,,,26.1
2012,percentage,proportion of women in national parliaments and local governments,councils of districts and district-free cities,,,26.1
2013,percentage,proportion of women in national parliaments and local governments,councils of districts and district-free cities,,,26.1
2014,percentage,proportion of women in national parliaments and local governments,councils of districts and district-free cities,,,26.1
2015,percentage,proportion of women in national parliaments and local governments,councils of districts and district-free cities,,,27.1
2016,percentage,proportion of women in national parliaments and local governments,councils of districts and district-free cities,,,27.1
2017,percentage,proportion of women in national parliaments and local governments,councils of districts and district-free cities,,,27.0
2018,percentage,proportion of women in national parliaments and local governments,councils of districts and district-free cities,,,27.0
2019,percentage,proportion of women in national parliaments and local governments,councils of districts and district-free cities,,,27.8
2020,percentage,proportion of women in national parliaments and local governments,councils of districts and district-free cities,,,27.8
2021,percentage,proportion of women in national parliaments and local governments,councils of districts and district-free cities,,,30.2
2022,percentage,proportion of women in national parliaments and local governments,councils of districts and district-free cities,,,30.2
2023,percentage,proportion of women in national parliaments and local governments,councils of districts and district-free cities,,,30.3
2024,percentage,proportion of women in national parliaments and local governments,councils of districts and district-free cities,,,
