Year,timeseries,region,GeoCode,Value
2010,seats held by women in national parliament,,,
2011,seats held by women in national parliament,,,
2012,seats held by women in national parliament,,,
2013,seats held by women in national parliament,,,36.3
2014,seats held by women in national parliament,,,
2015,seats held by women in national parliament,,,
2016,seats held by women in national parliament,,,
2017,seats held by women in national parliament,,,30.7
2018,seats held by women in national parliament,,,
2019,seats held by women in national parliament,,,
2020,seats held by women in national parliament,,,
2010,seats held by women in regional parliaments,baden-wuerttemberg,code08,
2011,seats held by women in regional parliaments,baden-wuerttemberg,code08,18.1
2012,seats held by women in regional parliaments,baden-wuerttemberg,code08,
2013,seats held by women in regional parliaments,baden-wuerttemberg,code08,
2014,seats held by women in regional parliaments,baden-wuerttemberg,code08,
2015,seats held by women in regional parliaments,baden-wuerttemberg,code08,
2016,seats held by women in regional parliaments,baden-wuerttemberg,code08,24.5
2017,seats held by women in regional parliaments,baden-wuerttemberg,code08,
2018,seats held by women in regional parliaments,baden-wuerttemberg,code08,
2019,seats held by women in regional parliaments,baden-wuerttemberg,code08,
2020,seats held by women in regional parliaments,baden-wuerttemberg,code08,
2010,seats held by women in regional parliaments,bavaria,code09,
2011,seats held by women in regional parliaments,bavaria,code09,
2012,seats held by women in regional parliaments,bavaria,code09,
2013,seats held by women in regional parliaments,bavaria,code09,29.4
2014,seats held by women in regional parliaments,bavaria,code09,
2015,seats held by women in regional parliaments,bavaria,code09,
2016,seats held by women in regional parliaments,bavaria,code09,
2017,seats held by women in regional parliaments,bavaria,code09,
2018,seats held by women in regional parliaments,bavaria,code09,26.8
2019,seats held by women in regional parliaments,bavaria,code09,
2020,seats held by women in regional parliaments,bavaria,code09,
2010,seats held by women in regional parliaments,berlin,code11,
2011,seats held by women in regional parliaments,berlin,code11,34.9
2012,seats held by women in regional parliaments,berlin,code11,
2013,seats held by women in regional parliaments,berlin,code11,
2014,seats held by women in regional parliaments,berlin,code11,
2015,seats held by women in regional parliaments,berlin,code11,
2016,seats held by women in regional parliaments,berlin,code11,33.1
2017,seats held by women in regional parliaments,berlin,code11,
2018,seats held by women in regional parliaments,berlin,code11,
2019,seats held by women in regional parliaments,berlin,code11,
2020,seats held by women in regional parliaments,berlin,code11,
2010,seats held by women in regional parliaments,brandenburg,code12,
2011,seats held by women in regional parliaments,brandenburg,code12,
2012,seats held by women in regional parliaments,brandenburg,code12,
2013,seats held by women in regional parliaments,brandenburg,code12,
2014,seats held by women in regional parliaments,brandenburg,code12,34.1
2015,seats held by women in regional parliaments,brandenburg,code12,
2016,seats held by women in regional parliaments,brandenburg,code12,
2017,seats held by women in regional parliaments,brandenburg,code12,
2018,seats held by women in regional parliaments,brandenburg,code12,
2019,seats held by women in regional parliaments,brandenburg,code12,31.8
2020,seats held by women in regional parliaments,brandenburg,code12,
2010,seats held by women in regional parliaments,bremen,code04,
2011,seats held by women in regional parliaments,bremen,code04,43.4
2012,seats held by women in regional parliaments,bremen,code04,
2013,seats held by women in regional parliaments,bremen,code04,
2014,seats held by women in regional parliaments,bremen,code04,
2015,seats held by women in regional parliaments,bremen,code04,33.7
2016,seats held by women in regional parliaments,bremen,code04,
2017,seats held by women in regional parliaments,bremen,code04,
2018,seats held by women in regional parliaments,bremen,code04,
2019,seats held by women in regional parliaments,bremen,code04,40.5
2020,seats held by women in regional parliaments,bremen,code04,
2010,seats held by women in regional parliaments,hamburg,code02,
2011,seats held by women in regional parliaments,hamburg,code02,38.8
2012,seats held by women in regional parliaments,hamburg,code02,
2013,seats held by women in regional parliaments,hamburg,code02,
2014,seats held by women in regional parliaments,hamburg,code02,
2015,seats held by women in regional parliaments,hamburg,code02,38.8
2016,seats held by women in regional parliaments,hamburg,code02,
2017,seats held by women in regional parliaments,hamburg,code02,
2018,seats held by women in regional parliaments,hamburg,code02,
2019,seats held by women in regional parliaments,hamburg,code02,
2020,seats held by women in regional parliaments,hamburg,code02,43.9
2010,seats held by women in regional parliaments,hesse,code06,
2011,seats held by women in regional parliaments,hesse,code06,
2012,seats held by women in regional parliaments,hesse,code06,
2013,seats held by women in regional parliaments,hesse,code06,31.8
2014,seats held by women in regional parliaments,hesse,code06,
2015,seats held by women in regional parliaments,hesse,code06,
2016,seats held by women in regional parliaments,hesse,code06,
2017,seats held by women in regional parliaments,hesse,code06,
2018,seats held by women in regional parliaments,hesse,code06,33.6
2019,seats held by women in regional parliaments,hesse,code06,
2020,seats held by women in regional parliaments,hesse,code06,
2010,seats held by women in regional parliaments,mecklenburg western pomerania,code13,
2011,seats held by women in regional parliaments,mecklenburg western pomerania,code13,28.2
2012,seats held by women in regional parliaments,mecklenburg western pomerania,code13,
2013,seats held by women in regional parliaments,mecklenburg western pomerania,code13,
2014,seats held by women in regional parliaments,mecklenburg western pomerania,code13,
2015,seats held by women in regional parliaments,mecklenburg western pomerania,code13,
2016,seats held by women in regional parliaments,mecklenburg western pomerania,code13,25.4
2017,seats held by women in regional parliaments,mecklenburg western pomerania,code13,
2018,seats held by women in regional parliaments,mecklenburg western pomerania,code13,
2019,seats held by women in regional parliaments,mecklenburg western pomerania,code13,
2020,seats held by women in regional parliaments,mecklenburg western pomerania,code13,
2010,seats held by women in regional parliaments,lower saxony,code03,
2011,seats held by women in regional parliaments,lower saxony,code03,
2012,seats held by women in regional parliaments,lower saxony,code03,
2013,seats held by women in regional parliaments,lower saxony,code03,29.2
2014,seats held by women in regional parliaments,lower saxony,code03,
2015,seats held by women in regional parliaments,lower saxony,code03,
2016,seats held by women in regional parliaments,lower saxony,code03,
2017,seats held by women in regional parliaments,lower saxony,code03,27.7
2018,seats held by women in regional parliaments,lower saxony,code03,
2019,seats held by women in regional parliaments,lower saxony,code03,
2020,seats held by women in regional parliaments,lower saxony,code03,
2010,seats held by women in regional parliaments,north rhine-westphalia,code05,27.1
2011,seats held by women in regional parliaments,north rhine-westphalia,code05,
2012,seats held by women in regional parliaments,north rhine-westphalia,code05,30.0
2013,seats held by women in regional parliaments,north rhine-westphalia,code05,
2014,seats held by women in regional parliaments,north rhine-westphalia,code05,
2015,seats held by women in regional parliaments,north rhine-westphalia,code05,
2016,seats held by women in regional parliaments,north rhine-westphalia,code05,
2017,seats held by women in regional parliaments,north rhine-westphalia,code05,27.1
2018,seats held by women in regional parliaments,north rhine-westphalia,code05,
2019,seats held by women in regional parliaments,north rhine-westphalia,code05,
2020,seats held by women in regional parliaments,north rhine-westphalia,code05,
2010,seats held by women in regional parliaments,rhineland palatinate,code07,
2011,seats held by women in regional parliaments,rhineland palatinate,code07,41.6
2012,seats held by women in regional parliaments,rhineland palatinate,code07,
2013,seats held by women in regional parliaments,rhineland palatinate,code07,
2014,seats held by women in regional parliaments,rhineland palatinate,code07,
2015,seats held by women in regional parliaments,rhineland palatinate,code07,
2016,seats held by women in regional parliaments,rhineland palatinate,code07,35.6
2017,seats held by women in regional parliaments,rhineland palatinate,code07,
2018,seats held by women in regional parliaments,rhineland palatinate,code07,
2019,seats held by women in regional parliaments,rhineland palatinate,code07,
2020,seats held by women in regional parliaments,rhineland palatinate,code07,
2010,seats held by women in regional parliaments,saarland,code10,
2011,seats held by women in regional parliaments,saarland,code10,
2012,seats held by women in regional parliaments,saarland,code10,39.2
2013,seats held by women in regional parliaments,saarland,code10,
2014,seats held by women in regional parliaments,saarland,code10,
2015,seats held by women in regional parliaments,saarland,code10,
2016,seats held by women in regional parliaments,saarland,code10,
2017,seats held by women in regional parliaments,saarland,code10,35.3
2018,seats held by women in regional parliaments,saarland,code10,
2019,seats held by women in regional parliaments,saarland,code10,
2020,seats held by women in regional parliaments,saarland,code10,
2010,seats held by women in regional parliaments,saxony,code14,
2011,seats held by women in regional parliaments,saxony,code14,
2012,seats held by women in regional parliaments,saxony,code14,
2013,seats held by women in regional parliaments,saxony,code14,
2014,seats held by women in regional parliaments,saxony,code14,31.7
2015,seats held by women in regional parliaments,saxony,code14,
2016,seats held by women in regional parliaments,saxony,code14,
2017,seats held by women in regional parliaments,saxony,code14,
2018,seats held by women in regional parliaments,saxony,code14,
2019,seats held by women in regional parliaments,saxony,code14,27.7
2020,seats held by women in regional parliaments,saxony,code14,
2010,seats held by women in regional parliaments,saxony-anhalt,code15,
2011,seats held by women in regional parliaments,saxony-anhalt,code15,31.4
2012,seats held by women in regional parliaments,saxony-anhalt,code15,
2013,seats held by women in regional parliaments,saxony-anhalt,code15,
2014,seats held by women in regional parliaments,saxony-anhalt,code15,
2015,seats held by women in regional parliaments,saxony-anhalt,code15,
2016,seats held by women in regional parliaments,saxony-anhalt,code15,26.4
2017,seats held by women in regional parliaments,saxony-anhalt,code15,
2018,seats held by women in regional parliaments,saxony-anhalt,code15,
2019,seats held by women in regional parliaments,saxony-anhalt,code15,
2020,seats held by women in regional parliaments,saxony-anhalt,code15,
2010,seats held by women in regional parliaments,schleswig-holstein,code01,
2011,seats held by women in regional parliaments,schleswig-holstein,code01,
2012,seats held by women in regional parliaments,schleswig-holstein,code01,31.9
2013,seats held by women in regional parliaments,schleswig-holstein,code01,
2014,seats held by women in regional parliaments,schleswig-holstein,code01,
2015,seats held by women in regional parliaments,schleswig-holstein,code01,
2016,seats held by women in regional parliaments,schleswig-holstein,code01,
2017,seats held by women in regional parliaments,schleswig-holstein,code01,30.1
2018,seats held by women in regional parliaments,schleswig-holstein,code01,
2019,seats held by women in regional parliaments,schleswig-holstein,code01,
2020,seats held by women in regional parliaments,schleswig-holstein,code01,
2010,seats held by women in regional parliaments,thuringia,code16,
2011,seats held by women in regional parliaments,thuringia,code16,
2012,seats held by women in regional parliaments,thuringia,code16,
2013,seats held by women in regional parliaments,thuringia,code16,
2014,seats held by women in regional parliaments,thuringia,code16,38.5
2015,seats held by women in regional parliaments,thuringia,code16,
2016,seats held by women in regional parliaments,thuringia,code16,
2017,seats held by women in regional parliaments,thuringia,code16,
2018,seats held by women in regional parliaments,thuringia,code16,
2019,seats held by women in regional parliaments,thuringia,code16,31.1
2020,seats held by women in regional parliaments,thuringia,code16,
