Year,timeseries,Value
2010,a) population using safely managed sanitation services (%),
2011,a) population using safely managed sanitation services (%),98.6
2012,a) population using safely managed sanitation services (%),98.6
2013,a) population using safely managed sanitation services (%),99.4
2014,a) population using safely managed sanitation services (%),99.5
2015,a) population using safely managed sanitation services (%),99.4
2016,a) population using safely managed sanitation services (%),99.4
2017,a) population using safely managed sanitation services (%),99.5
2018,a) population using safely managed sanitation services (%),99.6
2010,b) population with a bathtub or a shower (%),
2011,b) population with a bathtub or a shower (%),99.5
2012,b) population with a bathtub or a shower (%),99.4
2013,b) population with a bathtub or a shower (%),99.5
2014,b) population with a bathtub or a shower (%),99.7
2015,b) population with a bathtub or a shower (%),99.6
2016,b) population with a bathtub or a shower (%),99.6
2017,b) population with a bathtub or a shower (%),99.7
2018,b) population with a bathtub or a shower (%),99.7
