Year,Units,type of waste water,treatment,Series,Value
2010,%,,,wastewater that is safely treated or does not require treatment,100.0
2011,%,,,wastewater that is safely treated or does not require treatment,100.0
2012,%,,,wastewater that is safely treated or does not require treatment,100.0
2013,%,,,wastewater that is safely treated or does not require treatment,100.0
2014,%,,,wastewater that is safely treated or does not require treatment,100.0
2015,%,,,wastewater that is safely treated or does not require treatment,100.0
2016,%,,,wastewater that is safely treated or does not require treatment,100.0
2010,1 000 m³,total wastewater produced from public and non-public disposal,,wastewater and cooling water,11202690.0
2011,1 000 m³,total wastewater produced from public and non-public disposal,,wastewater and cooling water,
2012,1 000 m³,total wastewater produced from public and non-public disposal,,wastewater and cooling water,
2013,1 000 m³,total wastewater produced from public and non-public disposal,,wastewater and cooling water,10912539.0
2014,1 000 m³,total wastewater produced from public and non-public disposal,,wastewater and cooling water,
2015,1 000 m³,total wastewater produced from public and non-public disposal,,wastewater and cooling water,
2016,1 000 m³,total wastewater produced from public and non-public disposal,,wastewater and cooling water,10618410.0
2010,1 000 m³,total wastewater produced from public and non-public disposal,untreated wastewater,wastewater and cooling water,1568324.0
2011,1 000 m³,total wastewater produced from public and non-public disposal,untreated wastewater,wastewater and cooling water,
2012,1 000 m³,total wastewater produced from public and non-public disposal,untreated wastewater,wastewater and cooling water,
2013,1 000 m³,total wastewater produced from public and non-public disposal,untreated wastewater,wastewater and cooling water,1513440.0
2014,1 000 m³,total wastewater produced from public and non-public disposal,untreated wastewater,wastewater and cooling water,
2015,1 000 m³,total wastewater produced from public and non-public disposal,untreated wastewater,wastewater and cooling water,
2016,1 000 m³,total wastewater produced from public and non-public disposal,untreated wastewater,wastewater and cooling water,1510666.0
2010,1 000 m³,total wastewater produced from public and non-public disposal,treated wastewater,wastewater and cooling water,9634366.0
2011,1 000 m³,total wastewater produced from public and non-public disposal,treated wastewater,wastewater and cooling water,
2012,1 000 m³,total wastewater produced from public and non-public disposal,treated wastewater,wastewater and cooling water,
2013,1 000 m³,total wastewater produced from public and non-public disposal,treated wastewater,wastewater and cooling water,9399099.0
2014,1 000 m³,total wastewater produced from public and non-public disposal,treated wastewater,wastewater and cooling water,
2015,1 000 m³,total wastewater produced from public and non-public disposal,treated wastewater,wastewater and cooling water,
2016,1 000 m³,total wastewater produced from public and non-public disposal,treated wastewater,wastewater and cooling water,9107744.0
2010,1 000 m³,cooling water,,wastewater and cooling water,24153706.0
2011,1 000 m³,cooling water,,wastewater and cooling water,
2012,1 000 m³,cooling water,,wastewater and cooling water,
2013,1 000 m³,cooling water,,wastewater and cooling water,16582729.0
2014,1 000 m³,cooling water,,wastewater and cooling water,
2015,1 000 m³,cooling water,,wastewater and cooling water,
2016,1 000 m³,cooling water,,wastewater and cooling water,15725418.0
