Year,treatment,type of waste water,Value
2010,safely treated wastewater (total),,100.0
2011,safely treated wastewater (total),,100.0
2012,safely treated wastewater (total),,100.0
2013,safely treated wastewater (total),,100.0
2014,safely treated wastewater (total),,100.0
2015,safely treated wastewater (total),,100.0
2016,safely treated wastewater (total),,100.0
2017,safely treated wastewater (total),,100.0
2018,safely treated wastewater (total),,100.0
2010,untreated wastewater that does not have to undergo treatment,,72.7
2011,untreated wastewater that does not have to undergo treatment,,
2012,untreated wastewater that does not have to undergo treatment,,
2013,untreated wastewater that does not have to undergo treatment,,65.8
2014,untreated wastewater that does not have to undergo treatment,,
2015,untreated wastewater that does not have to undergo treatment,,
2016,untreated wastewater that does not have to undergo treatment,,65.4
2017,untreated wastewater that does not have to undergo treatment,,
2018,untreated wastewater that does not have to undergo treatment,,
2010,untreated wastewater that does not have to undergo treatment,cooling water,68.3
2011,untreated wastewater that does not have to undergo treatment,cooling water,
2012,untreated wastewater that does not have to undergo treatment,cooling water,
2013,untreated wastewater that does not have to undergo treatment,cooling water,60.3
2014,untreated wastewater that does not have to undergo treatment,cooling water,
2015,untreated wastewater that does not have to undergo treatment,cooling water,
2016,untreated wastewater that does not have to undergo treatment,cooling water,59.7
2017,untreated wastewater that does not have to undergo treatment,cooling water,
2018,untreated wastewater that does not have to undergo treatment,cooling water,
2010,untreated wastewater that does not have to undergo treatment,other wastewater that does not have to undergo treatment,4.4
2011,untreated wastewater that does not have to undergo treatment,other wastewater that does not have to undergo treatment,
2012,untreated wastewater that does not have to undergo treatment,other wastewater that does not have to undergo treatment,
2013,untreated wastewater that does not have to undergo treatment,other wastewater that does not have to undergo treatment,5.5
2014,untreated wastewater that does not have to undergo treatment,other wastewater that does not have to undergo treatment,
2015,untreated wastewater that does not have to undergo treatment,other wastewater that does not have to undergo treatment,
2016,untreated wastewater that does not have to undergo treatment,other wastewater that does not have to undergo treatment,5.7
2017,untreated wastewater that does not have to undergo treatment,other wastewater that does not have to undergo treatment,
2018,untreated wastewater that does not have to undergo treatment,other wastewater that does not have to undergo treatment,
