Year,timeseries,type of account,Value
2014,accounts at payment service providers (1 000),,145480
2015,accounts at payment service providers (1 000),,148138
2016,accounts at payment service providers (1 000),,150897
2017,accounts at payment service providers (1 000),,151388
2018,accounts at payment service providers (1 000),,150997
2014,accounts at payment service providers (1 000),online accounts,78631
2015,accounts at payment service providers (1 000),online accounts,81488
2016,accounts at payment service providers (1 000),online accounts,85985
2017,accounts at payment service providers (1 000),online accounts,89351
2018,accounts at payment service providers (1 000),online accounts,91708
2010,accounts at payment service providers (1 000),current accounts,94982
2011,accounts at payment service providers (1 000),current accounts,95684
2012,accounts at payment service providers (1 000),current accounts,96858
2013,accounts at payment service providers (1 000),current accounts,98512
2014,accounts at payment service providers (1 000),current accounts,99875
2015,accounts at payment service providers (1 000),current accounts,101661
2016,accounts at payment service providers (1 000),current accounts,103844
2017,accounts at payment service providers (1 000),current accounts,103876
2018,accounts at payment service providers (1 000),current accounts,105031
