Year,Units,timeseries,Value
2010,mn t,dmc,1263.0
2011,mn t,dmc,1363.0
2012,mn t,dmc,1318.0
2013,mn t,dmc,1311.0
2014,mn t,dmc,1373.0
2015,mn t,dmc,1293.0
2016,mn t,dmc,1304.0
2017,mn t,dmc,1296.0
2010,t per capita,dmc,15.7
2011,t per capita,dmc,17.0
2012,t per capita,dmc,16.4
2013,t per capita,dmc,16.3
2014,t per capita,dmc,17.0
2015,t per capita,dmc,15.8
2016,t per capita,dmc,15.8
2017,t per capita,dmc,15.7
2010,2010 = 100,dmc per real gdp,100.0
2011,2010 = 100,dmc per real gdp,103.9
2012,2010 = 100,dmc per real gdp,100.0
2013,2010 = 100,dmc per real gdp,99.0
2014,2010 = 100,dmc per real gdp,101.4
2015,2010 = 100,dmc per real gdp,93.9
2016,2010 = 100,dmc per real gdp,92.7
2017,2010 = 100,dmc per real gdp,89.9
