Year,Units,timeseries,mode of transport,Value
2010,mn pkm,passenger transports,,1117240
2011,mn pkm,passenger transports,,1131004
2012,mn pkm,passenger transports,,1135558
2013,mn pkm,passenger transports,,1143475
2014,mn pkm,passenger transports,,1162942
2015,mn pkm,passenger transports,,1180646
2016,mn pkm,passenger transports,,1204775
2017,mn pkm,passenger transports,,1155136
2018,mn pkm,passenger transports,,1161885
2019,mn pkm,passenger transports,,1170186
2020,mn pkm,passenger transports,,945755
2010,mn pkm,passenger transports,road transport,78092
2011,mn pkm,passenger transports,road transport,77957
2012,mn pkm,passenger transports,road transport,76019
2013,mn pkm,passenger transports,road transport,76146
2014,mn pkm,passenger transports,road transport,78786
2015,mn pkm,passenger transports,road transport,81771
2016,mn pkm,passenger transports,road transport,81445
2017,mn pkm,passenger transports,road transport,79730
2018,mn pkm,passenger transports,road transport,80103
2019,mn pkm,passenger transports,road transport,78919
2020,mn pkm,passenger transports,road transport,45735
2010,mn pkm,passenger transports,rail transport,83886
2011,mn pkm,passenger transports,rail transport,85414
2012,mn pkm,passenger transports,rail transport,88795
2013,mn pkm,passenger transports,rail transport,89615
2014,mn pkm,passenger transports,rail transport,90976
2015,mn pkm,passenger transports,rail transport,91603
2016,mn pkm,passenger transports,rail transport,94196
2017,mn pkm,passenger transports,rail transport,95530
2018,mn pkm,passenger transports,rail transport,98061
2019,mn pkm,passenger transports,rail transport,102026
2020,mn pkm,passenger transports,rail transport,58816
2010,mn pkm,passenger transports,commercial air transport,52822
2011,mn pkm,passenger transports,commercial air transport,55215
2012,mn pkm,passenger transports,commercial air transport,56180
2013,mn pkm,passenger transports,commercial air transport,56294
2014,mn pkm,passenger transports,commercial air transport,58223
2015,mn pkm,passenger transports,commercial air transport,61543
2016,mn pkm,passenger transports,commercial air transport,63983
2017,mn pkm,passenger transports,commercial air transport,67523
2018,mn pkm,passenger transports,commercial air transport,70445
2019,mn pkm,passenger transports,commercial air transport,71841
2020,mn pkm,passenger transports,commercial air transport,18704
2010,mn pkm,passenger transports,motorised private transport,902440
2011,mn pkm,passenger transports,motorised private transport,912417
2012,mn pkm,passenger transports,motorised private transport,914563
2013,mn pkm,passenger transports,motorised private transport,921420
2014,mn pkm,passenger transports,motorised private transport,934957
2015,mn pkm,passenger transports,motorised private transport,945729
2016,mn pkm,passenger transports,motorised private transport,965151
2017,mn pkm,passenger transports,motorised private transport,912353
2018,mn pkm,passenger transports,motorised private transport,913276
2019,mn pkm,passenger transports,motorised private transport,917400
2020,mn pkm,passenger transports,motorised private transport,822500
2010,mn tkm,freight transports,,627882
2011,mn tkm,freight transports,,628083
2012,mn tkm,freight transports,,618179
2013,mn tkm,freight transports,,634973
2014,mn tkm,freight transports,,642604
2015,mn tkm,freight transports,,655708
2016,mn tkm,freight transports,,676893
2017,mn tkm,freight transports,,692578
2018,mn tkm,freight transports,,694963
2019,mn tkm,freight transports,,697942
2020,mn tkm,freight transports,,670460
2010,mn tkm,freight transports,road transport,440600
2011,mn tkm,freight transports,road transport,442600
2012,mn tkm,freight transports,road transport,432000
2013,mn tkm,freight transports,road transport,442700
2014,mn tkm,freight transports,road transport,451900
2015,mn tkm,freight transports,road transport,464600
2016,mn tkm,freight transports,road transport,473400
2017,mn tkm,freight transports,road transport,486000
2018,mn tkm,freight transports,road transport,499200
2019,mn tkm,freight transports,road transport,498600
2020,mn tkm,freight transports,road transport,486100
2010,mn tkm,freight transports,rail transport,107317
2011,mn tkm,freight transports,rail transport,113317
2012,mn tkm,freight transports,rail transport,110065
2013,mn tkm,freight transports,rail transport,112613
2014,mn tkm,freight transports,rail transport,112629
2015,mn tkm,freight transports,rail transport,116632
2016,mn tkm,freight transports,rail transport,128866
2017,mn tkm,freight transports,rail transport,131204
2018,mn tkm,freight transports,rail transport,129991
2019,mn tkm,freight transports,rail transport,129161
2020,mn tkm,freight transports,rail transport,119790
2010,mn tkm,freight transports,inland waterway transport,62278
2011,mn tkm,freight transports,inland waterway transport,55027
2012,mn tkm,freight transports,inland waterway transport,58488
2013,mn tkm,freight transports,inland waterway transport,60070
2014,mn tkm,freight transports,inland waterway transport,59093
2015,mn tkm,freight transports,inland waterway transport,55315
2016,mn tkm,freight transports,inland waterway transport,54347
2017,mn tkm,freight transports,inland waterway transport,55518
2018,mn tkm,freight transports,inland waterway transport,46901
2019,mn tkm,freight transports,inland waterway transport,50945
2020,mn tkm,freight transports,inland waterway transport,46338
2010,mn tkm,freight transports,commercial air transport,1428
2011,mn tkm,freight transports,commercial air transport,1480
2012,mn tkm,freight transports,commercial air transport,1421
2013,mn tkm,freight transports,commercial air transport,1410
2014,mn tkm,freight transports,commercial air transport,1441
2015,mn tkm,freight transports,commercial air transport,1447
2016,mn tkm,freight transports,commercial air transport,1519
2017,mn tkm,freight transports,commercial air transport,1617
2018,mn tkm,freight transports,commercial air transport,1637
2019,mn tkm,freight transports,commercial air transport,1587
2020,mn tkm,freight transports,commercial air transport,1546
2010,mn tkm,freight transports,transport via pipeline crude oil,16259
2011,mn tkm,freight transports,transport via pipeline crude oil,15623
2012,mn tkm,freight transports,transport via pipeline crude oil,16207
2013,mn tkm,freight transports,transport via pipeline crude oil,18180
2014,mn tkm,freight transports,transport via pipeline crude oil,17541
2015,mn tkm,freight transports,transport via pipeline crude oil,17714
2016,mn tkm,freight transports,transport via pipeline crude oil,18761
2017,mn tkm,freight transports,transport via pipeline crude oil,18239
2018,mn tkm,freight transports,transport via pipeline crude oil,17234
2019,mn tkm,freight transports,transport via pipeline crude oil,17649
2020,mn tkm,freight transports,transport via pipeline crude oil,16686
