Year,timeseries,Value
2010,co₂ emissions per real gdp,353.2
2011,co₂ emissions per real gdp,330.2
2012,co₂ emissions per real gdp,330.7
2013,co₂ emissions per real gdp,336.3
2014,co₂ emissions per real gdp,313.7
2015,co₂ emissions per real gdp,310.3
2016,co₂ emissions per real gdp,305.4
2017,co₂ emissions per real gdp,292.2
2018,co₂ emissions per real gdp,276.8
2019,co₂ emissions per real gdp,259.7
2010,co₂ emissions per gross value added (price adjusted) in manufacturing industries,430.5
2011,co₂ emissions per gross value added (price adjusted) in manufacturing industries,392.5
2012,co₂ emissions per gross value added (price adjusted) in manufacturing industries,391.1
2013,co₂ emissions per gross value added (price adjusted) in manufacturing industries,387.1
2014,co₂ emissions per gross value added (price adjusted) in manufacturing industries,362.3
2015,co₂ emissions per gross value added (price adjusted) in manufacturing industries,357.8
2016,co₂ emissions per gross value added (price adjusted) in manufacturing industries,347.6
2017,co₂ emissions per gross value added (price adjusted) in manufacturing industries,345.3
2018,co₂ emissions per gross value added (price adjusted) in manufacturing industries,326.3
2019,co₂ emissions per gross value added (price adjusted) in manufacturing industries,337.7
