Year,timeseries,Value
2010,researchers in full-time equivalents (per 1 mn inhabitants),4012.1
2011,researchers in full-time equivalents (per 1 mn inhabitants),4138.28
2012,researchers in full-time equivalents (per 1 mn inhabitants),4296.71
2013,researchers in full-time equivalents (per 1 mn inhabitants),4388.69
2014,researchers in full-time equivalents (per 1 mn inhabitants),4334.16
2015,researchers in full-time equivalents (per 1 mn inhabitants),4721.37
2016,researchers in full-time equivalents (per 1 mn inhabitants),4842.43
2017,researchers in full-time equivalents (per 1 mn inhabitants),5068.31
2018,researchers in full-time equivalents (per 1 mn inhabitants),5225.5
