Year,Units,sector,type of official development assistance,type of financial flow,COMMENT_OBS_0,COMMENT_OBS_1,COMMENT_OBS_2,Value
2010,million eur,water supply & sanitation,commitments,official development assistance,,,,566.859
2011,million eur,water supply & sanitation,commitments,official development assistance,,,,748.48
2012,million eur,water supply & sanitation,commitments,official development assistance,,,,1075.52
2013,million eur,water supply & sanitation,commitments,official development assistance,,,,803.379
2014,million eur,water supply & sanitation,commitments,official development assistance,,,,696.313
2015,million eur,water supply & sanitation,commitments,official development assistance,,,,854.934
2016,million eur,water supply & sanitation,commitments,official development assistance,,,,591.005
2017,million eur,water supply & sanitation,commitments,official development assistance,,,,1263.616
2018,million eur,water supply & sanitation,commitments,official development assistance,,,,1416.619
2019,million eur,water supply & sanitation,commitments,official development assistance,,,,1223.479
2020,million eur,water supply & sanitation,commitments,official development assistance,,,,1135.461
2021,million eur,water supply & sanitation,commitments,official development assistance,,,,1052.936
2022,million eur,water supply & sanitation,commitments,official development assistance,,,,1400.488
2023,million eur,water supply & sanitation,commitments,official development assistance,,,,698.579
2024,million eur,water supply & sanitation,commitments,official development assistance,,,,1393.622
2010,million eur,transport and storage,commitments,official development assistance,,,,367.776
2011,million eur,transport and storage,commitments,official development assistance,,,,64.273
2012,million eur,transport and storage,commitments,official development assistance,,,,76.692
2013,million eur,transport and storage,commitments,official development assistance,,,,228.64
2014,million eur,transport and storage,commitments,official development assistance,,,,138.361
2015,million eur,transport and storage,commitments,official development assistance,,,,668.163
2016,million eur,transport and storage,commitments,official development assistance,,,,946.723
2017,million eur,transport and storage,commitments,official development assistance,,,,421.653
2018,million eur,transport and storage,commitments,official development assistance,,,,52.203
2019,million eur,transport and storage,commitments,official development assistance,,,,793.824
2020,million eur,transport and storage,commitments,official development assistance,,,,798.468
2021,million eur,transport and storage,commitments,official development assistance,,,,642.954
2022,million eur,transport and storage,commitments,official development assistance,,,,527.784
2023,million eur,transport and storage,commitments,official development assistance,,,,839.404
2024,million eur,transport and storage,commitments,official development assistance,,,,541.665
2010,million eur,communications,commitments,official development assistance,,,,18.576
2011,million eur,communications,commitments,official development assistance,,,,12.374
2012,million eur,communications,commitments,official development assistance,,,,9.101
2013,million eur,communications,commitments,official development assistance,,,,27.46
2014,million eur,communications,commitments,official development assistance,,,,54.694
2015,million eur,communications,commitments,official development assistance,,,,28.116
2016,million eur,communications,commitments,official development assistance,,,,12.666
2017,million eur,communications,commitments,official development assistance,,,,33.175
2018,million eur,communications,commitments,official development assistance,,,,11.928
2019,million eur,communications,commitments,official development assistance,,,,61.076
2020,million eur,communications,commitments,official development assistance,,,,39.841
2021,million eur,communications,commitments,official development assistance,,,,150.329
2022,million eur,communications,commitments,official development assistance,,,,88.587
2023,million eur,communications,commitments,official development assistance,,,,48.214
2024,million eur,communications,commitments,official development assistance,,,,38.935
2010,million eur,energy,commitments,official development assistance,,,,1813.137
2011,million eur,energy,commitments,official development assistance,,,,1114.534
2012,million eur,energy,commitments,official development assistance,,,,1043.354
2013,million eur,energy,commitments,official development assistance,,,,1581.735
2014,million eur,energy,commitments,official development assistance,,,,2974.079
2015,million eur,energy,commitments,official development assistance,,,,2001.063
2016,million eur,energy,commitments,official development assistance,,,,2332.488
2017,million eur,energy,commitments,official development assistance,,,,2172.595
2018,million eur,energy,commitments,official development assistance,,,,2931.578
2019,million eur,energy,commitments,official development assistance,,,,2007.762
2020,million eur,energy,commitments,official development assistance,,,,1594.5
2021,million eur,energy,commitments,official development assistance,,,,1416.67
2022,million eur,energy,commitments,official development assistance,,,,3563.555
2023,million eur,energy,commitments,official development assistance,,,,3080.325
2024,million eur,energy,commitments,official development assistance,,,,1987.54
2010,million eur,urban development and management,commitments,official development assistance,,,,51.869
2011,million eur,urban development and management,commitments,official development assistance,,,,313.286
2012,million eur,urban development and management,commitments,official development assistance,,,,48.912
2013,million eur,urban development and management,commitments,official development assistance,,,,135.842
2014,million eur,urban development and management,commitments,official development assistance,,,,51.927
2015,million eur,urban development and management,commitments,official development assistance,,,,90.856
2016,million eur,urban development and management,commitments,official development assistance,,,,455.108
2017,million eur,urban development and management,commitments,official development assistance,,,,204.952
2018,million eur,urban development and management,commitments,official development assistance,,,,215.715
2019,million eur,urban development and management,commitments,official development assistance,,,,280.982
2020,million eur,urban development and management,commitments,official development assistance,,,,346.96
2021,million eur,urban development and management,commitments,official development assistance,,,,137.054
2022,million eur,urban development and management,commitments,official development assistance,,,,808.189
2023,million eur,urban development and management,commitments,official development assistance,,,,437.784
2024,million eur,urban development and management,commitments,official development assistance,,,,137.464
2010,million eur,water supply & sanitation,gross disbursements,official development assistance,,,,449.387
2011,million eur,water supply & sanitation,gross disbursements,official development assistance,,,,495.117
2012,million eur,water supply & sanitation,gross disbursements,official development assistance,,,,450.456
2013,million eur,water supply & sanitation,gross disbursements,official development assistance,,,,490.458
2014,million eur,water supply & sanitation,gross disbursements,official development assistance,,,,686.944
2015,million eur,water supply & sanitation,gross disbursements,official development assistance,,,,739.473
2016,million eur,water supply & sanitation,gross disbursements,official development assistance,,,,743.538
2017,million eur,water supply & sanitation,gross disbursements,official development assistance,,,,797.765
2018,million eur,water supply & sanitation,gross disbursements,official development assistance,,,,837.61
2019,million eur,water supply & sanitation,gross disbursements,official development assistance,,,,763.001
2020,million eur,water supply & sanitation,gross disbursements,official development assistance,,,,824.907
2021,million eur,water supply & sanitation,gross disbursements,official development assistance,,,,728.218
2022,million eur,water supply & sanitation,gross disbursements,official development assistance,,,,771.218
2023,million eur,water supply & sanitation,gross disbursements,official development assistance,,,,886.445
2024,million eur,water supply & sanitation,gross disbursements,official development assistance,,,,1299.174
2010,million eur,transport and storage,gross disbursements,official development assistance,,,,134.292
2011,million eur,transport and storage,gross disbursements,official development assistance,,,,187.662
2012,million eur,transport and storage,gross disbursements,official development assistance,,,,163.622
2013,million eur,transport and storage,gross disbursements,official development assistance,,,,276.122
2014,million eur,transport and storage,gross disbursements,official development assistance,,,,105.962
2015,million eur,transport and storage,gross disbursements,official development assistance,,,,432.619
2016,million eur,transport and storage,gross disbursements,official development assistance,,,,378.383
2017,million eur,transport and storage,gross disbursements,official development assistance,,,,242.894
2018,million eur,transport and storage,gross disbursements,official development assistance,,,,273.935
2019,million eur,transport and storage,gross disbursements,official development assistance,,,,444.629
2020,million eur,transport and storage,gross disbursements,official development assistance,,,,346.776
2021,million eur,transport and storage,gross disbursements,official development assistance,,,,165.431
2022,million eur,transport and storage,gross disbursements,official development assistance,,,,247.648
2023,million eur,transport and storage,gross disbursements,official development assistance,,,,355.743
2024,million eur,transport and storage,gross disbursements,official development assistance,,,,451.456
2010,million eur,communications,gross disbursements,official development assistance,,,,20.555
2011,million eur,communications,gross disbursements,official development assistance,,,,7.778
2012,million eur,communications,gross disbursements,official development assistance,,,,5.479
2013,million eur,communications,gross disbursements,official development assistance,,,,22.854
2014,million eur,communications,gross disbursements,official development assistance,,,,57.058
2015,million eur,communications,gross disbursements,official development assistance,,,,25.187
2016,million eur,communications,gross disbursements,official development assistance,,,,13.898
2017,million eur,communications,gross disbursements,official development assistance,,,,26.97
2018,million eur,communications,gross disbursements,official development assistance,,,,8.941
2019,million eur,communications,gross disbursements,official development assistance,,,,28.875
2020,million eur,communications,gross disbursements,official development assistance,,,,36.512
2021,million eur,communications,gross disbursements,official development assistance,,,,68.153
2022,million eur,communications,gross disbursements,official development assistance,,,,82.24
2023,million eur,communications,gross disbursements,official development assistance,,,,55.395
2024,million eur,communications,gross disbursements,official development assistance,,,,50.404
2010,million eur,energy,gross disbursements,official development assistance,,,,1044.339
2011,million eur,energy,gross disbursements,official development assistance,,,,895.864
2012,million eur,energy,gross disbursements,official development assistance,,,,614.358
2013,million eur,energy,gross disbursements,official development assistance,,,,924.214
2014,million eur,energy,gross disbursements,official development assistance,,,,1221.904
2015,million eur,energy,gross disbursements,official development assistance,,,,1621.932
2016,million eur,energy,gross disbursements,official development assistance,,,,1698.765
2017,million eur,energy,gross disbursements,official development assistance,,,,1492.676
2018,million eur,energy,gross disbursements,official development assistance,,,,1570.578
2019,million eur,energy,gross disbursements,official development assistance,,,,1600.496
2020,million eur,energy,gross disbursements,official development assistance,,,,1577.668
2021,million eur,energy,gross disbursements,official development assistance,,,,1375.152
2022,million eur,energy,gross disbursements,official development assistance,,,,1988.187
2023,million eur,energy,gross disbursements,official development assistance,,,,2238.748
2024,million eur,energy,gross disbursements,official development assistance,,,,2663.402
2010,million eur,urban development and management,gross disbursements,official development assistance,,,,63.574
2011,million eur,urban development and management,gross disbursements,official development assistance,,,,88.251
2012,million eur,urban development and management,gross disbursements,official development assistance,,,,73.644
2013,million eur,urban development and management,gross disbursements,official development assistance,,,,48.583
2014,million eur,urban development and management,gross disbursements,official development assistance,,,,51.959
2015,million eur,urban development and management,gross disbursements,official development assistance,,,,65.08
2016,million eur,urban development and management,gross disbursements,official development assistance,,,,131.599
2017,million eur,urban development and management,gross disbursements,official development assistance,,,,152.943
2018,million eur,urban development and management,gross disbursements,official development assistance,,,,230.109
2019,million eur,urban development and management,gross disbursements,official development assistance,,,,217.125
2020,million eur,urban development and management,gross disbursements,official development assistance,,,,321.776
2021,million eur,urban development and management,gross disbursements,official development assistance,,,,257.277
2022,million eur,urban development and management,gross disbursements,official development assistance,,,,150.243
2023,million eur,urban development and management,gross disbursements,official development assistance,,,,127.399
2024,million eur,urban development and management,gross disbursements,official development assistance,,,,123.998
2010,million eur,water supply & sanitation,commitments,other official flows,,,,
2011,million eur,water supply & sanitation,commitments,other official flows,,,,
2012,million eur,water supply & sanitation,commitments,other official flows,,,,
2013,million eur,water supply & sanitation,commitments,other official flows,,,,
2014,million eur,water supply & sanitation,commitments,other official flows,,,,
2015,million eur,water supply & sanitation,commitments,other official flows,,,,
2016,million eur,water supply & sanitation,commitments,other official flows,,,,
2017,million eur,water supply & sanitation,commitments,other official flows,,,,
2018,million eur,water supply & sanitation,commitments,other official flows,,,,
2019,million eur,water supply & sanitation,commitments,other official flows,,,,34.209
2020,million eur,water supply & sanitation,commitments,other official flows,,,,79.816
2021,million eur,water supply & sanitation,commitments,other official flows,,,,
2022,million eur,water supply & sanitation,commitments,other official flows,,,,45.946
2023,million eur,water supply & sanitation,commitments,other official flows,,,,
2024,million eur,water supply & sanitation,commitments,other official flows,,,,
2010,million eur,transport and storage,commitments,other official flows,,,,
2011,million eur,transport and storage,commitments,other official flows,,,,
2012,million eur,transport and storage,commitments,other official flows,,,,
2013,million eur,transport and storage,commitments,other official flows,,,,
2014,million eur,transport and storage,commitments,other official flows,,,,
2015,million eur,transport and storage,commitments,other official flows,,,,
2016,million eur,transport and storage,commitments,other official flows,,,,
2017,million eur,transport and storage,commitments,other official flows,,,,
2018,million eur,transport and storage,commitments,other official flows,,,,72.34
2019,million eur,transport and storage,commitments,other official flows,,,,52.089
2020,million eur,transport and storage,commitments,other official flows,,,,18.869
2021,million eur,transport and storage,commitments,other official flows,,,,39.431
2022,million eur,transport and storage,commitments,other official flows,,,,39.498
2023,million eur,transport and storage,commitments,other official flows,,,,9.683
2024,million eur,transport and storage,commitments,other official flows,,,,
2010,million eur,communications,commitments,other official flows,,,,
2011,million eur,communications,commitments,other official flows,,,,
2012,million eur,communications,commitments,other official flows,,,,
2013,million eur,communications,commitments,other official flows,,,,
2014,million eur,communications,commitments,other official flows,,,,
2015,million eur,communications,commitments,other official flows,,,,
2016,million eur,communications,commitments,other official flows,,,,
2017,million eur,communications,commitments,other official flows,,,,
2018,million eur,communications,commitments,other official flows,,,,19.649
2019,million eur,communications,commitments,other official flows,,,,28.006
2020,million eur,communications,commitments,other official flows,,,,22.237
2021,million eur,communications,commitments,other official flows,,,,20.82
2022,million eur,communications,commitments,other official flows,,,,50.769
2023,million eur,communications,commitments,other official flows,,,,
2024,million eur,communications,commitments,other official flows,,,,
2010,million eur,energy,commitments,other official flows,,,,
2011,million eur,energy,commitments,other official flows,,,,
2012,million eur,energy,commitments,other official flows,,,,
2013,million eur,energy,commitments,other official flows,,,,
2014,million eur,energy,commitments,other official flows,,,,
2015,million eur,energy,commitments,other official flows,,,,
2016,million eur,energy,commitments,other official flows,,,,
2017,million eur,energy,commitments,other official flows,,,,
2018,million eur,energy,commitments,other official flows,,,,154.328
2019,million eur,energy,commitments,other official flows,,,,146.486
2020,million eur,energy,commitments,other official flows,,,,94.567
2021,million eur,energy,commitments,other official flows,,,,89.522
2022,million eur,energy,commitments,other official flows,,,,176.929
2023,million eur,energy,commitments,other official flows,,,,200.0
2024,million eur,energy,commitments,other official flows,,,,
2010,million eur,urban development and management,commitments,other official flows,,,,
2011,million eur,urban development and management,commitments,other official flows,,,,
2012,million eur,urban development and management,commitments,other official flows,,,,
2013,million eur,urban development and management,commitments,other official flows,,,,
2014,million eur,urban development and management,commitments,other official flows,,,,
2015,million eur,urban development and management,commitments,other official flows,,,,
2016,million eur,urban development and management,commitments,other official flows,,,,
2017,million eur,urban development and management,commitments,other official flows,,,,
2018,million eur,urban development and management,commitments,other official flows,,,,
2019,million eur,urban development and management,commitments,other official flows,,,,
2020,million eur,urban development and management,commitments,other official flows,,,,
2021,million eur,urban development and management,commitments,other official flows,,,,
2022,million eur,urban development and management,commitments,other official flows,,,,
2023,million eur,urban development and management,commitments,other official flows,,,,
2024,million eur,urban development and management,commitments,other official flows,,,,
2010,million eur,water supply & sanitation,gross disbursements,other official flows,,,,
2011,million eur,water supply & sanitation,gross disbursements,other official flows,,,,
2012,million eur,water supply & sanitation,gross disbursements,other official flows,,,,
2013,million eur,water supply & sanitation,gross disbursements,other official flows,,,,
2014,million eur,water supply & sanitation,gross disbursements,other official flows,,,,
2015,million eur,water supply & sanitation,gross disbursements,other official flows,,,,8.043
2016,million eur,water supply & sanitation,gross disbursements,other official flows,,,,5.737
2017,million eur,water supply & sanitation,gross disbursements,other official flows,,,,
2018,million eur,water supply & sanitation,gross disbursements,other official flows,,,,
2019,million eur,water supply & sanitation,gross disbursements,other official flows,,,,34.209
2020,million eur,water supply & sanitation,gross disbursements,other official flows,,,,79.816
2021,million eur,water supply & sanitation,gross disbursements,other official flows,,,,
2022,million eur,water supply & sanitation,gross disbursements,other official flows,,,,45.946
2023,million eur,water supply & sanitation,gross disbursements,other official flows,,,,
2024,million eur,water supply & sanitation,gross disbursements,other official flows,,,,
2010,million eur,transport and storage,gross disbursements,other official flows,,,,131.6
2011,million eur,transport and storage,gross disbursements,other official flows,,,,
2012,million eur,transport and storage,gross disbursements,other official flows,,,,79.432
2013,million eur,transport and storage,gross disbursements,other official flows,,,,49.641
2014,million eur,transport and storage,gross disbursements,other official flows,,,,9.584
2015,million eur,transport and storage,gross disbursements,other official flows,,,,
2016,million eur,transport and storage,gross disbursements,other official flows,,,,
2017,million eur,transport and storage,gross disbursements,other official flows,,,,
2018,million eur,transport and storage,gross disbursements,other official flows,,,,72.34
2019,million eur,transport and storage,gross disbursements,other official flows,,,,52.089
2020,million eur,transport and storage,gross disbursements,other official flows,,,,18.869
2021,million eur,transport and storage,gross disbursements,other official flows,,,,39.431
2022,million eur,transport and storage,gross disbursements,other official flows,,,,39.498
2023,million eur,transport and storage,gross disbursements,other official flows,,,,4.442
2024,million eur,transport and storage,gross disbursements,other official flows,,,,
2010,million eur,communications,gross disbursements,other official flows,,,,
2011,million eur,communications,gross disbursements,other official flows,,,,
2012,million eur,communications,gross disbursements,other official flows,,,,
2013,million eur,communications,gross disbursements,other official flows,,,,
2014,million eur,communications,gross disbursements,other official flows,,,,
2015,million eur,communications,gross disbursements,other official flows,,,,
2016,million eur,communications,gross disbursements,other official flows,,,,
2017,million eur,communications,gross disbursements,other official flows,,,,
2018,million eur,communications,gross disbursements,other official flows,,,,19.649
2019,million eur,communications,gross disbursements,other official flows,,,,28.006
2020,million eur,communications,gross disbursements,other official flows,,,,22.237
2021,million eur,communications,gross disbursements,other official flows,,,,20.82
2022,million eur,communications,gross disbursements,other official flows,,,,50.769
2023,million eur,communications,gross disbursements,other official flows,,,,
2024,million eur,communications,gross disbursements,other official flows,,,,
2010,million eur,energy,gross disbursements,other official flows,,,,
2011,million eur,energy,gross disbursements,other official flows,,,,
2012,million eur,energy,gross disbursements,other official flows,,,,
2013,million eur,energy,gross disbursements,other official flows,,,,
2014,million eur,energy,gross disbursements,other official flows,,,,
2015,million eur,energy,gross disbursements,other official flows,,,,
2016,million eur,energy,gross disbursements,other official flows,,,,
2017,million eur,energy,gross disbursements,other official flows,,,,
2018,million eur,energy,gross disbursements,other official flows,,,,154.328
2019,million eur,energy,gross disbursements,other official flows,,,,146.486
2020,million eur,energy,gross disbursements,other official flows,,,,94.567
2021,million eur,energy,gross disbursements,other official flows,,,,89.522
2022,million eur,energy,gross disbursements,other official flows,,,,176.929
2023,million eur,energy,gross disbursements,other official flows,,,,29.239
2024,million eur,energy,gross disbursements,other official flows,,,,141.034
2010,million eur,urban development and management,gross disbursements,other official flows,,,,
2011,million eur,urban development and management,gross disbursements,other official flows,,,,
2012,million eur,urban development and management,gross disbursements,other official flows,,,,
2013,million eur,urban development and management,gross disbursements,other official flows,,,,
2014,million eur,urban development and management,gross disbursements,other official flows,,,,
2015,million eur,urban development and management,gross disbursements,other official flows,,,,
2016,million eur,urban development and management,gross disbursements,other official flows,,,,
2017,million eur,urban development and management,gross disbursements,other official flows,,,,
2018,million eur,urban development and management,gross disbursements,other official flows,,,,
2019,million eur,urban development and management,gross disbursements,other official flows,,,,
2020,million eur,urban development and management,gross disbursements,other official flows,,,,
2021,million eur,urban development and management,gross disbursements,other official flows,,,,
2022,million eur,urban development and management,gross disbursements,other official flows,,,,
2023,million eur,urban development and management,gross disbursements,other official flows,,,,
2024,million eur,urban development and management,gross disbursements,other official flows,,,,
2010,"million usd, constant prices (2024)",water supply & sanitation,commitments,official development assistance,,,,869.6
2011,"million usd, constant prices (2024)",water supply & sanitation,commitments,official development assistance,,,,1134.247
2012,"million usd, constant prices (2024)",water supply & sanitation,commitments,official development assistance,,,,1606.788
2013,"million usd, constant prices (2024)",water supply & sanitation,commitments,official development assistance,,,,1176.723
2014,"million usd, constant prices (2024)",water supply & sanitation,commitments,official development assistance,,,,1000.918
2015,"million usd, constant prices (2024)",water supply & sanitation,commitments,official development assistance,,,,1207.87
2016,"million usd, constant prices (2024)",water supply & sanitation,commitments,official development assistance,,,,824.586
2017,"million usd, constant prices (2024)",water supply & sanitation,commitments,official development assistance,,,,1737.466
2018,"million usd, constant prices (2024)",water supply & sanitation,commitments,official development assistance,,,,1912.051
2019,"million usd, constant prices (2024)",water supply & sanitation,commitments,official development assistance,,,,1618.771
2020,"million usd, constant prices (2024)",water supply & sanitation,commitments,official development assistance,,,,1476.441
2021,"million usd, constant prices (2024)",water supply & sanitation,commitments,official development assistance,,,,1333.256
2022,"million usd, constant prices (2024)",water supply & sanitation,commitments,official development assistance,,,,1666.338
2023,"million usd, constant prices (2024)",water supply & sanitation,commitments,official development assistance,,,,779.028
2024,"million usd, constant prices (2024)",water supply & sanitation,commitments,official development assistance,,,,1507.27
2010,"million usd, constant prices (2024)",transport and storage,commitments,official development assistance,,,,564.193
2011,"million usd, constant prices (2024)",transport and storage,commitments,official development assistance,,,,97.399
2012,"million usd, constant prices (2024)",transport and storage,commitments,official development assistance,,,,114.575
2013,"million usd, constant prices (2024)",transport and storage,commitments,official development assistance,,,,334.893
2014,"million usd, constant prices (2024)",transport and storage,commitments,official development assistance,,,,198.888
2015,"million usd, constant prices (2024)",transport and storage,commitments,official development assistance,,,,943.996
2016,"million usd, constant prices (2024)",transport and storage,commitments,official development assistance,,,,1320.895
2017,"million usd, constant prices (2024)",transport and storage,commitments,official development assistance,,,,579.772
2018,"million usd, constant prices (2024)",transport and storage,commitments,official development assistance,,,,70.46
2019,"million usd, constant prices (2024)",transport and storage,commitments,official development assistance,,,,1050.299
2020,"million usd, constant prices (2024)",transport and storage,commitments,official development assistance,,,,1038.249
2021,"million usd, constant prices (2024)",transport and storage,commitments,official development assistance,,,,814.127
2022,"million usd, constant prices (2024)",transport and storage,commitments,official development assistance,,,,627.972
2023,"million usd, constant prices (2024)",transport and storage,commitments,official development assistance,,,,936.07
2024,"million usd, constant prices (2024)",transport and storage,commitments,official development assistance,,,,585.837
2010,"million usd, constant prices (2024)",communications,commitments,official development assistance,,,,28.496
2011,"million usd, constant prices (2024)",communications,commitments,official development assistance,,,,18.752
2012,"million usd, constant prices (2024)",communications,commitments,official development assistance,,,,13.597
2013,"million usd, constant prices (2024)",communications,commitments,official development assistance,,,,40.221
2014,"million usd, constant prices (2024)",communications,commitments,official development assistance,,,,78.621
2015,"million usd, constant prices (2024)",communications,commitments,official development assistance,,,,39.723
2016,"million usd, constant prices (2024)",communications,commitments,official development assistance,,,,17.672
2017,"million usd, constant prices (2024)",communications,commitments,official development assistance,,,,45.615
2018,"million usd, constant prices (2024)",communications,commitments,official development assistance,,,,16.099
2019,"million usd, constant prices (2024)",communications,commitments,official development assistance,,,,80.809
2020,"million usd, constant prices (2024)",communications,commitments,official development assistance,,,,51.805
2021,"million usd, constant prices (2024)",communications,commitments,official development assistance,,,,190.351
2022,"million usd, constant prices (2024)",communications,commitments,official development assistance,,,,105.403
2023,"million usd, constant prices (2024)",communications,commitments,official development assistance,,,,53.766
2024,"million usd, constant prices (2024)",communications,commitments,official development assistance,,,,42.11
2010,"million usd, constant prices (2024)",energy,commitments,official development assistance,,,,2781.474
2011,"million usd, constant prices (2024)",energy,commitments,official development assistance,,,,1688.966
2012,"million usd, constant prices (2024)",energy,commitments,official development assistance,,,,1558.734
2013,"million usd, constant prices (2024)",energy,commitments,official development assistance,,,,2316.795
2014,"million usd, constant prices (2024)",energy,commitments,official development assistance,,,,4275.099
2015,"million usd, constant prices (2024)",energy,commitments,official development assistance,,,,2827.148
2016,"million usd, constant prices (2024)",energy,commitments,official development assistance,,,,3254.353
2017,"million usd, constant prices (2024)",energy,commitments,official development assistance,,,,2987.308
2018,"million usd, constant prices (2024)",energy,commitments,official development assistance,,,,3956.833
2019,"million usd, constant prices (2024)",energy,commitments,official development assistance,,,,2656.445
2020,"million usd, constant prices (2024)",energy,commitments,official development assistance,,,,2073.329
2021,"million usd, constant prices (2024)",energy,commitments,official development assistance,,,,1793.827
2022,"million usd, constant prices (2024)",energy,commitments,official development assistance,,,,4240.013
2023,"million usd, constant prices (2024)",energy,commitments,official development assistance,,,,3435.059
2024,"million usd, constant prices (2024)",energy,commitments,official development assistance,,,,2149.622
2010,"million usd, constant prices (2024)",urban development and management,commitments,official development assistance,,,,79.57
2011,"million usd, constant prices (2024)",urban development and management,commitments,official development assistance,,,,474.754
2012,"million usd, constant prices (2024)",urban development and management,commitments,official development assistance,,,,73.073
2013,"million usd, constant prices (2024)",urban development and management,commitments,official development assistance,,,,198.97
2014,"million usd, constant prices (2024)",urban development and management,commitments,official development assistance,,,,74.643
2015,"million usd, constant prices (2024)",urban development and management,commitments,official development assistance,,,,128.363
2016,"million usd, constant prices (2024)",urban development and management,commitments,official development assistance,,,,634.98
2017,"million usd, constant prices (2024)",urban development and management,commitments,official development assistance,,,,281.808
2018,"million usd, constant prices (2024)",urban development and management,commitments,official development assistance,,,,291.157
2019,"million usd, constant prices (2024)",urban development and management,commitments,official development assistance,,,,371.764
2020,"million usd, constant prices (2024)",urban development and management,commitments,official development assistance,,,,451.152
2021,"million usd, constant prices (2024)",urban development and management,commitments,official development assistance,,,,173.541
2022,"million usd, constant prices (2024)",urban development and management,commitments,official development assistance,,,,961.605
2023,"million usd, constant prices (2024)",urban development and management,commitments,official development assistance,,,,488.2
2024,"million usd, constant prices (2024)",urban development and management,commitments,official development assistance,,,,148.674
2010,"million usd, constant prices (2024)",water supply & sanitation,gross disbursements,official development assistance,,,,689.39
2011,"million usd, constant prices (2024)",water supply & sanitation,gross disbursements,official development assistance,,,,750.302
2012,"million usd, constant prices (2024)",water supply & sanitation,gross disbursements,official development assistance,,,,672.966
2013,"million usd, constant prices (2024)",water supply & sanitation,gross disbursements,official development assistance,,,,718.382
2014,"million usd, constant prices (2024)",water supply & sanitation,gross disbursements,official development assistance,,,,987.449
2015,"million usd, constant prices (2024)",water supply & sanitation,gross disbursements,official development assistance,,,,1044.745
2016,"million usd, constant prices (2024)",water supply & sanitation,gross disbursements,official development assistance,,,,1037.405
2017,"million usd, constant prices (2024)",water supply & sanitation,gross disbursements,official development assistance,,,,1096.923
2018,"million usd, constant prices (2024)",water supply & sanitation,gross disbursements,official development assistance,,,,1130.546
2019,"million usd, constant prices (2024)",water supply & sanitation,gross disbursements,official development assistance,,,,1009.517
2020,"million usd, constant prices (2024)",water supply & sanitation,gross disbursements,official development assistance,,,,1072.627
2021,"million usd, constant prices (2024)",water supply & sanitation,gross disbursements,official development assistance,,,,922.089
2022,"million usd, constant prices (2024)",water supply & sanitation,gross disbursements,official development assistance,,,,917.616
2023,"million usd, constant prices (2024)",water supply & sanitation,gross disbursements,official development assistance,,,,988.529
2024,"million usd, constant prices (2024)",water supply & sanitation,gross disbursements,official development assistance,,,,1405.12
2010,"million usd, constant prices (2024)",transport and storage,gross disbursements,official development assistance,,,,206.013
2011,"million usd, constant prices (2024)",transport and storage,gross disbursements,official development assistance,,,,284.383
2012,"million usd, constant prices (2024)",transport and storage,gross disbursements,official development assistance,,,,244.446
2013,"million usd, constant prices (2024)",transport and storage,gross disbursements,official development assistance,,,,404.44
2014,"million usd, constant prices (2024)",transport and storage,gross disbursements,official development assistance,,,,152.315
2015,"million usd, constant prices (2024)",transport and storage,gross disbursements,official development assistance,,,,611.213
2016,"million usd, constant prices (2024)",transport and storage,gross disbursements,official development assistance,,,,527.931
2017,"million usd, constant prices (2024)",transport and storage,gross disbursements,official development assistance,,,,333.978
2018,"million usd, constant prices (2024)",transport and storage,gross disbursements,official development assistance,,,,369.738
2019,"million usd, constant prices (2024)",transport and storage,gross disbursements,official development assistance,,,,588.284
2020,"million usd, constant prices (2024)",transport and storage,gross disbursements,official development assistance,,,,450.913
2021,"million usd, constant prices (2024)",transport and storage,gross disbursements,official development assistance,,,,209.473
2022,"million usd, constant prices (2024)",transport and storage,gross disbursements,official development assistance,,,,294.658
2023,"million usd, constant prices (2024)",transport and storage,gross disbursements,official development assistance,,,,396.711
2024,"million usd, constant prices (2024)",transport and storage,gross disbursements,official development assistance,,,,488.272
2010,"million usd, constant prices (2024)",communications,gross disbursements,official development assistance,,,,31.532
2011,"million usd, constant prices (2024)",communications,gross disbursements,official development assistance,,,,11.787
2012,"million usd, constant prices (2024)",communications,gross disbursements,official development assistance,,,,8.186
2013,"million usd, constant prices (2024)",communications,gross disbursements,official development assistance,,,,33.474
2014,"million usd, constant prices (2024)",communications,gross disbursements,official development assistance,,,,82.019
2015,"million usd, constant prices (2024)",communications,gross disbursements,official development assistance,,,,35.585
2016,"million usd, constant prices (2024)",communications,gross disbursements,official development assistance,,,,19.391
2017,"million usd, constant prices (2024)",communications,gross disbursements,official development assistance,,,,37.084
2018,"million usd, constant prices (2024)",communications,gross disbursements,official development assistance,,,,12.068
2019,"million usd, constant prices (2024)",communications,gross disbursements,official development assistance,,,,38.205
2020,"million usd, constant prices (2024)",communications,gross disbursements,official development assistance,,,,47.476
2021,"million usd, constant prices (2024)",communications,gross disbursements,official development assistance,,,,86.297
2022,"million usd, constant prices (2024)",communications,gross disbursements,official development assistance,,,,97.851
2023,"million usd, constant prices (2024)",communications,gross disbursements,official development assistance,,,,61.774
2024,"million usd, constant prices (2024)",communications,gross disbursements,official development assistance,,,,54.514
2010,"million usd, constant prices (2024)",energy,gross disbursements,official development assistance,,,,1602.086
2011,"million usd, constant prices (2024)",energy,gross disbursements,official development assistance,,,,1357.594
2012,"million usd, constant prices (2024)",energy,gross disbursements,official development assistance,,,,917.829
2013,"million usd, constant prices (2024)",energy,gross disbursements,official development assistance,,,,1353.713
2014,"million usd, constant prices (2024)",energy,gross disbursements,official development assistance,,,,1756.429
2015,"million usd, constant prices (2024)",energy,gross disbursements,official development assistance,,,,2291.503
2016,"million usd, constant prices (2024)",energy,gross disbursements,official development assistance,,,,2370.165
2017,"million usd, constant prices (2024)",energy,gross disbursements,official development assistance,,,,2052.423
2018,"million usd, constant prices (2024)",energy,gross disbursements,official development assistance,,,,2119.853
2019,"million usd, constant prices (2024)",energy,gross disbursements,official development assistance,,,,2117.597
2020,"million usd, constant prices (2024)",energy,gross disbursements,official development assistance,,,,2051.442
2021,"million usd, constant prices (2024)",energy,gross disbursements,official development assistance,,,,1741.255
2022,"million usd, constant prices (2024)",energy,gross disbursements,official development assistance,,,,2365.598
2023,"million usd, constant prices (2024)",energy,gross disbursements,official development assistance,,,,2496.565
2024,"million usd, constant prices (2024)",energy,gross disbursements,official development assistance,,,,2880.6
2010,"million usd, constant prices (2024)",urban development and management,gross disbursements,official development assistance,,,,97.526
2011,"million usd, constant prices (2024)",urban development and management,gross disbursements,official development assistance,,,,133.736
2012,"million usd, constant prices (2024)",urban development and management,gross disbursements,official development assistance,,,,110.022
2013,"million usd, constant prices (2024)",urban development and management,gross disbursements,official development assistance,,,,71.161
2014,"million usd, constant prices (2024)",urban development and management,gross disbursements,official development assistance,,,,74.688
2015,"million usd, constant prices (2024)",urban development and management,gross disbursements,official development assistance,,,,91.947
2016,"million usd, constant prices (2024)",urban development and management,gross disbursements,official development assistance,,,,183.61
2017,"million usd, constant prices (2024)",urban development and management,gross disbursements,official development assistance,,,,210.296
2018,"million usd, constant prices (2024)",urban development and management,gross disbursements,official development assistance,,,,310.585
2019,"million usd, constant prices (2024)",urban development and management,gross disbursements,official development assistance,,,,287.276
2020,"million usd, constant prices (2024)",urban development and management,gross disbursements,official development assistance,,,,418.405
2021,"million usd, constant prices (2024)",urban development and management,gross disbursements,official development assistance,,,,325.772
2022,"million usd, constant prices (2024)",urban development and management,gross disbursements,official development assistance,,,,178.763
2023,"million usd, constant prices (2024)",urban development and management,gross disbursements,official development assistance,,,,142.07
2024,"million usd, constant prices (2024)",urban development and management,gross disbursements,official development assistance,,,,134.11
2010,"million usd, constant prices (2024)",water supply & sanitation,commitments,other official flows,,,,
2011,"million usd, constant prices (2024)",water supply & sanitation,commitments,other official flows,,,,
2012,"million usd, constant prices (2024)",water supply & sanitation,commitments,other official flows,,,,
2013,"million usd, constant prices (2024)",water supply & sanitation,commitments,other official flows,,,,
2014,"million usd, constant prices (2024)",water supply & sanitation,commitments,other official flows,,,,
2015,"million usd, constant prices (2024)",water supply & sanitation,commitments,other official flows,,,,
2016,"million usd, constant prices (2024)",water supply & sanitation,commitments,other official flows,,,,
2017,"million usd, constant prices (2024)",water supply & sanitation,commitments,other official flows,,,,
2018,"million usd, constant prices (2024)",water supply & sanitation,commitments,other official flows,,,,
2019,"million usd, constant prices (2024)",water supply & sanitation,commitments,other official flows,,,,45.262
2020,"million usd, constant prices (2024)",water supply & sanitation,commitments,other official flows,,,,103.785
2021,"million usd, constant prices (2024)",water supply & sanitation,commitments,other official flows,,,,
2022,"million usd, constant prices (2024)",water supply & sanitation,commitments,other official flows,,,,54.668
2023,"million usd, constant prices (2024)",water supply & sanitation,commitments,other official flows,,,,
2024,"million usd, constant prices (2024)",water supply & sanitation,commitments,other official flows,,,,
2010,"million usd, constant prices (2024)",transport and storage,commitments,other official flows,,,,
2011,"million usd, constant prices (2024)",transport and storage,commitments,other official flows,,,,
2012,"million usd, constant prices (2024)",transport and storage,commitments,other official flows,,,,
2013,"million usd, constant prices (2024)",transport and storage,commitments,other official flows,,,,
2014,"million usd, constant prices (2024)",transport and storage,commitments,other official flows,,,,
2015,"million usd, constant prices (2024)",transport and storage,commitments,other official flows,,,,
2016,"million usd, constant prices (2024)",transport and storage,commitments,other official flows,,,,
2017,"million usd, constant prices (2024)",transport and storage,commitments,other official flows,,,,
2018,"million usd, constant prices (2024)",transport and storage,commitments,other official flows,,,,97.639
2019,"million usd, constant prices (2024)",transport and storage,commitments,other official flows,,,,68.919
2020,"million usd, constant prices (2024)",transport and storage,commitments,other official flows,,,,24.535
2021,"million usd, constant prices (2024)",transport and storage,commitments,other official flows,,,,49.928
2022,"million usd, constant prices (2024)",transport and storage,commitments,other official flows,,,,46.996
2023,"million usd, constant prices (2024)",transport and storage,commitments,other official flows,,,,10.798
2024,"million usd, constant prices (2024)",transport and storage,commitments,other official flows,,,,
2010,"million usd, constant prices (2024)",communications,commitments,other official flows,,,,
2011,"million usd, constant prices (2024)",communications,commitments,other official flows,,,,
2012,"million usd, constant prices (2024)",communications,commitments,other official flows,,,,
2013,"million usd, constant prices (2024)",communications,commitments,other official flows,,,,
2014,"million usd, constant prices (2024)",communications,commitments,other official flows,,,,
2015,"million usd, constant prices (2024)",communications,commitments,other official flows,,,,
2016,"million usd, constant prices (2024)",communications,commitments,other official flows,,,,
2017,"million usd, constant prices (2024)",communications,commitments,other official flows,,,,
2018,"million usd, constant prices (2024)",communications,commitments,other official flows,,,,26.521
2019,"million usd, constant prices (2024)",communications,commitments,other official flows,,,,37.054
2020,"million usd, constant prices (2024)",communications,commitments,other official flows,,,,28.915
2021,"million usd, constant prices (2024)",communications,commitments,other official flows,,,,26.363
2022,"million usd, constant prices (2024)",communications,commitments,other official flows,,,,60.407
2023,"million usd, constant prices (2024)",communications,commitments,other official flows,,,,
2024,"million usd, constant prices (2024)",communications,commitments,other official flows,,,,
2010,"million usd, constant prices (2024)",energy,commitments,other official flows,,,,
2011,"million usd, constant prices (2024)",energy,commitments,other official flows,,,,
2012,"million usd, constant prices (2024)",energy,commitments,other official flows,,,,
2013,"million usd, constant prices (2024)",energy,commitments,other official flows,,,,
2014,"million usd, constant prices (2024)",energy,commitments,other official flows,,,,
2015,"million usd, constant prices (2024)",energy,commitments,other official flows,,,,
2016,"million usd, constant prices (2024)",energy,commitments,other official flows,,,,
2017,"million usd, constant prices (2024)",energy,commitments,other official flows,,,,
2018,"million usd, constant prices (2024)",energy,commitments,other official flows,,,,208.3
2019,"million usd, constant prices (2024)",energy,commitments,other official flows,,,,193.815
2020,"million usd, constant prices (2024)",energy,commitments,other official flows,,,,122.965
2021,"million usd, constant prices (2024)",energy,commitments,other official flows,,,,113.356
2022,"million usd, constant prices (2024)",energy,commitments,other official flows,,,,210.515
2023,"million usd, constant prices (2024)",energy,commitments,other official flows,,,,223.032
2024,"million usd, constant prices (2024)",energy,commitments,other official flows,,,,
2010,"million usd, constant prices (2024)",urban development and management,commitments,other official flows,,,,
2011,"million usd, constant prices (2024)",urban development and management,commitments,other official flows,,,,
2012,"million usd, constant prices (2024)",urban development and management,commitments,other official flows,,,,
2013,"million usd, constant prices (2024)",urban development and management,commitments,other official flows,,,,
2014,"million usd, constant prices (2024)",urban development and management,commitments,other official flows,,,,
2015,"million usd, constant prices (2024)",urban development and management,commitments,other official flows,,,,
2016,"million usd, constant prices (2024)",urban development and management,commitments,other official flows,,,,
2017,"million usd, constant prices (2024)",urban development and management,commitments,other official flows,,,,
2018,"million usd, constant prices (2024)",urban development and management,commitments,other official flows,,,,
2019,"million usd, constant prices (2024)",urban development and management,commitments,other official flows,,,,
2020,"million usd, constant prices (2024)",urban development and management,commitments,other official flows,,,,
2021,"million usd, constant prices (2024)",urban development and management,commitments,other official flows,,,,
2022,"million usd, constant prices (2024)",urban development and management,commitments,other official flows,,,,
2023,"million usd, constant prices (2024)",urban development and management,commitments,other official flows,,,,
2024,"million usd, constant prices (2024)",urban development and management,commitments,other official flows,,,,
2010,"million usd, constant prices (2024)",water supply & sanitation,gross disbursements,other official flows,,,,
2011,"million usd, constant prices (2024)",water supply & sanitation,gross disbursements,other official flows,,,,
2012,"million usd, constant prices (2024)",water supply & sanitation,gross disbursements,other official flows,,,,
2013,"million usd, constant prices (2024)",water supply & sanitation,gross disbursements,other official flows,,,,
2014,"million usd, constant prices (2024)",water supply & sanitation,gross disbursements,other official flows,,,,
2015,"million usd, constant prices (2024)",water supply & sanitation,gross disbursements,other official flows,,,,11.363
2016,"million usd, constant prices (2024)",water supply & sanitation,gross disbursements,other official flows,,,,8.005
2017,"million usd, constant prices (2024)",water supply & sanitation,gross disbursements,other official flows,,,,
2018,"million usd, constant prices (2024)",water supply & sanitation,gross disbursements,other official flows,,,,
2019,"million usd, constant prices (2024)",water supply & sanitation,gross disbursements,other official flows,,,,45.262
2020,"million usd, constant prices (2024)",water supply & sanitation,gross disbursements,other official flows,,,,103.785
2021,"million usd, constant prices (2024)",water supply & sanitation,gross disbursements,other official flows,,,,
2022,"million usd, constant prices (2024)",water supply & sanitation,gross disbursements,other official flows,,,,54.668
2023,"million usd, constant prices (2024)",water supply & sanitation,gross disbursements,other official flows,,,,
2024,"million usd, constant prices (2024)",water supply & sanitation,gross disbursements,other official flows,,,,
2010,"million usd, constant prices (2024)",transport and storage,gross disbursements,other official flows,,,,201.883
2011,"million usd, constant prices (2024)",transport and storage,gross disbursements,other official flows,,,,
2012,"million usd, constant prices (2024)",transport and storage,gross disbursements,other official flows,,,,118.668
2013,"million usd, constant prices (2024)",transport and storage,gross disbursements,other official flows,,,,72.711
2014,"million usd, constant prices (2024)",transport and storage,gross disbursements,other official flows,,,,13.777
2015,"million usd, constant prices (2024)",transport and storage,gross disbursements,other official flows,,,,
2016,"million usd, constant prices (2024)",transport and storage,gross disbursements,other official flows,,,,
2017,"million usd, constant prices (2024)",transport and storage,gross disbursements,other official flows,,,,
2018,"million usd, constant prices (2024)",transport and storage,gross disbursements,other official flows,,,,97.639
2019,"million usd, constant prices (2024)",transport and storage,gross disbursements,other official flows,,,,68.919
2020,"million usd, constant prices (2024)",transport and storage,gross disbursements,other official flows,,,,24.535
2021,"million usd, constant prices (2024)",transport and storage,gross disbursements,other official flows,,,,49.928
2022,"million usd, constant prices (2024)",transport and storage,gross disbursements,other official flows,,,,46.996
2023,"million usd, constant prices (2024)",transport and storage,gross disbursements,other official flows,,,,4.953
2024,"million usd, constant prices (2024)",transport and storage,gross disbursements,other official flows,,,,
2010,"million usd, constant prices (2024)",communications,gross disbursements,other official flows,,,,
2011,"million usd, constant prices (2024)",communications,gross disbursements,other official flows,,,,
2012,"million usd, constant prices (2024)",communications,gross disbursements,other official flows,,,,
2013,"million usd, constant prices (2024)",communications,gross disbursements,other official flows,,,,
2014,"million usd, constant prices (2024)",communications,gross disbursements,other official flows,,,,
2015,"million usd, constant prices (2024)",communications,gross disbursements,other official flows,,,,
2016,"million usd, constant prices (2024)",communications,gross disbursements,other official flows,,,,
2017,"million usd, constant prices (2024)",communications,gross disbursements,other official flows,,,,
2018,"million usd, constant prices (2024)",communications,gross disbursements,other official flows,,,,26.521
2019,"million usd, constant prices (2024)",communications,gross disbursements,other official flows,,,,37.054
2020,"million usd, constant prices (2024)",communications,gross disbursements,other official flows,,,,28.915
2021,"million usd, constant prices (2024)",communications,gross disbursements,other official flows,,,,26.363
2022,"million usd, constant prices (2024)",communications,gross disbursements,other official flows,,,,60.407
2023,"million usd, constant prices (2024)",communications,gross disbursements,other official flows,,,,
2024,"million usd, constant prices (2024)",communications,gross disbursements,other official flows,,,,
2010,"million usd, constant prices (2024)",energy,gross disbursements,other official flows,,,,
2011,"million usd, constant prices (2024)",energy,gross disbursements,other official flows,,,,
2012,"million usd, constant prices (2024)",energy,gross disbursements,other official flows,,,,
2013,"million usd, constant prices (2024)",energy,gross disbursements,other official flows,,,,
2014,"million usd, constant prices (2024)",energy,gross disbursements,other official flows,,,,
2015,"million usd, constant prices (2024)",energy,gross disbursements,other official flows,,,,
2016,"million usd, constant prices (2024)",energy,gross disbursements,other official flows,,,,
2017,"million usd, constant prices (2024)",energy,gross disbursements,other official flows,,,,
2018,"million usd, constant prices (2024)",energy,gross disbursements,other official flows,,,,208.3
2019,"million usd, constant prices (2024)",energy,gross disbursements,other official flows,,,,193.815
2020,"million usd, constant prices (2024)",energy,gross disbursements,other official flows,,,,122.965
2021,"million usd, constant prices (2024)",energy,gross disbursements,other official flows,,,,113.356
2022,"million usd, constant prices (2024)",energy,gross disbursements,other official flows,,,,210.515
2023,"million usd, constant prices (2024)",energy,gross disbursements,other official flows,,,,32.606
2024,"million usd, constant prices (2024)",energy,gross disbursements,other official flows,,,,152.536
2010,"million usd, constant prices (2024)",urban development and management,gross disbursements,other official flows,,,,
2011,"million usd, constant prices (2024)",urban development and management,gross disbursements,other official flows,,,,
2012,"million usd, constant prices (2024)",urban development and management,gross disbursements,other official flows,,,,
2013,"million usd, constant prices (2024)",urban development and management,gross disbursements,other official flows,,,,
2014,"million usd, constant prices (2024)",urban development and management,gross disbursements,other official flows,,,,
2015,"million usd, constant prices (2024)",urban development and management,gross disbursements,other official flows,,,,
2016,"million usd, constant prices (2024)",urban development and management,gross disbursements,other official flows,,,,
2017,"million usd, constant prices (2024)",urban development and management,gross disbursements,other official flows,,,,
2018,"million usd, constant prices (2024)",urban development and management,gross disbursements,other official flows,,,,
2019,"million usd, constant prices (2024)",urban development and management,gross disbursements,other official flows,,,,
2020,"million usd, constant prices (2024)",urban development and management,gross disbursements,other official flows,,,,
2021,"million usd, constant prices (2024)",urban development and management,gross disbursements,other official flows,,,,
2022,"million usd, constant prices (2024)",urban development and management,gross disbursements,other official flows,,,,
2023,"million usd, constant prices (2024)",urban development and management,gross disbursements,other official flows,,,,
2024,"million usd, constant prices (2024)",urban development and management,gross disbursements,other official flows,,,,
